company,subgroup,spec_id,base,window,direction,normalizer,peerset,weighting,rank_pct
CO-01,G1,0,revenue,latest,level,percentile,subgroup,equal,21.0526
CO-01,G1,0,revenue,latest,level,percentile,subgroup,env_led,36.8421
CO-01,G1,0,revenue,latest,level,percentile,subgroup,social_led,31.5789
CO-01,G1,0,revenue,latest,level,percentile,subgroup,finance_led,10.5263
CO-01,G1,1,revenue,latest,level,percentile,sector,equal,42.1053
CO-01,G1,1,revenue,latest,level,percentile,sector,env_led,42.1053
CO-01,G1,1,revenue,latest,level,percentile,sector,social_led,36.8421
CO-01,G1,1,revenue,latest,level,percentile,sector,finance_led,47.3684
CO-01,G1,2,revenue,latest,level,winsor_minmax,subgroup,equal,21.0526
CO-01,G1,2,revenue,latest,level,winsor_minmax,subgroup,env_led,26.3158
CO-01,G1,2,revenue,latest,level,winsor_minmax,subgroup,social_led,26.3158
CO-01,G1,2,revenue,latest,level,winsor_minmax,subgroup,finance_led,10.5263
CO-01,G1,3,revenue,latest,level,winsor_minmax,sector,equal,31.5789
CO-01,G1,3,revenue,latest,level,winsor_minmax,sector,env_led,36.8421
CO-01,G1,3,revenue,latest,level,winsor_minmax,sector,social_led,31.5789
CO-01,G1,3,revenue,latest,level,winsor_minmax,sector,finance_led,31.5789
CO-01,G1,4,revenue,latest,level,log_minmax,subgroup,equal,15.7895
CO-01,G1,4,revenue,latest,level,log_minmax,subgroup,env_led,21.0526
CO-01,G1,4,revenue,latest,level,log_minmax,subgroup,social_led,21.0526
CO-01,G1,4,revenue,latest,level,log_minmax,subgroup,finance_led,15.7895
CO-01,G1,5,revenue,latest,level,log_minmax,sector,equal,26.3158
CO-01,G1,5,revenue,latest,level,log_minmax,sector,env_led,31.5789
CO-01,G1,5,revenue,latest,level,log_minmax,sector,social_led,26.3158
CO-01,G1,5,revenue,latest,level,log_minmax,sector,finance_led,26.3158
CO-01,G1,6,revenue,latest,change,percentile,subgroup,equal,52.6316
CO-01,G1,6,revenue,latest,change,percentile,subgroup,env_led,57.8947
CO-01,G1,6,revenue,latest,change,percentile,subgroup,social_led,47.3684
CO-01,G1,6,revenue,latest,change,percentile,subgroup,finance_led,15.7895
CO-01,G1,7,revenue,latest,change,percentile,sector,equal,52.6316
CO-01,G1,7,revenue,latest,change,percentile,sector,env_led,57.8947
CO-01,G1,7,revenue,latest,change,percentile,sector,social_led,47.3684
CO-01,G1,7,revenue,latest,change,percentile,sector,finance_led,42.1053
CO-01,G1,8,revenue,latest,change,winsor_minmax,subgroup,equal,52.6316
CO-01,G1,8,revenue,latest,change,winsor_minmax,subgroup,env_led,57.8947
CO-01,G1,8,revenue,latest,change,winsor_minmax,subgroup,social_led,52.6316
CO-01,G1,8,revenue,latest,change,winsor_minmax,subgroup,finance_led,21.0526
CO-01,G1,9,revenue,latest,change,winsor_minmax,sector,equal,31.5789
CO-01,G1,9,revenue,latest,change,winsor_minmax,sector,env_led,47.3684
CO-01,G1,9,revenue,latest,change,winsor_minmax,sector,social_led,42.1053
CO-01,G1,9,revenue,latest,change,winsor_minmax,sector,finance_led,36.8421
CO-01,G1,10,revenue,latest,change,log_minmax,subgroup,equal,63.1579
CO-01,G1,10,revenue,latest,change,log_minmax,subgroup,env_led,68.4211
CO-01,G1,10,revenue,latest,change,log_minmax,subgroup,social_led,68.4211
CO-01,G1,10,revenue,latest,change,log_minmax,subgroup,finance_led,47.3684
CO-01,G1,11,revenue,latest,change,log_minmax,sector,equal,5.2632
CO-01,G1,11,revenue,latest,change,log_minmax,sector,env_led,10.5263
CO-01,G1,11,revenue,latest,change,log_minmax,sector,social_led,5.2632
CO-01,G1,11,revenue,latest,change,log_minmax,sector,finance_led,15.7895
CO-01,G1,12,revenue,mean3,level,percentile,subgroup,equal,42.1053
CO-01,G1,12,revenue,mean3,level,percentile,subgroup,env_led,47.3684
CO-01,G1,12,revenue,mean3,level,percentile,subgroup,social_led,31.5789
CO-01,G1,12,revenue,mean3,level,percentile,subgroup,finance_led,26.3158
CO-01,G1,13,revenue,mean3,level,percentile,sector,equal,36.8421
CO-01,G1,13,revenue,mean3,level,percentile,sector,env_led,36.8421
CO-01,G1,13,revenue,mean3,level,percentile,sector,social_led,36.8421
CO-01,G1,13,revenue,mean3,level,percentile,sector,finance_led,42.1053
CO-01,G1,14,revenue,mean3,level,winsor_minmax,subgroup,equal,31.5789
CO-01,G1,14,revenue,mean3,level,winsor_minmax,subgroup,env_led,31.5789
CO-01,G1,14,revenue,mean3,level,winsor_minmax,subgroup,social_led,31.5789
CO-01,G1,14,revenue,mean3,level,winsor_minmax,subgroup,finance_led,31.5789
CO-01,G1,15,revenue,mean3,level,winsor_minmax,sector,equal,36.8421
CO-01,G1,15,revenue,mean3,level,winsor_minmax,sector,env_led,31.5789
CO-01,G1,15,revenue,mean3,level,winsor_minmax,sector,social_led,36.8421
CO-01,G1,15,revenue,mean3,level,winsor_minmax,sector,finance_led,26.3158
CO-01,G1,16,revenue,mean3,level,log_minmax,subgroup,equal,31.5789
CO-01,G1,16,revenue,mean3,level,log_minmax,subgroup,env_led,31.5789
CO-01,G1,16,revenue,mean3,level,log_minmax,subgroup,social_led,36.8421
CO-01,G1,16,revenue,mean3,level,log_minmax,subgroup,finance_led,26.3158
CO-01,G1,17,revenue,mean3,level,log_minmax,sector,equal,36.8421
CO-01,G1,17,revenue,mean3,level,log_minmax,sector,env_led,31.5789
CO-01,G1,17,revenue,mean3,level,log_minmax,sector,social_led,36.8421
CO-01,G1,17,revenue,mean3,level,log_minmax,sector,finance_led,31.5789
CO-01,G1,18,revenue,mean3,change,percentile,subgroup,equal,31.5789
CO-01,G1,18,revenue,mean3,change,percentile,subgroup,env_led,47.3684
CO-01,G1,18,revenue,mean3,change,percentile,subgroup,social_led,31.5789
CO-01,G1,18,revenue,mean3,change,percentile,subgroup,finance_led,26.3158
CO-01,G1,19,revenue,mean3,change,percentile,sector,equal,47.3684
CO-01,G1,19,revenue,mean3,change,percentile,sector,env_led,52.6316
CO-01,G1,19,revenue,mean3,change,percentile,sector,social_led,42.1053
CO-01,G1,19,revenue,mean3,change,percentile,sector,finance_led,42.1053
CO-01,G1,20,revenue,mean3,change,winsor_minmax,subgroup,equal,15.7895
CO-01,G1,20,revenue,mean3,change,winsor_minmax,subgroup,env_led,26.3158
CO-01,G1,20,revenue,mean3,change,winsor_minmax,subgroup,social_led,21.0526
CO-01,G1,20,revenue,mean3,change,winsor_minmax,subgroup,finance_led,0.0
CO-01,G1,21,revenue,mean3,change,winsor_minmax,sector,equal,31.5789
CO-01,G1,21,revenue,mean3,change,winsor_minmax,sector,env_led,36.8421
CO-01,G1,21,revenue,mean3,change,winsor_minmax,sector,social_led,31.5789
CO-01,G1,21,revenue,mean3,change,winsor_minmax,sector,finance_led,31.5789
CO-01,G1,22,revenue,mean3,change,log_minmax,subgroup,equal,0.0
CO-01,G1,22,revenue,mean3,change,log_minmax,subgroup,env_led,5.2632
CO-01,G1,22,revenue,mean3,change,log_minmax,subgroup,social_led,0.0
CO-01,G1,22,revenue,mean3,change,log_minmax,subgroup,finance_led,0.0
CO-01,G1,23,revenue,mean3,change,log_minmax,sector,equal,10.5263
CO-01,G1,23,revenue,mean3,change,log_minmax,sector,env_led,26.3158
CO-01,G1,23,revenue,mean3,change,log_minmax,sector,social_led,10.5263
CO-01,G1,23,revenue,mean3,change,log_minmax,sector,finance_led,0.0
CO-01,G1,24,volume,latest,level,percentile,subgroup,equal,15.7895
CO-01,G1,24,volume,latest,level,percentile,subgroup,env_led,21.0526
CO-01,G1,24,volume,latest,level,percentile,subgroup,social_led,21.0526
CO-01,G1,24,volume,latest,level,percentile,subgroup,finance_led,10.5263
CO-01,G1,25,volume,latest,level,percentile,sector,equal,36.8421
CO-01,G1,25,volume,latest,level,percentile,sector,env_led,36.8421
CO-01,G1,25,volume,latest,level,percentile,sector,social_led,31.5789
CO-01,G1,25,volume,latest,level,percentile,sector,finance_led,47.3684
CO-01,G1,26,volume,latest,level,winsor_minmax,subgroup,equal,15.7895
CO-01,G1,26,volume,latest,level,winsor_minmax,subgroup,env_led,21.0526
CO-01,G1,26,volume,latest,level,winsor_minmax,subgroup,social_led,21.0526
CO-01,G1,26,volume,latest,level,winsor_minmax,subgroup,finance_led,10.5263
CO-01,G1,27,volume,latest,level,winsor_minmax,sector,equal,31.5789
CO-01,G1,27,volume,latest,level,winsor_minmax,sector,env_led,31.5789
CO-01,G1,27,volume,latest,level,winsor_minmax,sector,social_led,31.5789
CO-01,G1,27,volume,latest,level,winsor_minmax,sector,finance_led,26.3158
CO-01,G1,28,volume,latest,level,log_minmax,subgroup,equal,10.5263
CO-01,G1,28,volume,latest,level,log_minmax,subgroup,env_led,15.7895
CO-01,G1,28,volume,latest,level,log_minmax,subgroup,social_led,15.7895
CO-01,G1,28,volume,latest,level,log_minmax,subgroup,finance_led,26.3158
CO-01,G1,29,volume,latest,level,log_minmax,sector,equal,26.3158
CO-01,G1,29,volume,latest,level,log_minmax,sector,env_led,26.3158
CO-01,G1,29,volume,latest,level,log_minmax,sector,social_led,31.5789
CO-01,G1,29,volume,latest,level,log_minmax,sector,finance_led,26.3158
CO-01,G1,30,volume,latest,change,percentile,subgroup,equal,68.4211
CO-01,G1,30,volume,latest,change,percentile,subgroup,env_led,63.1579
CO-01,G1,30,volume,latest,change,percentile,subgroup,social_led,52.6316
CO-01,G1,30,volume,latest,change,percentile,subgroup,finance_led,78.9474
CO-01,G1,31,volume,latest,change,percentile,sector,equal,73.6842
CO-01,G1,31,volume,latest,change,percentile,sector,env_led,63.1579
CO-01,G1,31,volume,latest,change,percentile,sector,social_led,63.1579
CO-01,G1,31,volume,latest,change,percentile,sector,finance_led,78.9474
CO-01,G1,32,volume,latest,change,winsor_minmax,subgroup,equal,68.4211
CO-01,G1,32,volume,latest,change,winsor_minmax,subgroup,env_led,68.4211
CO-01,G1,32,volume,latest,change,winsor_minmax,subgroup,social_led,57.8947
CO-01,G1,32,volume,latest,change,winsor_minmax,subgroup,finance_led,68.4211
CO-01,G1,33,volume,latest,change,winsor_minmax,sector,equal,57.8947
CO-01,G1,33,volume,latest,change,winsor_minmax,sector,env_led,68.4211
CO-01,G1,33,volume,latest,change,winsor_minmax,sector,social_led,52.6316
CO-01,G1,33,volume,latest,change,winsor_minmax,sector,finance_led,57.8947
CO-01,G1,34,volume,latest,change,log_minmax,subgroup,equal,68.4211
CO-01,G1,34,volume,latest,change,log_minmax,subgroup,env_led,68.4211
CO-01,G1,34,volume,latest,change,log_minmax,subgroup,social_led,68.4211
CO-01,G1,34,volume,latest,change,log_minmax,subgroup,finance_led,78.9474
CO-01,G1,35,volume,latest,change,log_minmax,sector,equal,42.1053
CO-01,G1,35,volume,latest,change,log_minmax,sector,env_led,26.3158
CO-01,G1,35,volume,latest,change,log_minmax,sector,social_led,31.5789
CO-01,G1,35,volume,latest,change,log_minmax,sector,finance_led,47.3684
CO-01,G1,36,volume,mean3,level,percentile,subgroup,equal,31.5789
CO-01,G1,36,volume,mean3,level,percentile,subgroup,env_led,31.5789
CO-01,G1,36,volume,mean3,level,percentile,subgroup,social_led,26.3158
CO-01,G1,36,volume,mean3,level,percentile,subgroup,finance_led,57.8947
CO-01,G1,37,volume,mean3,level,percentile,sector,equal,31.5789
CO-01,G1,37,volume,mean3,level,percentile,sector,env_led,31.5789
CO-01,G1,37,volume,mean3,level,percentile,sector,social_led,31.5789
CO-01,G1,37,volume,mean3,level,percentile,sector,finance_led,42.1053
CO-01,G1,38,volume,mean3,level,winsor_minmax,subgroup,equal,26.3158
CO-01,G1,38,volume,mean3,level,winsor_minmax,subgroup,env_led,26.3158
CO-01,G1,38,volume,mean3,level,winsor_minmax,subgroup,social_led,21.0526
CO-01,G1,38,volume,mean3,level,winsor_minmax,subgroup,finance_led,31.5789
CO-01,G1,39,volume,mean3,level,winsor_minmax,sector,equal,36.8421
CO-01,G1,39,volume,mean3,level,winsor_minmax,sector,env_led,26.3158
CO-01,G1,39,volume,mean3,level,winsor_minmax,sector,social_led,36.8421
CO-01,G1,39,volume,mean3,level,winsor_minmax,sector,finance_led,31.5789
CO-01,G1,40,volume,mean3,level,log_minmax,subgroup,equal,26.3158
CO-01,G1,40,volume,mean3,level,log_minmax,subgroup,env_led,26.3158
CO-01,G1,40,volume,mean3,level,log_minmax,subgroup,social_led,26.3158
CO-01,G1,40,volume,mean3,level,log_minmax,subgroup,finance_led,31.5789
CO-01,G1,41,volume,mean3,level,log_minmax,sector,equal,36.8421
CO-01,G1,41,volume,mean3,level,log_minmax,sector,env_led,31.5789
CO-01,G1,41,volume,mean3,level,log_minmax,sector,social_led,36.8421
CO-01,G1,41,volume,mean3,level,log_minmax,sector,finance_led,31.5789
CO-01,G1,42,volume,mean3,change,percentile,subgroup,equal,47.3684
CO-01,G1,42,volume,mean3,change,percentile,subgroup,env_led,47.3684
CO-01,G1,42,volume,mean3,change,percentile,subgroup,social_led,31.5789
CO-01,G1,42,volume,mean3,change,percentile,subgroup,finance_led,57.8947
CO-01,G1,43,volume,mean3,change,percentile,sector,equal,52.6316
CO-01,G1,43,volume,mean3,change,percentile,sector,env_led,52.6316
CO-01,G1,43,volume,mean3,change,percentile,sector,social_led,47.3684
CO-01,G1,43,volume,mean3,change,percentile,sector,finance_led,84.2105
CO-01,G1,44,volume,mean3,change,winsor_minmax,subgroup,equal,21.0526
CO-01,G1,44,volume,mean3,change,winsor_minmax,subgroup,env_led,31.5789
CO-01,G1,44,volume,mean3,change,winsor_minmax,subgroup,social_led,21.0526
CO-01,G1,44,volume,mean3,change,winsor_minmax,subgroup,finance_led,21.0526
CO-01,G1,45,volume,mean3,change,winsor_minmax,sector,equal,36.8421
CO-01,G1,45,volume,mean3,change,winsor_minmax,sector,env_led,36.8421
CO-01,G1,45,volume,mean3,change,winsor_minmax,sector,social_led,31.5789
CO-01,G1,45,volume,mean3,change,winsor_minmax,sector,finance_led,47.3684
CO-01,G1,46,volume,mean3,change,log_minmax,subgroup,equal,15.7895
CO-01,G1,46,volume,mean3,change,log_minmax,subgroup,env_led,15.7895
CO-01,G1,46,volume,mean3,change,log_minmax,subgroup,social_led,10.5263
CO-01,G1,46,volume,mean3,change,log_minmax,subgroup,finance_led,42.1053
CO-01,G1,47,volume,mean3,change,log_minmax,sector,equal,26.3158
CO-01,G1,47,volume,mean3,change,log_minmax,sector,env_led,31.5789
CO-01,G1,47,volume,mean3,change,log_minmax,sector,social_led,26.3158
CO-01,G1,47,volume,mean3,change,log_minmax,sector,finance_led,36.8421
CO-01,G1,48,headcount,latest,level,percentile,subgroup,equal,10.5263
CO-01,G1,48,headcount,latest,level,percentile,subgroup,env_led,15.7895
CO-01,G1,48,headcount,latest,level,percentile,subgroup,social_led,21.0526
CO-01,G1,48,headcount,latest,level,percentile,subgroup,finance_led,5.2632
CO-01,G1,49,headcount,latest,level,percentile,sector,equal,42.1053
CO-01,G1,49,headcount,latest,level,percentile,sector,env_led,42.1053
CO-01,G1,49,headcount,latest,level,percentile,sector,social_led,36.8421
CO-01,G1,49,headcount,latest,level,percentile,sector,finance_led,52.6316
CO-01,G1,50,headcount,latest,level,winsor_minmax,subgroup,equal,15.7895
CO-01,G1,50,headcount,latest,level,winsor_minmax,subgroup,env_led,15.7895
CO-01,G1,50,headcount,latest,level,winsor_minmax,subgroup,social_led,15.7895
CO-01,G1,50,headcount,latest,level,winsor_minmax,subgroup,finance_led,5.2632
CO-01,G1,51,headcount,latest,level,winsor_minmax,sector,equal,31.5789
CO-01,G1,51,headcount,latest,level,winsor_minmax,sector,env_led,31.5789
CO-01,G1,51,headcount,latest,level,winsor_minmax,sector,social_led,31.5789
CO-01,G1,51,headcount,latest,level,winsor_minmax,sector,finance_led,31.5789
CO-01,G1,52,headcount,latest,level,log_minmax,subgroup,equal,5.2632
CO-01,G1,52,headcount,latest,level,log_minmax,subgroup,env_led,10.5263
CO-01,G1,52,headcount,latest,level,log_minmax,subgroup,social_led,15.7895
CO-01,G1,52,headcount,latest,level,log_minmax,subgroup,finance_led,21.0526
CO-01,G1,53,headcount,latest,level,log_minmax,sector,equal,31.5789
CO-01,G1,53,headcount,latest,level,log_minmax,sector,env_led,21.0526
CO-01,G1,53,headcount,latest,level,log_minmax,sector,social_led,36.8421
CO-01,G1,53,headcount,latest,level,log_minmax,sector,finance_led,26.3158
CO-01,G1,54,headcount,latest,change,percentile,subgroup,equal,57.8947
CO-01,G1,54,headcount,latest,change,percentile,subgroup,env_led,57.8947
CO-01,G1,54,headcount,latest,change,percentile,subgroup,social_led,52.6316
CO-01,G1,54,headcount,latest,change,percentile,subgroup,finance_led,52.6316
CO-01,G1,55,headcount,latest,change,percentile,sector,equal,63.1579
CO-01,G1,55,headcount,latest,change,percentile,sector,env_led,57.8947
CO-01,G1,55,headcount,latest,change,percentile,sector,social_led,47.3684
CO-01,G1,55,headcount,latest,change,percentile,sector,finance_led,73.6842
CO-01,G1,56,headcount,latest,change,winsor_minmax,subgroup,equal,52.6316
CO-01,G1,56,headcount,latest,change,winsor_minmax,subgroup,env_led,68.4211
CO-01,G1,56,headcount,latest,change,winsor_minmax,subgroup,social_led,57.8947
CO-01,G1,56,headcount,latest,change,winsor_minmax,subgroup,finance_led,52.6316
CO-01,G1,57,headcount,latest,change,winsor_minmax,sector,equal,52.6316
CO-01,G1,57,headcount,latest,change,winsor_minmax,sector,env_led,52.6316
CO-01,G1,57,headcount,latest,change,winsor_minmax,sector,social_led,52.6316
CO-01,G1,57,headcount,latest,change,winsor_minmax,sector,finance_led,57.8947
CO-01,G1,58,headcount,latest,change,log_minmax,subgroup,equal,68.4211
CO-01,G1,58,headcount,latest,change,log_minmax,subgroup,env_led,68.4211
CO-01,G1,58,headcount,latest,change,log_minmax,subgroup,social_led,63.1579
CO-01,G1,58,headcount,latest,change,log_minmax,subgroup,finance_led,63.1579
CO-01,G1,59,headcount,latest,change,log_minmax,sector,equal,21.0526
CO-01,G1,59,headcount,latest,change,log_minmax,sector,env_led,15.7895
CO-01,G1,59,headcount,latest,change,log_minmax,sector,social_led,26.3158
CO-01,G1,59,headcount,latest,change,log_minmax,sector,finance_led,36.8421
CO-01,G1,60,headcount,mean3,level,percentile,subgroup,equal,15.7895
CO-01,G1,60,headcount,mean3,level,percentile,subgroup,env_led,15.7895
CO-01,G1,60,headcount,mean3,level,percentile,subgroup,social_led,21.0526
CO-01,G1,60,headcount,mean3,level,percentile,subgroup,finance_led,15.7895
CO-01,G1,61,headcount,mean3,level,percentile,sector,equal,36.8421
CO-01,G1,61,headcount,mean3,level,percentile,sector,env_led,21.0526
CO-01,G1,61,headcount,mean3,level,percentile,sector,social_led,31.5789
CO-01,G1,61,headcount,mean3,level,percentile,sector,finance_led,36.8421
CO-01,G1,62,headcount,mean3,level,winsor_minmax,subgroup,equal,21.0526
CO-01,G1,62,headcount,mean3,level,winsor_minmax,subgroup,env_led,15.7895
CO-01,G1,62,headcount,mean3,level,winsor_minmax,subgroup,social_led,21.0526
CO-01,G1,62,headcount,mean3,level,winsor_minmax,subgroup,finance_led,15.7895
CO-01,G1,63,headcount,mean3,level,winsor_minmax,sector,equal,21.0526
CO-01,G1,63,headcount,mean3,level,winsor_minmax,sector,env_led,21.0526
CO-01,G1,63,headcount,mean3,level,winsor_minmax,sector,social_led,31.5789
CO-01,G1,63,headcount,mean3,level,winsor_minmax,sector,finance_led,36.8421
CO-01,G1,64,headcount,mean3,level,log_minmax,subgroup,equal,10.5263
CO-01,G1,64,headcount,mean3,level,log_minmax,subgroup,env_led,15.7895
CO-01,G1,64,headcount,mean3,level,log_minmax,subgroup,social_led,21.0526
CO-01,G1,64,headcount,mean3,level,log_minmax,subgroup,finance_led,15.7895
CO-01,G1,65,headcount,mean3,level,log_minmax,sector,equal,42.1053
CO-01,G1,65,headcount,mean3,level,log_minmax,sector,env_led,26.3158
CO-01,G1,65,headcount,mean3,level,log_minmax,sector,social_led,36.8421
CO-01,G1,65,headcount,mean3,level,log_minmax,sector,finance_led,42.1053
CO-01,G1,66,headcount,mean3,change,percentile,subgroup,equal,47.3684
CO-01,G1,66,headcount,mean3,change,percentile,subgroup,env_led,47.3684
CO-01,G1,66,headcount,mean3,change,percentile,subgroup,social_led,36.8421
CO-01,G1,66,headcount,mean3,change,percentile,subgroup,finance_led,42.1053
CO-01,G1,67,headcount,mean3,change,percentile,sector,equal,52.6316
CO-01,G1,67,headcount,mean3,change,percentile,sector,env_led,52.6316
CO-01,G1,67,headcount,mean3,change,percentile,sector,social_led,47.3684
CO-01,G1,67,headcount,mean3,change,percentile,sector,finance_led,57.8947
CO-01,G1,68,headcount,mean3,change,winsor_minmax,subgroup,equal,21.0526
CO-01,G1,68,headcount,mean3,change,winsor_minmax,subgroup,env_led,26.3158
CO-01,G1,68,headcount,mean3,change,winsor_minmax,subgroup,social_led,21.0526
CO-01,G1,68,headcount,mean3,change,winsor_minmax,subgroup,finance_led,15.7895
CO-01,G1,69,headcount,mean3,change,winsor_minmax,sector,equal,36.8421
CO-01,G1,69,headcount,mean3,change,winsor_minmax,sector,env_led,36.8421
CO-01,G1,69,headcount,mean3,change,winsor_minmax,sector,social_led,31.5789
CO-01,G1,69,headcount,mean3,change,winsor_minmax,sector,finance_led,36.8421
CO-01,G1,70,headcount,mean3,change,log_minmax,subgroup,equal,5.2632
CO-01,G1,70,headcount,mean3,change,log_minmax,subgroup,env_led,5.2632
CO-01,G1,70,headcount,mean3,change,log_minmax,subgroup,social_led,5.2632
CO-01,G1,70,headcount,mean3,change,log_minmax,subgroup,finance_led,15.7895
CO-01,G1,71,headcount,mean3,change,log_minmax,sector,equal,26.3158
CO-01,G1,71,headcount,mean3,change,log_minmax,sector,env_led,31.5789
CO-01,G1,71,headcount,mean3,change,log_minmax,sector,social_led,21.0526
CO-01,G1,71,headcount,mean3,change,log_minmax,sector,finance_led,15.7895
CO-02,G1,0,revenue,latest,level,percentile,subgroup,equal,10.5263
CO-02,G1,0,revenue,latest,level,percentile,subgroup,env_led,15.7895
CO-02,G1,0,revenue,latest,level,percentile,subgroup,social_led,5.2632
CO-02,G1,0,revenue,latest,level,percentile,subgroup,finance_led,15.7895
CO-02,G1,1,revenue,latest,level,percentile,sector,equal,21.0526
CO-02,G1,1,revenue,latest,level,percentile,sector,env_led,21.0526
CO-02,G1,1,revenue,latest,level,percentile,sector,social_led,21.0526
CO-02,G1,1,revenue,latest,level,percentile,sector,finance_led,21.0526
CO-02,G1,2,revenue,latest,level,winsor_minmax,subgroup,equal,10.5263
CO-02,G1,2,revenue,latest,level,winsor_minmax,subgroup,env_led,10.5263
CO-02,G1,2,revenue,latest,level,winsor_minmax,subgroup,social_led,5.2632
CO-02,G1,2,revenue,latest,level,winsor_minmax,subgroup,finance_led,15.7895
CO-02,G1,3,revenue,latest,level,winsor_minmax,sector,equal,21.0526
CO-02,G1,3,revenue,latest,level,winsor_minmax,sector,env_led,21.0526
CO-02,G1,3,revenue,latest,level,winsor_minmax,sector,social_led,21.0526
CO-02,G1,3,revenue,latest,level,winsor_minmax,sector,finance_led,26.3158
CO-02,G1,4,revenue,latest,level,log_minmax,subgroup,equal,21.0526
CO-02,G1,4,revenue,latest,level,log_minmax,subgroup,env_led,15.7895
CO-02,G1,4,revenue,latest,level,log_minmax,subgroup,social_led,10.5263
CO-02,G1,4,revenue,latest,level,log_minmax,subgroup,finance_led,36.8421
CO-02,G1,5,revenue,latest,level,log_minmax,sector,equal,10.5263
CO-02,G1,5,revenue,latest,level,log_minmax,sector,env_led,15.7895
CO-02,G1,5,revenue,latest,level,log_minmax,sector,social_led,15.7895
CO-02,G1,5,revenue,latest,level,log_minmax,sector,finance_led,15.7895
CO-02,G1,6,revenue,latest,change,percentile,subgroup,equal,5.2632
CO-02,G1,6,revenue,latest,change,percentile,subgroup,env_led,5.2632
CO-02,G1,6,revenue,latest,change,percentile,subgroup,social_led,5.2632
CO-02,G1,6,revenue,latest,change,percentile,subgroup,finance_led,52.6316
CO-02,G1,7,revenue,latest,change,percentile,sector,equal,36.8421
CO-02,G1,7,revenue,latest,change,percentile,sector,env_led,21.0526
CO-02,G1,7,revenue,latest,change,percentile,sector,social_led,26.3158
CO-02,G1,7,revenue,latest,change,percentile,sector,finance_led,84.2105
CO-02,G1,8,revenue,latest,change,winsor_minmax,subgroup,equal,10.5263
CO-02,G1,8,revenue,latest,change,winsor_minmax,subgroup,env_led,5.2632
CO-02,G1,8,revenue,latest,change,winsor_minmax,subgroup,social_led,0.0
CO-02,G1,8,revenue,latest,change,winsor_minmax,subgroup,finance_led,52.6316
CO-02,G1,9,revenue,latest,change,winsor_minmax,sector,equal,36.8421
CO-02,G1,9,revenue,latest,change,winsor_minmax,sector,env_led,26.3158
CO-02,G1,9,revenue,latest,change,winsor_minmax,sector,social_led,31.5789
CO-02,G1,9,revenue,latest,change,winsor_minmax,sector,finance_led,78.9474
CO-02,G1,10,revenue,latest,change,log_minmax,subgroup,equal,57.8947
CO-02,G1,10,revenue,latest,change,log_minmax,subgroup,env_led,21.0526
CO-02,G1,10,revenue,latest,change,log_minmax,subgroup,social_led,42.1053
CO-02,G1,10,revenue,latest,change,log_minmax,subgroup,finance_led,73.6842
CO-02,G1,11,revenue,latest,change,log_minmax,sector,equal,42.1053
CO-02,G1,11,revenue,latest,change,log_minmax,sector,env_led,5.2632
CO-02,G1,11,revenue,latest,change,log_minmax,sector,social_led,31.5789
CO-02,G1,11,revenue,latest,change,log_minmax,sector,finance_led,68.4211
CO-02,G1,12,revenue,mean3,level,percentile,subgroup,equal,15.7895
CO-02,G1,12,revenue,mean3,level,percentile,subgroup,env_led,15.7895
CO-02,G1,12,revenue,mean3,level,percentile,subgroup,social_led,15.7895
CO-02,G1,12,revenue,mean3,level,percentile,subgroup,finance_led,10.5263
CO-02,G1,13,revenue,mean3,level,percentile,sector,equal,21.0526
CO-02,G1,13,revenue,mean3,level,percentile,sector,env_led,21.0526
CO-02,G1,13,revenue,mean3,level,percentile,sector,social_led,21.0526
CO-02,G1,13,revenue,mean3,level,percentile,sector,finance_led,31.5789
CO-02,G1,14,revenue,mean3,level,winsor_minmax,subgroup,equal,15.7895
CO-02,G1,14,revenue,mean3,level,winsor_minmax,subgroup,env_led,15.7895
CO-02,G1,14,revenue,mean3,level,winsor_minmax,subgroup,social_led,15.7895
CO-02,G1,14,revenue,mean3,level,winsor_minmax,subgroup,finance_led,26.3158
CO-02,G1,15,revenue,mean3,level,winsor_minmax,sector,equal,26.3158
CO-02,G1,15,revenue,mean3,level,winsor_minmax,sector,env_led,26.3158
CO-02,G1,15,revenue,mean3,level,winsor_minmax,sector,social_led,26.3158
CO-02,G1,15,revenue,mean3,level,winsor_minmax,sector,finance_led,36.8421
CO-02,G1,16,revenue,mean3,level,log_minmax,subgroup,equal,26.3158
CO-02,G1,16,revenue,mean3,level,log_minmax,subgroup,env_led,21.0526
CO-02,G1,16,revenue,mean3,level,log_minmax,subgroup,social_led,21.0526
CO-02,G1,16,revenue,mean3,level,log_minmax,subgroup,finance_led,57.8947
CO-02,G1,17,revenue,mean3,level,log_minmax,sector,equal,21.0526
CO-02,G1,17,revenue,mean3,level,log_minmax,sector,env_led,26.3158
CO-02,G1,17,revenue,mean3,level,log_minmax,sector,social_led,26.3158
CO-02,G1,17,revenue,mean3,level,log_minmax,sector,finance_led,26.3158
CO-02,G1,18,revenue,mean3,change,percentile,subgroup,equal,10.5263
CO-02,G1,18,revenue,mean3,change,percentile,subgroup,env_led,5.2632
CO-02,G1,18,revenue,mean3,change,percentile,subgroup,social_led,5.2632
CO-02,G1,18,revenue,mean3,change,percentile,subgroup,finance_led,15.7895
CO-02,G1,19,revenue,mean3,change,percentile,sector,equal,21.0526
CO-02,G1,19,revenue,mean3,change,percentile,sector,env_led,21.0526
CO-02,G1,19,revenue,mean3,change,percentile,sector,social_led,26.3158
CO-02,G1,19,revenue,mean3,change,percentile,sector,finance_led,21.0526
CO-02,G1,20,revenue,mean3,change,winsor_minmax,subgroup,equal,10.5263
CO-02,G1,20,revenue,mean3,change,winsor_minmax,subgroup,env_led,10.5263
CO-02,G1,20,revenue,mean3,change,winsor_minmax,subgroup,social_led,10.5263
CO-02,G1,20,revenue,mean3,change,winsor_minmax,subgroup,finance_led,21.0526
CO-02,G1,21,revenue,mean3,change,winsor_minmax,sector,equal,26.3158
CO-02,G1,21,revenue,mean3,change,winsor_minmax,sector,env_led,21.0526
CO-02,G1,21,revenue,mean3,change,winsor_minmax,sector,social_led,26.3158
CO-02,G1,21,revenue,mean3,change,winsor_minmax,sector,finance_led,26.3158
CO-02,G1,22,revenue,mean3,change,log_minmax,subgroup,equal,63.1579
CO-02,G1,22,revenue,mean3,change,log_minmax,subgroup,env_led,36.8421
CO-02,G1,22,revenue,mean3,change,log_minmax,subgroup,social_led,52.6316
CO-02,G1,22,revenue,mean3,change,log_minmax,subgroup,finance_led,78.9474
CO-02,G1,23,revenue,mean3,change,log_minmax,sector,equal,15.7895
CO-02,G1,23,revenue,mean3,change,log_minmax,sector,env_led,15.7895
CO-02,G1,23,revenue,mean3,change,log_minmax,sector,social_led,21.0526
CO-02,G1,23,revenue,mean3,change,log_minmax,sector,finance_led,15.7895
CO-02,G1,24,volume,latest,level,percentile,subgroup,equal,5.2632
CO-02,G1,24,volume,latest,level,percentile,subgroup,env_led,0.0
CO-02,G1,24,volume,latest,level,percentile,subgroup,social_led,0.0
CO-02,G1,24,volume,latest,level,percentile,subgroup,finance_led,5.2632
CO-02,G1,25,volume,latest,level,percentile,sector,equal,26.3158
CO-02,G1,25,volume,latest,level,percentile,sector,env_led,21.0526
CO-02,G1,25,volume,latest,level,percentile,sector,social_led,26.3158
CO-02,G1,25,volume,latest,level,percentile,sector,finance_led,26.3158
CO-02,G1,26,volume,latest,level,winsor_minmax,subgroup,equal,0.0
CO-02,G1,26,volume,latest,level,winsor_minmax,subgroup,env_led,0.0
CO-02,G1,26,volume,latest,level,winsor_minmax,subgroup,social_led,0.0
CO-02,G1,26,volume,latest,level,winsor_minmax,subgroup,finance_led,5.2632
CO-02,G1,27,volume,latest,level,winsor_minmax,sector,equal,15.7895
CO-02,G1,27,volume,latest,level,winsor_minmax,sector,env_led,21.0526
CO-02,G1,27,volume,latest,level,winsor_minmax,sector,social_led,21.0526
CO-02,G1,27,volume,latest,level,winsor_minmax,sector,finance_led,15.7895
CO-02,G1,28,volume,latest,level,log_minmax,subgroup,equal,5.2632
CO-02,G1,28,volume,latest,level,log_minmax,subgroup,env_led,5.2632
CO-02,G1,28,volume,latest,level,log_minmax,subgroup,social_led,5.2632
CO-02,G1,28,volume,latest,level,log_minmax,subgroup,finance_led,42.1053
CO-02,G1,29,volume,latest,level,log_minmax,sector,equal,5.2632
CO-02,G1,29,volume,latest,level,log_minmax,sector,env_led,15.7895
CO-02,G1,29,volume,latest,level,log_minmax,sector,social_led,15.7895
CO-02,G1,29,volume,latest,level,log_minmax,sector,finance_led,10.5263
CO-02,G1,30,volume,latest,change,percentile,subgroup,equal,0.0
CO-02,G1,30,volume,latest,change,percentile,subgroup,env_led,0.0
CO-02,G1,30,volume,latest,change,percentile,subgroup,social_led,0.0
CO-02,G1,30,volume,latest,change,percentile,subgroup,finance_led,0.0
CO-02,G1,31,volume,latest,change,percentile,sector,equal,31.5789
CO-02,G1,31,volume,latest,change,percentile,sector,env_led,21.0526
CO-02,G1,31,volume,latest,change,percentile,sector,social_led,26.3158
CO-02,G1,31,volume,latest,change,percentile,sector,finance_led,68.4211
CO-02,G1,32,volume,latest,change,winsor_minmax,subgroup,equal,0.0
CO-02,G1,32,volume,latest,change,winsor_minmax,subgroup,env_led,0.0
CO-02,G1,32,volume,latest,change,winsor_minmax,subgroup,social_led,0.0
CO-02,G1,32,volume,latest,change,winsor_minmax,subgroup,finance_led,0.0
CO-02,G1,33,volume,latest,change,winsor_minmax,sector,equal,42.1053
CO-02,G1,33,volume,latest,change,winsor_minmax,sector,env_led,21.0526
CO-02,G1,33,volume,latest,change,winsor_minmax,sector,social_led,42.1053
CO-02,G1,33,volume,latest,change,winsor_minmax,sector,finance_led,73.6842
CO-02,G1,34,volume,latest,change,log_minmax,subgroup,equal,5.2632
CO-02,G1,34,volume,latest,change,log_minmax,subgroup,env_led,0.0
CO-02,G1,34,volume,latest,change,log_minmax,subgroup,social_led,10.5263
CO-02,G1,34,volume,latest,change,log_minmax,subgroup,finance_led,15.7895
CO-02,G1,35,volume,latest,change,log_minmax,sector,equal,31.5789
CO-02,G1,35,volume,latest,change,log_minmax,sector,env_led,5.2632
CO-02,G1,35,volume,latest,change,log_minmax,sector,social_led,21.0526
CO-02,G1,35,volume,latest,change,log_minmax,sector,finance_led,57.8947
CO-02,G1,36,volume,mean3,level,percentile,subgroup,equal,10.5263
CO-02,G1,36,volume,mean3,level,percentile,subgroup,env_led,10.5263
CO-02,G1,36,volume,mean3,level,percentile,subgroup,social_led,10.5263
CO-02,G1,36,volume,mean3,level,percentile,subgroup,finance_led,5.2632
CO-02,G1,37,volume,mean3,level,percentile,sector,equal,26.3158
CO-02,G1,37,volume,mean3,level,percentile,sector,env_led,21.0526
CO-02,G1,37,volume,mean3,level,percentile,sector,social_led,26.3158
CO-02,G1,37,volume,mean3,level,percentile,sector,finance_led,31.5789
CO-02,G1,38,volume,mean3,level,winsor_minmax,subgroup,equal,10.5263
CO-02,G1,38,volume,mean3,level,winsor_minmax,subgroup,env_led,10.5263
CO-02,G1,38,volume,mean3,level,winsor_minmax,subgroup,social_led,10.5263
CO-02,G1,38,volume,mean3,level,winsor_minmax,subgroup,finance_led,21.0526
CO-02,G1,39,volume,mean3,level,winsor_minmax,sector,equal,31.5789
CO-02,G1,39,volume,mean3,level,winsor_minmax,sector,env_led,21.0526
CO-02,G1,39,volume,mean3,level,winsor_minmax,sector,social_led,31.5789
CO-02,G1,39,volume,mean3,level,winsor_minmax,sector,finance_led,36.8421
CO-02,G1,40,volume,mean3,level,log_minmax,subgroup,equal,21.0526
CO-02,G1,40,volume,mean3,level,log_minmax,subgroup,env_led,21.0526
CO-02,G1,40,volume,mean3,level,log_minmax,subgroup,social_led,15.7895
CO-02,G1,40,volume,mean3,level,log_minmax,subgroup,finance_led,47.3684
CO-02,G1,41,volume,mean3,level,log_minmax,sector,equal,31.5789
CO-02,G1,41,volume,mean3,level,log_minmax,sector,env_led,26.3158
CO-02,G1,41,volume,mean3,level,log_minmax,sector,social_led,31.5789
CO-02,G1,41,volume,mean3,level,log_minmax,sector,finance_led,26.3158
CO-02,G1,42,volume,mean3,change,percentile,subgroup,equal,5.2632
CO-02,G1,42,volume,mean3,change,percentile,subgroup,env_led,5.2632
CO-02,G1,42,volume,mean3,change,percentile,subgroup,social_led,15.7895
CO-02,G1,42,volume,mean3,change,percentile,subgroup,finance_led,0.0
CO-02,G1,43,volume,mean3,change,percentile,sector,equal,21.0526
CO-02,G1,43,volume,mean3,change,percentile,sector,env_led,21.0526
CO-02,G1,43,volume,mean3,change,percentile,sector,social_led,21.0526
CO-02,G1,43,volume,mean3,change,percentile,sector,finance_led,10.5263
CO-02,G1,44,volume,mean3,change,winsor_minmax,subgroup,equal,5.2632
CO-02,G1,44,volume,mean3,change,winsor_minmax,subgroup,env_led,5.2632
CO-02,G1,44,volume,mean3,change,winsor_minmax,subgroup,social_led,5.2632
CO-02,G1,44,volume,mean3,change,winsor_minmax,subgroup,finance_led,5.2632
CO-02,G1,45,volume,mean3,change,winsor_minmax,sector,equal,21.0526
CO-02,G1,45,volume,mean3,change,winsor_minmax,sector,env_led,21.0526
CO-02,G1,45,volume,mean3,change,winsor_minmax,sector,social_led,26.3158
CO-02,G1,45,volume,mean3,change,winsor_minmax,sector,finance_led,21.0526
CO-02,G1,46,volume,mean3,change,log_minmax,subgroup,equal,36.8421
CO-02,G1,46,volume,mean3,change,log_minmax,subgroup,env_led,10.5263
CO-02,G1,46,volume,mean3,change,log_minmax,subgroup,social_led,36.8421
CO-02,G1,46,volume,mean3,change,log_minmax,subgroup,finance_led,57.8947
CO-02,G1,47,volume,mean3,change,log_minmax,sector,equal,0.0
CO-02,G1,47,volume,mean3,change,log_minmax,sector,env_led,10.5263
CO-02,G1,47,volume,mean3,change,log_minmax,sector,social_led,10.5263
CO-02,G1,47,volume,mean3,change,log_minmax,sector,finance_led,5.2632
CO-02,G1,48,headcount,latest,level,percentile,subgroup,equal,15.7895
CO-02,G1,48,headcount,latest,level,percentile,subgroup,env_led,21.0526
CO-02,G1,48,headcount,latest,level,percentile,subgroup,social_led,10.5263
CO-02,G1,48,headcount,latest,level,percentile,subgroup,finance_led,26.3158
CO-02,G1,49,headcount,latest,level,percentile,sector,equal,31.5789
CO-02,G1,49,headcount,latest,level,percentile,sector,env_led,21.0526
CO-02,G1,49,headcount,latest,level,percentile,sector,social_led,21.0526
CO-02,G1,49,headcount,latest,level,percentile,sector,finance_led,31.5789
CO-02,G1,50,headcount,latest,level,winsor_minmax,subgroup,equal,10.5263
CO-02,G1,50,headcount,latest,level,winsor_minmax,subgroup,env_led,21.0526
CO-02,G1,50,headcount,latest,level,winsor_minmax,subgroup,social_led,0.0
CO-02,G1,50,headcount,latest,level,winsor_minmax,subgroup,finance_led,15.7895
CO-02,G1,51,headcount,latest,level,winsor_minmax,sector,equal,21.0526
CO-02,G1,51,headcount,latest,level,winsor_minmax,sector,env_led,15.7895
CO-02,G1,51,headcount,latest,level,winsor_minmax,sector,social_led,21.0526
CO-02,G1,51,headcount,latest,level,winsor_minmax,sector,finance_led,21.0526
CO-02,G1,52,headcount,latest,level,log_minmax,subgroup,equal,21.0526
CO-02,G1,52,headcount,latest,level,log_minmax,subgroup,env_led,21.0526
CO-02,G1,52,headcount,latest,level,log_minmax,subgroup,social_led,5.2632
CO-02,G1,52,headcount,latest,level,log_minmax,subgroup,finance_led,52.6316
CO-02,G1,53,headcount,latest,level,log_minmax,sector,equal,10.5263
CO-02,G1,53,headcount,latest,level,log_minmax,sector,env_led,15.7895
CO-02,G1,53,headcount,latest,level,log_minmax,sector,social_led,21.0526
CO-02,G1,53,headcount,latest,level,log_minmax,sector,finance_led,15.7895
CO-02,G1,54,headcount,latest,change,percentile,subgroup,equal,5.2632
CO-02,G1,54,headcount,latest,change,percentile,subgroup,env_led,5.2632
CO-02,G1,54,headcount,latest,change,percentile,subgroup,social_led,10.5263
CO-02,G1,54,headcount,latest,change,percentile,subgroup,finance_led,26.3158
CO-02,G1,55,headcount,latest,change,percentile,sector,equal,26.3158
CO-02,G1,55,headcount,latest,change,percentile,sector,env_led,21.0526
CO-02,G1,55,headcount,latest,change,percentile,sector,social_led,26.3158
CO-02,G1,55,headcount,latest,change,percentile,sector,finance_led,68.4211
CO-02,G1,56,headcount,latest,change,winsor_minmax,subgroup,equal,10.5263
CO-02,G1,56,headcount,latest,change,winsor_minmax,subgroup,env_led,5.2632
CO-02,G1,56,headcount,latest,change,winsor_minmax,subgroup,social_led,0.0
CO-02,G1,56,headcount,latest,change,winsor_minmax,subgroup,finance_led,57.8947
CO-02,G1,57,headcount,latest,change,winsor_minmax,sector,equal,42.1053
CO-02,G1,57,headcount,latest,change,winsor_minmax,sector,env_led,21.0526
CO-02,G1,57,headcount,latest,change,winsor_minmax,sector,social_led,36.8421
CO-02,G1,57,headcount,latest,change,winsor_minmax,sector,finance_led,78.9474
CO-02,G1,58,headcount,latest,change,log_minmax,subgroup,equal,36.8421
CO-02,G1,58,headcount,latest,change,log_minmax,subgroup,env_led,21.0526
CO-02,G1,58,headcount,latest,change,log_minmax,subgroup,social_led,26.3158
CO-02,G1,58,headcount,latest,change,log_minmax,subgroup,finance_led,57.8947
CO-02,G1,59,headcount,latest,change,log_minmax,sector,equal,36.8421
CO-02,G1,59,headcount,latest,change,log_minmax,sector,env_led,5.2632
CO-02,G1,59,headcount,latest,change,log_minmax,sector,social_led,21.0526
CO-02,G1,59,headcount,latest,change,log_minmax,sector,finance_led,63.1579
CO-02,G1,60,headcount,mean3,level,percentile,subgroup,equal,21.0526
CO-02,G1,60,headcount,mean3,level,percentile,subgroup,env_led,31.5789
CO-02,G1,60,headcount,mean3,level,percentile,subgroup,social_led,10.5263
CO-02,G1,60,headcount,mean3,level,percentile,subgroup,finance_led,26.3158
CO-02,G1,61,headcount,mean3,level,percentile,sector,equal,31.5789
CO-02,G1,61,headcount,mean3,level,percentile,sector,env_led,36.8421
CO-02,G1,61,headcount,mean3,level,percentile,sector,social_led,26.3158
CO-02,G1,61,headcount,mean3,level,percentile,sector,finance_led,47.3684
CO-02,G1,62,headcount,mean3,level,winsor_minmax,subgroup,equal,10.5263
CO-02,G1,62,headcount,mean3,level,winsor_minmax,subgroup,env_led,21.0526
CO-02,G1,62,headcount,mean3,level,winsor_minmax,subgroup,social_led,10.5263
CO-02,G1,62,headcount,mean3,level,winsor_minmax,subgroup,finance_led,21.0526
CO-02,G1,63,headcount,mean3,level,winsor_minmax,sector,equal,42.1053
CO-02,G1,63,headcount,mean3,level,winsor_minmax,sector,env_led,36.8421
CO-02,G1,63,headcount,mean3,level,winsor_minmax,sector,social_led,36.8421
CO-02,G1,63,headcount,mean3,level,winsor_minmax,sector,finance_led,47.3684
CO-02,G1,64,headcount,mean3,level,log_minmax,subgroup,equal,31.5789
CO-02,G1,64,headcount,mean3,level,log_minmax,subgroup,env_led,21.0526
CO-02,G1,64,headcount,mean3,level,log_minmax,subgroup,social_led,15.7895
CO-02,G1,64,headcount,mean3,level,log_minmax,subgroup,finance_led,52.6316
CO-02,G1,65,headcount,mean3,level,log_minmax,sector,equal,31.5789
CO-02,G1,65,headcount,mean3,level,log_minmax,sector,env_led,36.8421
CO-02,G1,65,headcount,mean3,level,log_minmax,sector,social_led,31.5789
CO-02,G1,65,headcount,mean3,level,log_minmax,sector,finance_led,26.3158
CO-02,G1,66,headcount,mean3,change,percentile,subgroup,equal,5.2632
CO-02,G1,66,headcount,mean3,change,percentile,subgroup,env_led,5.2632
CO-02,G1,66,headcount,mean3,change,percentile,subgroup,social_led,5.2632
CO-02,G1,66,headcount,mean3,change,percentile,subgroup,finance_led,10.5263
CO-02,G1,67,headcount,mean3,change,percentile,sector,equal,21.0526
CO-02,G1,67,headcount,mean3,change,percentile,sector,env_led,21.0526
CO-02,G1,67,headcount,mean3,change,percentile,sector,social_led,21.0526
CO-02,G1,67,headcount,mean3,change,percentile,sector,finance_led,21.0526
CO-02,G1,68,headcount,mean3,change,winsor_minmax,subgroup,equal,10.5263
CO-02,G1,68,headcount,mean3,change,winsor_minmax,subgroup,env_led,5.2632
CO-02,G1,68,headcount,mean3,change,winsor_minmax,subgroup,social_led,10.5263
CO-02,G1,68,headcount,mean3,change,winsor_minmax,subgroup,finance_led,10.5263
CO-02,G1,69,headcount,mean3,change,winsor_minmax,sector,equal,21.0526
CO-02,G1,69,headcount,mean3,change,winsor_minmax,sector,env_led,21.0526
CO-02,G1,69,headcount,mean3,change,winsor_minmax,sector,social_led,26.3158
CO-02,G1,69,headcount,mean3,change,winsor_minmax,sector,finance_led,21.0526
CO-02,G1,70,headcount,mean3,change,log_minmax,subgroup,equal,63.1579
CO-02,G1,70,headcount,mean3,change,log_minmax,subgroup,env_led,36.8421
CO-02,G1,70,headcount,mean3,change,log_minmax,subgroup,social_led,52.6316
CO-02,G1,70,headcount,mean3,change,log_minmax,subgroup,finance_led,78.9474
CO-02,G1,71,headcount,mean3,change,log_minmax,sector,equal,10.5263
CO-02,G1,71,headcount,mean3,change,log_minmax,sector,env_led,10.5263
CO-02,G1,71,headcount,mean3,change,log_minmax,sector,social_led,10.5263
CO-02,G1,71,headcount,mean3,change,log_minmax,sector,finance_led,10.5263
CO-03,G1,0,revenue,latest,level,percentile,subgroup,equal,57.8947
CO-03,G1,0,revenue,latest,level,percentile,subgroup,env_led,47.3684
CO-03,G1,0,revenue,latest,level,percentile,subgroup,social_led,57.8947
CO-03,G1,0,revenue,latest,level,percentile,subgroup,finance_led,68.4211
CO-03,G1,1,revenue,latest,level,percentile,sector,equal,36.8421
CO-03,G1,1,revenue,latest,level,percentile,sector,env_led,31.5789
CO-03,G1,1,revenue,latest,level,percentile,sector,social_led,47.3684
CO-03,G1,1,revenue,latest,level,percentile,sector,finance_led,31.5789
CO-03,G1,2,revenue,latest,level,winsor_minmax,subgroup,equal,31.5789
CO-03,G1,2,revenue,latest,level,winsor_minmax,subgroup,env_led,31.5789
CO-03,G1,2,revenue,latest,level,winsor_minmax,subgroup,social_led,42.1053
CO-03,G1,2,revenue,latest,level,winsor_minmax,subgroup,finance_led,73.6842
CO-03,G1,3,revenue,latest,level,winsor_minmax,sector,equal,36.8421
CO-03,G1,3,revenue,latest,level,winsor_minmax,sector,env_led,26.3158
CO-03,G1,3,revenue,latest,level,winsor_minmax,sector,social_led,47.3684
CO-03,G1,3,revenue,latest,level,winsor_minmax,sector,finance_led,42.1053
CO-03,G1,4,revenue,latest,level,log_minmax,subgroup,equal,52.6316
CO-03,G1,4,revenue,latest,level,log_minmax,subgroup,env_led,36.8421
CO-03,G1,4,revenue,latest,level,log_minmax,subgroup,social_led,57.8947
CO-03,G1,4,revenue,latest,level,log_minmax,subgroup,finance_led,57.8947
CO-03,G1,5,revenue,latest,level,log_minmax,sector,equal,31.5789
CO-03,G1,5,revenue,latest,level,log_minmax,sector,env_led,26.3158
CO-03,G1,5,revenue,latest,level,log_minmax,sector,social_led,47.3684
CO-03,G1,5,revenue,latest,level,log_minmax,sector,finance_led,31.5789
CO-03,G1,6,revenue,latest,change,percentile,subgroup,equal,10.5263
CO-03,G1,6,revenue,latest,change,percentile,subgroup,env_led,21.0526
CO-03,G1,6,revenue,latest,change,percentile,subgroup,social_led,26.3158
CO-03,G1,6,revenue,latest,change,percentile,subgroup,finance_led,0.0
CO-03,G1,7,revenue,latest,change,percentile,sector,equal,57.8947
CO-03,G1,7,revenue,latest,change,percentile,sector,env_led,52.6316
CO-03,G1,7,revenue,latest,change,percentile,sector,social_led,57.8947
CO-03,G1,7,revenue,latest,change,percentile,sector,finance_led,52.6316
CO-03,G1,8,revenue,latest,change,winsor_minmax,subgroup,equal,21.0526
CO-03,G1,8,revenue,latest,change,winsor_minmax,subgroup,env_led,26.3158
CO-03,G1,8,revenue,latest,change,winsor_minmax,subgroup,social_led,42.1053
CO-03,G1,8,revenue,latest,change,winsor_minmax,subgroup,finance_led,0.0
CO-03,G1,9,revenue,latest,change,winsor_minmax,sector,equal,68.4211
CO-03,G1,9,revenue,latest,change,winsor_minmax,sector,env_led,63.1579
CO-03,G1,9,revenue,latest,change,winsor_minmax,sector,social_led,73.6842
CO-03,G1,9,revenue,latest,change,winsor_minmax,sector,finance_led,47.3684
CO-03,G1,10,revenue,latest,change,log_minmax,subgroup,equal,42.1053
CO-03,G1,10,revenue,latest,change,log_minmax,subgroup,env_led,52.6316
CO-03,G1,10,revenue,latest,change,log_minmax,subgroup,social_led,57.8947
CO-03,G1,10,revenue,latest,change,log_minmax,subgroup,finance_led,21.0526
CO-03,G1,11,revenue,latest,change,log_minmax,sector,equal,57.8947
CO-03,G1,11,revenue,latest,change,log_minmax,sector,env_led,68.4211
CO-03,G1,11,revenue,latest,change,log_minmax,sector,social_led,84.2105
CO-03,G1,11,revenue,latest,change,log_minmax,sector,finance_led,52.6316
CO-03,G1,12,revenue,mean3,level,percentile,subgroup,equal,36.8421
CO-03,G1,12,revenue,mean3,level,percentile,subgroup,env_led,31.5789
CO-03,G1,12,revenue,mean3,level,percentile,subgroup,social_led,42.1053
CO-03,G1,12,revenue,mean3,level,percentile,subgroup,finance_led,47.3684
CO-03,G1,13,revenue,mean3,level,percentile,sector,equal,31.5789
CO-03,G1,13,revenue,mean3,level,percentile,sector,env_led,26.3158
CO-03,G1,13,revenue,mean3,level,percentile,sector,social_led,31.5789
CO-03,G1,13,revenue,mean3,level,percentile,sector,finance_led,21.0526
CO-03,G1,14,revenue,mean3,level,winsor_minmax,subgroup,equal,21.0526
CO-03,G1,14,revenue,mean3,level,winsor_minmax,subgroup,env_led,26.3158
CO-03,G1,14,revenue,mean3,level,winsor_minmax,subgroup,social_led,26.3158
CO-03,G1,14,revenue,mean3,level,winsor_minmax,subgroup,finance_led,21.0526
CO-03,G1,15,revenue,mean3,level,winsor_minmax,sector,equal,15.7895
CO-03,G1,15,revenue,mean3,level,winsor_minmax,sector,env_led,21.0526
CO-03,G1,15,revenue,mean3,level,winsor_minmax,sector,social_led,21.0526
CO-03,G1,15,revenue,mean3,level,winsor_minmax,sector,finance_led,15.7895
CO-03,G1,16,revenue,mean3,level,log_minmax,subgroup,equal,10.5263
CO-03,G1,16,revenue,mean3,level,log_minmax,subgroup,env_led,15.7895
CO-03,G1,16,revenue,mean3,level,log_minmax,subgroup,social_led,15.7895
CO-03,G1,16,revenue,mean3,level,log_minmax,subgroup,finance_led,21.0526
CO-03,G1,17,revenue,mean3,level,log_minmax,sector,equal,10.5263
CO-03,G1,17,revenue,mean3,level,log_minmax,sector,env_led,15.7895
CO-03,G1,17,revenue,mean3,level,log_minmax,sector,social_led,10.5263
CO-03,G1,17,revenue,mean3,level,log_minmax,sector,finance_led,10.5263
CO-03,G1,18,revenue,mean3,change,percentile,subgroup,equal,42.1053
CO-03,G1,18,revenue,mean3,change,percentile,subgroup,env_led,31.5789
CO-03,G1,18,revenue,mean3,change,percentile,subgroup,social_led,47.3684
CO-03,G1,18,revenue,mean3,change,percentile,subgroup,finance_led,31.5789
CO-03,G1,19,revenue,mean3,change,percentile,sector,equal,52.6316
CO-03,G1,19,revenue,mean3,change,percentile,sector,env_led,47.3684
CO-03,G1,19,revenue,mean3,change,percentile,sector,social_led,52.6316
CO-03,G1,19,revenue,mean3,change,percentile,sector,finance_led,47.3684
CO-03,G1,20,revenue,mean3,change,winsor_minmax,subgroup,equal,31.5789
CO-03,G1,20,revenue,mean3,change,winsor_minmax,subgroup,env_led,31.5789
CO-03,G1,20,revenue,mean3,change,winsor_minmax,subgroup,social_led,36.8421
CO-03,G1,20,revenue,mean3,change,winsor_minmax,subgroup,finance_led,15.7895
CO-03,G1,21,revenue,mean3,change,winsor_minmax,sector,equal,47.3684
CO-03,G1,21,revenue,mean3,change,winsor_minmax,sector,env_led,42.1053
CO-03,G1,21,revenue,mean3,change,winsor_minmax,sector,social_led,63.1579
CO-03,G1,21,revenue,mean3,change,winsor_minmax,sector,finance_led,57.8947
CO-03,G1,22,revenue,mean3,change,log_minmax,subgroup,equal,21.0526
CO-03,G1,22,revenue,mean3,change,log_minmax,subgroup,env_led,15.7895
CO-03,G1,22,revenue,mean3,change,log_minmax,subgroup,social_led,31.5789
CO-03,G1,22,revenue,mean3,change,log_minmax,subgroup,finance_led,21.0526
CO-03,G1,23,revenue,mean3,change,log_minmax,sector,equal,36.8421
CO-03,G1,23,revenue,mean3,change,log_minmax,sector,env_led,42.1053
CO-03,G1,23,revenue,mean3,change,log_minmax,sector,social_led,47.3684
CO-03,G1,23,revenue,mean3,change,log_minmax,sector,finance_led,31.5789
CO-03,G1,24,volume,latest,level,percentile,subgroup,equal,63.1579
CO-03,G1,24,volume,latest,level,percentile,subgroup,env_led,68.4211
CO-03,G1,24,volume,latest,level,percentile,subgroup,social_led,57.8947
CO-03,G1,24,volume,latest,level,percentile,subgroup,finance_led,57.8947
CO-03,G1,25,volume,latest,level,percentile,sector,equal,47.3684
CO-03,G1,25,volume,latest,level,percentile,sector,env_led,47.3684
CO-03,G1,25,volume,latest,level,percentile,sector,social_led,47.3684
CO-03,G1,25,volume,latest,level,percentile,sector,finance_led,42.1053
CO-03,G1,26,volume,latest,level,winsor_minmax,subgroup,equal,52.6316
CO-03,G1,26,volume,latest,level,winsor_minmax,subgroup,env_led,57.8947
CO-03,G1,26,volume,latest,level,winsor_minmax,subgroup,social_led,47.3684
CO-03,G1,26,volume,latest,level,winsor_minmax,subgroup,finance_led,57.8947
CO-03,G1,27,volume,latest,level,winsor_minmax,sector,equal,47.3684
CO-03,G1,27,volume,latest,level,winsor_minmax,sector,env_led,47.3684
CO-03,G1,27,volume,latest,level,winsor_minmax,sector,social_led,52.6316
CO-03,G1,27,volume,latest,level,winsor_minmax,sector,finance_led,42.1053
CO-03,G1,28,volume,latest,level,log_minmax,subgroup,equal,63.1579
CO-03,G1,28,volume,latest,level,log_minmax,subgroup,env_led,68.4211
CO-03,G1,28,volume,latest,level,log_minmax,subgroup,social_led,63.1579
CO-03,G1,28,volume,latest,level,log_minmax,subgroup,finance_led,36.8421
CO-03,G1,29,volume,latest,level,log_minmax,sector,equal,47.3684
CO-03,G1,29,volume,latest,level,log_minmax,sector,env_led,42.1053
CO-03,G1,29,volume,latest,level,log_minmax,sector,social_led,52.6316
CO-03,G1,29,volume,latest,level,log_minmax,sector,finance_led,42.1053
CO-03,G1,30,volume,latest,change,percentile,subgroup,equal,10.5263
CO-03,G1,30,volume,latest,change,percentile,subgroup,env_led,21.0526
CO-03,G1,30,volume,latest,change,percentile,subgroup,social_led,15.7895
CO-03,G1,30,volume,latest,change,percentile,subgroup,finance_led,5.2632
CO-03,G1,31,volume,latest,change,percentile,sector,equal,52.6316
CO-03,G1,31,volume,latest,change,percentile,sector,env_led,52.6316
CO-03,G1,31,volume,latest,change,percentile,sector,social_led,57.8947
CO-03,G1,31,volume,latest,change,percentile,sector,finance_led,57.8947
CO-03,G1,32,volume,latest,change,winsor_minmax,subgroup,equal,21.0526
CO-03,G1,32,volume,latest,change,winsor_minmax,subgroup,env_led,26.3158
CO-03,G1,32,volume,latest,change,winsor_minmax,subgroup,social_led,36.8421
CO-03,G1,32,volume,latest,change,winsor_minmax,subgroup,finance_led,5.2632
CO-03,G1,33,volume,latest,change,winsor_minmax,sector,equal,68.4211
CO-03,G1,33,volume,latest,change,winsor_minmax,sector,env_led,57.8947
CO-03,G1,33,volume,latest,change,winsor_minmax,sector,social_led,68.4211
CO-03,G1,33,volume,latest,change,winsor_minmax,sector,finance_led,52.6316
CO-03,G1,34,volume,latest,change,log_minmax,subgroup,equal,47.3684
CO-03,G1,34,volume,latest,change,log_minmax,subgroup,env_led,47.3684
CO-03,G1,34,volume,latest,change,log_minmax,subgroup,social_led,57.8947
CO-03,G1,34,volume,latest,change,log_minmax,subgroup,finance_led,31.5789
CO-03,G1,35,volume,latest,change,log_minmax,sector,equal,63.1579
CO-03,G1,35,volume,latest,change,log_minmax,sector,env_led,57.8947
CO-03,G1,35,volume,latest,change,log_minmax,sector,social_led,84.2105
CO-03,G1,35,volume,latest,change,log_minmax,sector,finance_led,52.6316
CO-03,G1,36,volume,mean3,level,percentile,subgroup,equal,57.8947
CO-03,G1,36,volume,mean3,level,percentile,subgroup,env_led,57.8947
CO-03,G1,36,volume,mean3,level,percentile,subgroup,social_led,57.8947
CO-03,G1,36,volume,mean3,level,percentile,subgroup,finance_led,36.8421
CO-03,G1,37,volume,mean3,level,percentile,sector,equal,36.8421
CO-03,G1,37,volume,mean3,level,percentile,sector,env_led,42.1053
CO-03,G1,37,volume,mean3,level,percentile,sector,social_led,36.8421
CO-03,G1,37,volume,mean3,level,percentile,sector,finance_led,15.7895
CO-03,G1,38,volume,mean3,level,winsor_minmax,subgroup,equal,36.8421
CO-03,G1,38,volume,mean3,level,winsor_minmax,subgroup,env_led,36.8421
CO-03,G1,38,volume,mean3,level,winsor_minmax,subgroup,social_led,36.8421
CO-03,G1,38,volume,mean3,level,winsor_minmax,subgroup,finance_led,26.3158
CO-03,G1,39,volume,mean3,level,winsor_minmax,sector,equal,26.3158
CO-03,G1,39,volume,mean3,level,winsor_minmax,sector,env_led,36.8421
CO-03,G1,39,volume,mean3,level,winsor_minmax,sector,social_led,26.3158
CO-03,G1,39,volume,mean3,level,winsor_minmax,sector,finance_led,21.0526
CO-03,G1,40,volume,mean3,level,log_minmax,subgroup,equal,36.8421
CO-03,G1,40,volume,mean3,level,log_minmax,subgroup,env_led,42.1053
CO-03,G1,40,volume,mean3,level,log_minmax,subgroup,social_led,31.5789
CO-03,G1,40,volume,mean3,level,log_minmax,subgroup,finance_led,21.0526
CO-03,G1,41,volume,mean3,level,log_minmax,sector,equal,15.7895
CO-03,G1,41,volume,mean3,level,log_minmax,sector,env_led,21.0526
CO-03,G1,41,volume,mean3,level,log_minmax,sector,social_led,15.7895
CO-03,G1,41,volume,mean3,level,log_minmax,sector,finance_led,21.0526
CO-03,G1,42,volume,mean3,change,percentile,subgroup,equal,31.5789
CO-03,G1,42,volume,mean3,change,percentile,subgroup,env_led,31.5789
CO-03,G1,42,volume,mean3,change,percentile,subgroup,social_led,36.8421
CO-03,G1,42,volume,mean3,change,percentile,subgroup,finance_led,26.3158
CO-03,G1,43,volume,mean3,change,percentile,sector,equal,47.3684
CO-03,G1,43,volume,mean3,change,percentile,sector,env_led,42.1053
CO-03,G1,43,volume,mean3,change,percentile,sector,social_led,52.6316
CO-03,G1,43,volume,mean3,change,percentile,sector,finance_led,47.3684
CO-03,G1,44,volume,mean3,change,winsor_minmax,subgroup,equal,26.3158
CO-03,G1,44,volume,mean3,change,winsor_minmax,subgroup,env_led,26.3158
CO-03,G1,44,volume,mean3,change,winsor_minmax,subgroup,social_led,36.8421
CO-03,G1,44,volume,mean3,change,winsor_minmax,subgroup,finance_led,15.7895
CO-03,G1,45,volume,mean3,change,winsor_minmax,sector,equal,47.3684
CO-03,G1,45,volume,mean3,change,winsor_minmax,sector,env_led,42.1053
CO-03,G1,45,volume,mean3,change,winsor_minmax,sector,social_led,57.8947
CO-03,G1,45,volume,mean3,change,winsor_minmax,sector,finance_led,63.1579
CO-03,G1,46,volume,mean3,change,log_minmax,subgroup,equal,31.5789
CO-03,G1,46,volume,mean3,change,log_minmax,subgroup,env_led,21.0526
CO-03,G1,46,volume,mean3,change,log_minmax,subgroup,social_led,47.3684
CO-03,G1,46,volume,mean3,change,log_minmax,subgroup,finance_led,31.5789
CO-03,G1,47,volume,mean3,change,log_minmax,sector,equal,36.8421
CO-03,G1,47,volume,mean3,change,log_minmax,sector,env_led,36.8421
CO-03,G1,47,volume,mean3,change,log_minmax,sector,social_led,47.3684
CO-03,G1,47,volume,mean3,change,log_minmax,sector,finance_led,31.5789
CO-03,G1,48,headcount,latest,level,percentile,subgroup,equal,57.8947
CO-03,G1,48,headcount,latest,level,percentile,subgroup,env_led,52.6316
CO-03,G1,48,headcount,latest,level,percentile,subgroup,social_led,57.8947
CO-03,G1,48,headcount,latest,level,percentile,subgroup,finance_led,36.8421
CO-03,G1,49,headcount,latest,level,percentile,sector,equal,47.3684
CO-03,G1,49,headcount,latest,level,percentile,sector,env_led,47.3684
CO-03,G1,49,headcount,latest,level,percentile,sector,social_led,47.3684
CO-03,G1,49,headcount,latest,level,percentile,sector,finance_led,36.8421
CO-03,G1,50,headcount,latest,level,winsor_minmax,subgroup,equal,42.1053
CO-03,G1,50,headcount,latest,level,winsor_minmax,subgroup,env_led,31.5789
CO-03,G1,50,headcount,latest,level,winsor_minmax,subgroup,social_led,42.1053
CO-03,G1,50,headcount,latest,level,winsor_minmax,subgroup,finance_led,47.3684
CO-03,G1,51,headcount,latest,level,winsor_minmax,sector,equal,47.3684
CO-03,G1,51,headcount,latest,level,winsor_minmax,sector,env_led,47.3684
CO-03,G1,51,headcount,latest,level,winsor_minmax,sector,social_led,47.3684
CO-03,G1,51,headcount,latest,level,winsor_minmax,sector,finance_led,63.1579
CO-03,G1,52,headcount,latest,level,log_minmax,subgroup,equal,52.6316
CO-03,G1,52,headcount,latest,level,log_minmax,subgroup,env_led,36.8421
CO-03,G1,52,headcount,latest,level,log_minmax,subgroup,social_led,57.8947
CO-03,G1,52,headcount,latest,level,log_minmax,subgroup,finance_led,36.8421
CO-03,G1,53,headcount,latest,level,log_minmax,sector,equal,47.3684
CO-03,G1,53,headcount,latest,level,log_minmax,sector,env_led,47.3684
CO-03,G1,53,headcount,latest,level,log_minmax,sector,social_led,47.3684
CO-03,G1,53,headcount,latest,level,log_minmax,sector,finance_led,42.1053
CO-03,G1,54,headcount,latest,change,percentile,subgroup,equal,10.5263
CO-03,G1,54,headcount,latest,change,percentile,subgroup,env_led,21.0526
CO-03,G1,54,headcount,latest,change,percentile,subgroup,social_led,26.3158
CO-03,G1,54,headcount,latest,change,percentile,subgroup,finance_led,0.0
CO-03,G1,55,headcount,latest,change,percentile,sector,equal,52.6316
CO-03,G1,55,headcount,latest,change,percentile,sector,env_led,52.6316
CO-03,G1,55,headcount,latest,change,percentile,sector,social_led,57.8947
CO-03,G1,55,headcount,latest,change,percentile,sector,finance_led,57.8947
CO-03,G1,56,headcount,latest,change,winsor_minmax,subgroup,equal,21.0526
CO-03,G1,56,headcount,latest,change,winsor_minmax,subgroup,env_led,26.3158
CO-03,G1,56,headcount,latest,change,winsor_minmax,subgroup,social_led,36.8421
CO-03,G1,56,headcount,latest,change,winsor_minmax,subgroup,finance_led,0.0
CO-03,G1,57,headcount,latest,change,winsor_minmax,sector,equal,68.4211
CO-03,G1,57,headcount,latest,change,winsor_minmax,sector,env_led,63.1579
CO-03,G1,57,headcount,latest,change,winsor_minmax,sector,social_led,73.6842
CO-03,G1,57,headcount,latest,change,winsor_minmax,sector,finance_led,52.6316
CO-03,G1,58,headcount,latest,change,log_minmax,subgroup,equal,47.3684
CO-03,G1,58,headcount,latest,change,log_minmax,subgroup,env_led,47.3684
CO-03,G1,58,headcount,latest,change,log_minmax,subgroup,social_led,68.4211
CO-03,G1,58,headcount,latest,change,log_minmax,subgroup,finance_led,26.3158
CO-03,G1,59,headcount,latest,change,log_minmax,sector,equal,63.1579
CO-03,G1,59,headcount,latest,change,log_minmax,sector,env_led,63.1579
CO-03,G1,59,headcount,latest,change,log_minmax,sector,social_led,84.2105
CO-03,G1,59,headcount,latest,change,log_minmax,sector,finance_led,47.3684
CO-03,G1,60,headcount,mean3,level,percentile,subgroup,equal,42.1053
CO-03,G1,60,headcount,mean3,level,percentile,subgroup,env_led,42.1053
CO-03,G1,60,headcount,mean3,level,percentile,subgroup,social_led,42.1053
CO-03,G1,60,headcount,mean3,level,percentile,subgroup,finance_led,47.3684
CO-03,G1,61,headcount,mean3,level,percentile,sector,equal,42.1053
CO-03,G1,61,headcount,mean3,level,percentile,sector,env_led,42.1053
CO-03,G1,61,headcount,mean3,level,percentile,sector,social_led,36.8421
CO-03,G1,61,headcount,mean3,level,percentile,sector,finance_led,26.3158
CO-03,G1,62,headcount,mean3,level,winsor_minmax,subgroup,equal,31.5789
CO-03,G1,62,headcount,mean3,level,winsor_minmax,subgroup,env_led,26.3158
CO-03,G1,62,headcount,mean3,level,winsor_minmax,subgroup,social_led,36.8421
CO-03,G1,62,headcount,mean3,level,winsor_minmax,subgroup,finance_led,26.3158
CO-03,G1,63,headcount,mean3,level,winsor_minmax,sector,equal,15.7895
CO-03,G1,63,headcount,mean3,level,winsor_minmax,sector,env_led,26.3158
CO-03,G1,63,headcount,mean3,level,winsor_minmax,sector,social_led,21.0526
CO-03,G1,63,headcount,mean3,level,winsor_minmax,sector,finance_led,15.7895
CO-03,G1,64,headcount,mean3,level,log_minmax,subgroup,equal,21.0526
CO-03,G1,64,headcount,mean3,level,log_minmax,subgroup,env_led,26.3158
CO-03,G1,64,headcount,mean3,level,log_minmax,subgroup,social_led,26.3158
CO-03,G1,64,headcount,mean3,level,log_minmax,subgroup,finance_led,21.0526
CO-03,G1,65,headcount,mean3,level,log_minmax,sector,equal,10.5263
CO-03,G1,65,headcount,mean3,level,log_minmax,sector,env_led,15.7895
CO-03,G1,65,headcount,mean3,level,log_minmax,sector,social_led,10.5263
CO-03,G1,65,headcount,mean3,level,log_minmax,sector,finance_led,10.5263
CO-03,G1,66,headcount,mean3,change,percentile,subgroup,equal,31.5789
CO-03,G1,66,headcount,mean3,change,percentile,subgroup,env_led,31.5789
CO-03,G1,66,headcount,mean3,change,percentile,subgroup,social_led,47.3684
CO-03,G1,66,headcount,mean3,change,percentile,subgroup,finance_led,26.3158
CO-03,G1,67,headcount,mean3,change,percentile,sector,equal,47.3684
CO-03,G1,67,headcount,mean3,change,percentile,sector,env_led,47.3684
CO-03,G1,67,headcount,mean3,change,percentile,sector,social_led,52.6316
CO-03,G1,67,headcount,mean3,change,percentile,sector,finance_led,47.3684
CO-03,G1,68,headcount,mean3,change,winsor_minmax,subgroup,equal,31.5789
CO-03,G1,68,headcount,mean3,change,winsor_minmax,subgroup,env_led,31.5789
CO-03,G1,68,headcount,mean3,change,winsor_minmax,subgroup,social_led,36.8421
CO-03,G1,68,headcount,mean3,change,winsor_minmax,subgroup,finance_led,21.0526
CO-03,G1,69,headcount,mean3,change,winsor_minmax,sector,equal,47.3684
CO-03,G1,69,headcount,mean3,change,winsor_minmax,sector,env_led,42.1053
CO-03,G1,69,headcount,mean3,change,winsor_minmax,sector,social_led,63.1579
CO-03,G1,69,headcount,mean3,change,winsor_minmax,sector,finance_led,57.8947
CO-03,G1,70,headcount,mean3,change,log_minmax,subgroup,equal,21.0526
CO-03,G1,70,headcount,mean3,change,log_minmax,subgroup,env_led,15.7895
CO-03,G1,70,headcount,mean3,change,log_minmax,subgroup,social_led,42.1053
CO-03,G1,70,headcount,mean3,change,log_minmax,subgroup,finance_led,26.3158
CO-03,G1,71,headcount,mean3,change,log_minmax,sector,equal,36.8421
CO-03,G1,71,headcount,mean3,change,log_minmax,sector,env_led,42.1053
CO-03,G1,71,headcount,mean3,change,log_minmax,sector,social_led,47.3684
CO-03,G1,71,headcount,mean3,change,log_minmax,sector,finance_led,36.8421
CO-04,G1,0,revenue,latest,level,percentile,subgroup,equal,100.0
CO-04,G1,0,revenue,latest,level,percentile,subgroup,env_led,100.0
CO-04,G1,0,revenue,latest,level,percentile,subgroup,social_led,89.4737
CO-04,G1,0,revenue,latest,level,percentile,subgroup,finance_led,100.0
CO-04,G1,1,revenue,latest,level,percentile,sector,equal,84.2105
CO-04,G1,1,revenue,latest,level,percentile,sector,env_led,84.2105
CO-04,G1,1,revenue,latest,level,percentile,sector,social_led,84.2105
CO-04,G1,1,revenue,latest,level,percentile,sector,finance_led,89.4737
CO-04,G1,2,revenue,latest,level,winsor_minmax,subgroup,equal,94.7368
CO-04,G1,2,revenue,latest,level,winsor_minmax,subgroup,env_led,94.7368
CO-04,G1,2,revenue,latest,level,winsor_minmax,subgroup,social_led,84.2105
CO-04,G1,2,revenue,latest,level,winsor_minmax,subgroup,finance_led,100.0
CO-04,G1,3,revenue,latest,level,winsor_minmax,sector,equal,84.2105
CO-04,G1,3,revenue,latest,level,winsor_minmax,sector,env_led,84.2105
CO-04,G1,3,revenue,latest,level,winsor_minmax,sector,social_led,73.6842
CO-04,G1,3,revenue,latest,level,winsor_minmax,sector,finance_led,94.7368
CO-04,G1,4,revenue,latest,level,log_minmax,subgroup,equal,100.0
CO-04,G1,4,revenue,latest,level,log_minmax,subgroup,env_led,100.0
CO-04,G1,4,revenue,latest,level,log_minmax,subgroup,social_led,94.7368
CO-04,G1,4,revenue,latest,level,log_minmax,subgroup,finance_led,100.0
CO-04,G1,5,revenue,latest,level,log_minmax,sector,equal,78.9474
CO-04,G1,5,revenue,latest,level,log_minmax,sector,env_led,78.9474
CO-04,G1,5,revenue,latest,level,log_minmax,sector,social_led,78.9474
CO-04,G1,5,revenue,latest,level,log_minmax,sector,finance_led,78.9474
CO-04,G1,6,revenue,latest,change,percentile,subgroup,equal,100.0
CO-04,G1,6,revenue,latest,change,percentile,subgroup,env_led,100.0
CO-04,G1,6,revenue,latest,change,percentile,subgroup,social_led,100.0
CO-04,G1,6,revenue,latest,change,percentile,subgroup,finance_led,100.0
CO-04,G1,7,revenue,latest,change,percentile,sector,equal,84.2105
CO-04,G1,7,revenue,latest,change,percentile,sector,env_led,78.9474
CO-04,G1,7,revenue,latest,change,percentile,sector,social_led,84.2105
CO-04,G1,7,revenue,latest,change,percentile,sector,finance_led,89.4737
CO-04,G1,8,revenue,latest,change,winsor_minmax,subgroup,equal,100.0
CO-04,G1,8,revenue,latest,change,winsor_minmax,subgroup,env_led,100.0
CO-04,G1,8,revenue,latest,change,winsor_minmax,subgroup,social_led,100.0
CO-04,G1,8,revenue,latest,change,winsor_minmax,subgroup,finance_led,100.0
CO-04,G1,9,revenue,latest,change,winsor_minmax,sector,equal,84.2105
CO-04,G1,9,revenue,latest,change,winsor_minmax,sector,env_led,84.2105
CO-04,G1,9,revenue,latest,change,winsor_minmax,sector,social_led,84.2105
CO-04,G1,9,revenue,latest,change,winsor_minmax,sector,finance_led,84.2105
CO-04,G1,10,revenue,latest,change,log_minmax,subgroup,equal,100.0
CO-04,G1,10,revenue,latest,change,log_minmax,subgroup,env_led,100.0
CO-04,G1,10,revenue,latest,change,log_minmax,subgroup,social_led,100.0
CO-04,G1,10,revenue,latest,change,log_minmax,subgroup,finance_led,100.0
CO-04,G1,11,revenue,latest,change,log_minmax,sector,equal,73.6842
CO-04,G1,11,revenue,latest,change,log_minmax,sector,env_led,78.9474
CO-04,G1,11,revenue,latest,change,log_minmax,sector,social_led,73.6842
CO-04,G1,11,revenue,latest,change,log_minmax,sector,finance_led,57.8947
CO-04,G1,12,revenue,mean3,level,percentile,subgroup,equal,100.0
CO-04,G1,12,revenue,mean3,level,percentile,subgroup,env_led,100.0
CO-04,G1,12,revenue,mean3,level,percentile,subgroup,social_led,100.0
CO-04,G1,12,revenue,mean3,level,percentile,subgroup,finance_led,100.0
CO-04,G1,13,revenue,mean3,level,percentile,sector,equal,68.4211
CO-04,G1,13,revenue,mean3,level,percentile,sector,env_led,68.4211
CO-04,G1,13,revenue,mean3,level,percentile,sector,social_led,73.6842
CO-04,G1,13,revenue,mean3,level,percentile,sector,finance_led,63.1579
CO-04,G1,14,revenue,mean3,level,winsor_minmax,subgroup,equal,100.0
CO-04,G1,14,revenue,mean3,level,winsor_minmax,subgroup,env_led,100.0
CO-04,G1,14,revenue,mean3,level,winsor_minmax,subgroup,social_led,100.0
CO-04,G1,14,revenue,mean3,level,winsor_minmax,subgroup,finance_led,100.0
CO-04,G1,15,revenue,mean3,level,winsor_minmax,sector,equal,73.6842
CO-04,G1,15,revenue,mean3,level,winsor_minmax,sector,env_led,68.4211
CO-04,G1,15,revenue,mean3,level,winsor_minmax,sector,social_led,78.9474
CO-04,G1,15,revenue,mean3,level,winsor_minmax,sector,finance_led,94.7368
CO-04,G1,16,revenue,mean3,level,log_minmax,subgroup,equal,100.0
CO-04,G1,16,revenue,mean3,level,log_minmax,subgroup,env_led,100.0
CO-04,G1,16,revenue,mean3,level,log_minmax,subgroup,social_led,100.0
CO-04,G1,16,revenue,mean3,level,log_minmax,subgroup,finance_led,100.0
CO-04,G1,17,revenue,mean3,level,log_minmax,sector,equal,78.9474
CO-04,G1,17,revenue,mean3,level,log_minmax,sector,env_led,68.4211
CO-04,G1,17,revenue,mean3,level,log_minmax,sector,social_led,78.9474
CO-04,G1,17,revenue,mean3,level,log_minmax,sector,finance_led,73.6842
CO-04,G1,18,revenue,mean3,change,percentile,subgroup,equal,100.0
CO-04,G1,18,revenue,mean3,change,percentile,subgroup,env_led,100.0
CO-04,G1,18,revenue,mean3,change,percentile,subgroup,social_led,100.0
CO-04,G1,18,revenue,mean3,change,percentile,subgroup,finance_led,100.0
CO-04,G1,19,revenue,mean3,change,percentile,sector,equal,84.2105
CO-04,G1,19,revenue,mean3,change,percentile,sector,env_led,78.9474
CO-04,G1,19,revenue,mean3,change,percentile,sector,social_led,78.9474
CO-04,G1,19,revenue,mean3,change,percentile,sector,finance_led,100.0
CO-04,G1,20,revenue,mean3,change,winsor_minmax,subgroup,equal,100.0
CO-04,G1,20,revenue,mean3,change,winsor_minmax,subgroup,env_led,100.0
CO-04,G1,20,revenue,mean3,change,winsor_minmax,subgroup,social_led,94.7368
CO-04,G1,20,revenue,mean3,change,winsor_minmax,subgroup,finance_led,100.0
CO-04,G1,21,revenue,mean3,change,winsor_minmax,sector,equal,78.9474
CO-04,G1,21,revenue,mean3,change,winsor_minmax,sector,env_led,78.9474
CO-04,G1,21,revenue,mean3,change,winsor_minmax,sector,social_led,78.9474
CO-04,G1,21,revenue,mean3,change,winsor_minmax,sector,finance_led,100.0
CO-04,G1,22,revenue,mean3,change,log_minmax,subgroup,equal,100.0
CO-04,G1,22,revenue,mean3,change,log_minmax,subgroup,env_led,100.0
CO-04,G1,22,revenue,mean3,change,log_minmax,subgroup,social_led,100.0
CO-04,G1,22,revenue,mean3,change,log_minmax,subgroup,finance_led,100.0
CO-04,G1,23,revenue,mean3,change,log_minmax,sector,equal,73.6842
CO-04,G1,23,revenue,mean3,change,log_minmax,sector,env_led,78.9474
CO-04,G1,23,revenue,mean3,change,log_minmax,sector,social_led,57.8947
CO-04,G1,23,revenue,mean3,change,log_minmax,sector,finance_led,68.4211
CO-04,G1,24,volume,latest,level,percentile,subgroup,equal,100.0
CO-04,G1,24,volume,latest,level,percentile,subgroup,env_led,100.0
CO-04,G1,24,volume,latest,level,percentile,subgroup,social_led,89.4737
CO-04,G1,24,volume,latest,level,percentile,subgroup,finance_led,100.0
CO-04,G1,25,volume,latest,level,percentile,sector,equal,84.2105
CO-04,G1,25,volume,latest,level,percentile,sector,env_led,78.9474
CO-04,G1,25,volume,latest,level,percentile,sector,social_led,78.9474
CO-04,G1,25,volume,latest,level,percentile,sector,finance_led,89.4737
CO-04,G1,26,volume,latest,level,winsor_minmax,subgroup,equal,94.7368
CO-04,G1,26,volume,latest,level,winsor_minmax,subgroup,env_led,94.7368
CO-04,G1,26,volume,latest,level,winsor_minmax,subgroup,social_led,84.2105
CO-04,G1,26,volume,latest,level,winsor_minmax,subgroup,finance_led,100.0
CO-04,G1,27,volume,latest,level,winsor_minmax,sector,equal,89.4737
CO-04,G1,27,volume,latest,level,winsor_minmax,sector,env_led,78.9474
CO-04,G1,27,volume,latest,level,winsor_minmax,sector,social_led,73.6842
CO-04,G1,27,volume,latest,level,winsor_minmax,sector,finance_led,94.7368
CO-04,G1,28,volume,latest,level,log_minmax,subgroup,equal,100.0
CO-04,G1,28,volume,latest,level,log_minmax,subgroup,env_led,100.0
CO-04,G1,28,volume,latest,level,log_minmax,subgroup,social_led,89.4737
CO-04,G1,28,volume,latest,level,log_minmax,subgroup,finance_led,100.0
CO-04,G1,29,volume,latest,level,log_minmax,sector,equal,78.9474
CO-04,G1,29,volume,latest,level,log_minmax,sector,env_led,78.9474
CO-04,G1,29,volume,latest,level,log_minmax,sector,social_led,73.6842
CO-04,G1,29,volume,latest,level,log_minmax,sector,finance_led,73.6842
CO-04,G1,30,volume,latest,change,percentile,subgroup,equal,100.0
CO-04,G1,30,volume,latest,change,percentile,subgroup,env_led,100.0
CO-04,G1,30,volume,latest,change,percentile,subgroup,social_led,100.0
CO-04,G1,30,volume,latest,change,percentile,subgroup,finance_led,100.0
CO-04,G1,31,volume,latest,change,percentile,sector,equal,84.2105
CO-04,G1,31,volume,latest,change,percentile,sector,env_led,78.9474
CO-04,G1,31,volume,latest,change,percentile,sector,social_led,84.2105
CO-04,G1,31,volume,latest,change,percentile,sector,finance_led,89.4737
CO-04,G1,32,volume,latest,change,winsor_minmax,subgroup,equal,100.0
CO-04,G1,32,volume,latest,change,winsor_minmax,subgroup,env_led,100.0
CO-04,G1,32,volume,latest,change,winsor_minmax,subgroup,social_led,100.0
CO-04,G1,32,volume,latest,change,winsor_minmax,subgroup,finance_led,100.0
CO-04,G1,33,volume,latest,change,winsor_minmax,sector,equal,84.2105
CO-04,G1,33,volume,latest,change,winsor_minmax,sector,env_led,84.2105
CO-04,G1,33,volume,latest,change,winsor_minmax,sector,social_led,84.2105
CO-04,G1,33,volume,latest,change,winsor_minmax,sector,finance_led,84.2105
CO-04,G1,34,volume,latest,change,log_minmax,subgroup,equal,100.0
CO-04,G1,34,volume,latest,change,log_minmax,subgroup,env_led,100.0
CO-04,G1,34,volume,latest,change,log_minmax,subgroup,social_led,100.0
CO-04,G1,34,volume,latest,change,log_minmax,subgroup,finance_led,100.0
CO-04,G1,35,volume,latest,change,log_minmax,sector,equal,57.8947
CO-04,G1,35,volume,latest,change,log_minmax,sector,env_led,73.6842
CO-04,G1,35,volume,latest,change,log_minmax,sector,social_led,63.1579
CO-04,G1,35,volume,latest,change,log_minmax,sector,finance_led,36.8421
CO-04,G1,36,volume,mean3,level,percentile,subgroup,equal,100.0
CO-04,G1,36,volume,mean3,level,percentile,subgroup,env_led,100.0
CO-04,G1,36,volume,mean3,level,percentile,subgroup,social_led,100.0
CO-04,G1,36,volume,mean3,level,percentile,subgroup,finance_led,100.0
CO-04,G1,37,volume,mean3,level,percentile,sector,equal,78.9474
CO-04,G1,37,volume,mean3,level,percentile,sector,env_led,78.9474
CO-04,G1,37,volume,mean3,level,percentile,sector,social_led,78.9474
CO-04,G1,37,volume,mean3,level,percentile,sector,finance_led,68.4211
CO-04,G1,38,volume,mean3,level,winsor_minmax,subgroup,equal,100.0
CO-04,G1,38,volume,mean3,level,winsor_minmax,subgroup,env_led,100.0
CO-04,G1,38,volume,mean3,level,winsor_minmax,subgroup,social_led,100.0
CO-04,G1,38,volume,mean3,level,winsor_minmax,subgroup,finance_led,100.0
CO-04,G1,39,volume,mean3,level,winsor_minmax,sector,equal,78.9474
CO-04,G1,39,volume,mean3,level,winsor_minmax,sector,env_led,78.9474
CO-04,G1,39,volume,mean3,level,winsor_minmax,sector,social_led,78.9474
CO-04,G1,39,volume,mean3,level,winsor_minmax,sector,finance_led,100.0
CO-04,G1,40,volume,mean3,level,log_minmax,subgroup,equal,100.0
CO-04,G1,40,volume,mean3,level,log_minmax,subgroup,env_led,100.0
CO-04,G1,40,volume,mean3,level,log_minmax,subgroup,social_led,100.0
CO-04,G1,40,volume,mean3,level,log_minmax,subgroup,finance_led,100.0
CO-04,G1,41,volume,mean3,level,log_minmax,sector,equal,78.9474
CO-04,G1,41,volume,mean3,level,log_minmax,sector,env_led,78.9474
CO-04,G1,41,volume,mean3,level,log_minmax,sector,social_led,78.9474
CO-04,G1,41,volume,mean3,level,log_minmax,sector,finance_led,73.6842
CO-04,G1,42,volume,mean3,change,percentile,subgroup,equal,100.0
CO-04,G1,42,volume,mean3,change,percentile,subgroup,env_led,100.0
CO-04,G1,42,volume,mean3,change,percentile,subgroup,social_led,94.7368
CO-04,G1,42,volume,mean3,change,percentile,subgroup,finance_led,100.0
CO-04,G1,43,volume,mean3,change,percentile,sector,equal,84.2105
CO-04,G1,43,volume,mean3,change,percentile,sector,env_led,78.9474
CO-04,G1,43,volume,mean3,change,percentile,sector,social_led,78.9474
CO-04,G1,43,volume,mean3,change,percentile,sector,finance_led,100.0
CO-04,G1,44,volume,mean3,change,winsor_minmax,subgroup,equal,100.0
CO-04,G1,44,volume,mean3,change,winsor_minmax,subgroup,env_led,100.0
CO-04,G1,44,volume,mean3,change,winsor_minmax,subgroup,social_led,94.7368
CO-04,G1,44,volume,mean3,change,winsor_minmax,subgroup,finance_led,100.0
CO-04,G1,45,volume,mean3,change,winsor_minmax,sector,equal,78.9474
CO-04,G1,45,volume,mean3,change,winsor_minmax,sector,env_led,78.9474
CO-04,G1,45,volume,mean3,change,winsor_minmax,sector,social_led,78.9474
CO-04,G1,45,volume,mean3,change,winsor_minmax,sector,finance_led,100.0
CO-04,G1,46,volume,mean3,change,log_minmax,subgroup,equal,100.0
CO-04,G1,46,volume,mean3,change,log_minmax,subgroup,env_led,100.0
CO-04,G1,46,volume,mean3,change,log_minmax,subgroup,social_led,100.0
CO-04,G1,46,volume,mean3,change,log_minmax,subgroup,finance_led,100.0
CO-04,G1,47,volume,mean3,change,log_minmax,sector,equal,73.6842
CO-04,G1,47,volume,mean3,change,log_minmax,sector,env_led,78.9474
CO-04,G1,47,volume,mean3,change,log_minmax,sector,social_led,57.8947
CO-04,G1,47,volume,mean3,change,log_minmax,sector,finance_led,68.4211
CO-04,G1,48,headcount,latest,level,percentile,subgroup,equal,100.0
CO-04,G1,48,headcount,latest,level,percentile,subgroup,env_led,100.0
CO-04,G1,48,headcount,latest,level,percentile,subgroup,social_led,89.4737
CO-04,G1,48,headcount,latest,level,percentile,subgroup,finance_led,100.0
CO-04,G1,49,headcount,latest,level,percentile,sector,equal,84.2105
CO-04,G1,49,headcount,latest,level,percentile,sector,env_led,78.9474
CO-04,G1,49,headcount,latest,level,percentile,sector,social_led,73.6842
CO-04,G1,49,headcount,latest,level,percentile,sector,finance_led,89.4737
CO-04,G1,50,headcount,latest,level,winsor_minmax,subgroup,equal,94.7368
CO-04,G1,50,headcount,latest,level,winsor_minmax,subgroup,env_led,94.7368
CO-04,G1,50,headcount,latest,level,winsor_minmax,subgroup,social_led,84.2105
CO-04,G1,50,headcount,latest,level,winsor_minmax,subgroup,finance_led,100.0
CO-04,G1,51,headcount,latest,level,winsor_minmax,sector,equal,84.2105
CO-04,G1,51,headcount,latest,level,winsor_minmax,sector,env_led,89.4737
CO-04,G1,51,headcount,latest,level,winsor_minmax,sector,social_led,73.6842
CO-04,G1,51,headcount,latest,level,winsor_minmax,sector,finance_led,94.7368
CO-04,G1,52,headcount,latest,level,log_minmax,subgroup,equal,100.0
CO-04,G1,52,headcount,latest,level,log_minmax,subgroup,env_led,100.0
CO-04,G1,52,headcount,latest,level,log_minmax,subgroup,social_led,89.4737
CO-04,G1,52,headcount,latest,level,log_minmax,subgroup,finance_led,100.0
CO-04,G1,53,headcount,latest,level,log_minmax,sector,equal,78.9474
CO-04,G1,53,headcount,latest,level,log_minmax,sector,env_led,78.9474
CO-04,G1,53,headcount,latest,level,log_minmax,sector,social_led,78.9474
CO-04,G1,53,headcount,latest,level,log_minmax,sector,finance_led,78.9474
CO-04,G1,54,headcount,latest,change,percentile,subgroup,equal,100.0
CO-04,G1,54,headcount,latest,change,percentile,subgroup,env_led,100.0
CO-04,G1,54,headcount,latest,change,percentile,subgroup,social_led,100.0
CO-04,G1,54,headcount,latest,change,percentile,subgroup,finance_led,100.0
CO-04,G1,55,headcount,latest,change,percentile,sector,equal,84.2105
CO-04,G1,55,headcount,latest,change,percentile,sector,env_led,78.9474
CO-04,G1,55,headcount,latest,change,percentile,sector,social_led,84.2105
CO-04,G1,55,headcount,latest,change,percentile,sector,finance_led,94.7368
CO-04,G1,56,headcount,latest,change,winsor_minmax,subgroup,equal,100.0
CO-04,G1,56,headcount,latest,change,winsor_minmax,subgroup,env_led,100.0
CO-04,G1,56,headcount,latest,change,winsor_minmax,subgroup,social_led,94.7368
CO-04,G1,56,headcount,latest,change,winsor_minmax,subgroup,finance_led,100.0
CO-04,G1,57,headcount,latest,change,winsor_minmax,sector,equal,84.2105
CO-04,G1,57,headcount,latest,change,winsor_minmax,sector,env_led,84.2105
CO-04,G1,57,headcount,latest,change,winsor_minmax,sector,social_led,84.2105
CO-04,G1,57,headcount,latest,change,winsor_minmax,sector,finance_led,84.2105
CO-04,G1,58,headcount,latest,change,log_minmax,subgroup,equal,100.0
CO-04,G1,58,headcount,latest,change,log_minmax,subgroup,env_led,100.0
CO-04,G1,58,headcount,latest,change,log_minmax,subgroup,social_led,100.0
CO-04,G1,58,headcount,latest,change,log_minmax,subgroup,finance_led,100.0
CO-04,G1,59,headcount,latest,change,log_minmax,sector,equal,57.8947
CO-04,G1,59,headcount,latest,change,log_minmax,sector,env_led,78.9474
CO-04,G1,59,headcount,latest,change,log_minmax,sector,social_led,73.6842
CO-04,G1,59,headcount,latest,change,log_minmax,sector,finance_led,52.6316
CO-04,G1,60,headcount,mean3,level,percentile,subgroup,equal,100.0
CO-04,G1,60,headcount,mean3,level,percentile,subgroup,env_led,100.0
CO-04,G1,60,headcount,mean3,level,percentile,subgroup,social_led,100.0
CO-04,G1,60,headcount,mean3,level,percentile,subgroup,finance_led,100.0
CO-04,G1,61,headcount,mean3,level,percentile,sector,equal,78.9474
CO-04,G1,61,headcount,mean3,level,percentile,sector,env_led,78.9474
CO-04,G1,61,headcount,mean3,level,percentile,sector,social_led,78.9474
CO-04,G1,61,headcount,mean3,level,percentile,sector,finance_led,73.6842
CO-04,G1,62,headcount,mean3,level,winsor_minmax,subgroup,equal,100.0
CO-04,G1,62,headcount,mean3,level,winsor_minmax,subgroup,env_led,100.0
CO-04,G1,62,headcount,mean3,level,winsor_minmax,subgroup,social_led,100.0
CO-04,G1,62,headcount,mean3,level,winsor_minmax,subgroup,finance_led,100.0
CO-04,G1,63,headcount,mean3,level,winsor_minmax,sector,equal,78.9474
CO-04,G1,63,headcount,mean3,level,winsor_minmax,sector,env_led,78.9474
CO-04,G1,63,headcount,mean3,level,winsor_minmax,sector,social_led,78.9474
CO-04,G1,63,headcount,mean3,level,winsor_minmax,sector,finance_led,100.0
CO-04,G1,64,headcount,mean3,level,log_minmax,subgroup,equal,100.0
CO-04,G1,64,headcount,mean3,level,log_minmax,subgroup,env_led,100.0
CO-04,G1,64,headcount,mean3,level,log_minmax,subgroup,social_led,100.0
CO-04,G1,64,headcount,mean3,level,log_minmax,subgroup,finance_led,100.0
CO-04,G1,65,headcount,mean3,level,log_minmax,sector,equal,78.9474
CO-04,G1,65,headcount,mean3,level,log_minmax,sector,env_led,78.9474
CO-04,G1,65,headcount,mean3,level,log_minmax,sector,social_led,78.9474
CO-04,G1,65,headcount,mean3,level,log_minmax,sector,finance_led,78.9474
CO-04,G1,66,headcount,mean3,change,percentile,subgroup,equal,100.0
CO-04,G1,66,headcount,mean3,change,percentile,subgroup,env_led,100.0
CO-04,G1,66,headcount,mean3,change,percentile,subgroup,social_led,97.3684
CO-04,G1,66,headcount,mean3,change,percentile,subgroup,finance_led,100.0
CO-04,G1,67,headcount,mean3,change,percentile,sector,equal,84.2105
CO-04,G1,67,headcount,mean3,change,percentile,sector,env_led,78.9474
CO-04,G1,67,headcount,mean3,change,percentile,sector,social_led,78.9474
CO-04,G1,67,headcount,mean3,change,percentile,sector,finance_led,100.0
CO-04,G1,68,headcount,mean3,change,winsor_minmax,subgroup,equal,100.0
CO-04,G1,68,headcount,mean3,change,winsor_minmax,subgroup,env_led,100.0
CO-04,G1,68,headcount,mean3,change,winsor_minmax,subgroup,social_led,94.7368
CO-04,G1,68,headcount,mean3,change,winsor_minmax,subgroup,finance_led,100.0
CO-04,G1,69,headcount,mean3,change,winsor_minmax,sector,equal,78.9474
CO-04,G1,69,headcount,mean3,change,winsor_minmax,sector,env_led,78.9474
CO-04,G1,69,headcount,mean3,change,winsor_minmax,sector,social_led,78.9474
CO-04,G1,69,headcount,mean3,change,winsor_minmax,sector,finance_led,100.0
CO-04,G1,70,headcount,mean3,change,log_minmax,subgroup,equal,100.0
CO-04,G1,70,headcount,mean3,change,log_minmax,subgroup,env_led,100.0
CO-04,G1,70,headcount,mean3,change,log_minmax,subgroup,social_led,100.0
CO-04,G1,70,headcount,mean3,change,log_minmax,subgroup,finance_led,100.0
CO-04,G1,71,headcount,mean3,change,log_minmax,sector,equal,73.6842
CO-04,G1,71,headcount,mean3,change,log_minmax,sector,env_led,78.9474
CO-04,G1,71,headcount,mean3,change,log_minmax,sector,social_led,57.8947
CO-04,G1,71,headcount,mean3,change,log_minmax,sector,finance_led,68.4211
CO-05,G2,0,revenue,latest,level,percentile,subgroup,equal,47.3684
CO-05,G2,0,revenue,latest,level,percentile,subgroup,env_led,52.6316
CO-05,G2,0,revenue,latest,level,percentile,subgroup,social_led,47.3684
CO-05,G2,0,revenue,latest,level,percentile,subgroup,finance_led,42.1053
CO-05,G2,1,revenue,latest,level,percentile,sector,equal,63.1579
CO-05,G2,1,revenue,latest,level,percentile,sector,env_led,57.8947
CO-05,G2,1,revenue,latest,level,percentile,sector,social_led,63.1579
CO-05,G2,1,revenue,latest,level,percentile,sector,finance_led,63.1579
CO-05,G2,2,revenue,latest,level,winsor_minmax,subgroup,equal,73.6842
CO-05,G2,2,revenue,latest,level,winsor_minmax,subgroup,env_led,57.8947
CO-05,G2,2,revenue,latest,level,winsor_minmax,subgroup,social_led,89.4737
CO-05,G2,2,revenue,latest,level,winsor_minmax,subgroup,finance_led,78.9474
CO-05,G2,3,revenue,latest,level,winsor_minmax,sector,equal,89.4737
CO-05,G2,3,revenue,latest,level,winsor_minmax,sector,env_led,78.9474
CO-05,G2,3,revenue,latest,level,winsor_minmax,sector,social_led,94.7368
CO-05,G2,3,revenue,latest,level,winsor_minmax,sector,finance_led,84.2105
CO-05,G2,4,revenue,latest,level,log_minmax,subgroup,equal,63.1579
CO-05,G2,4,revenue,latest,level,log_minmax,subgroup,env_led,57.8947
CO-05,G2,4,revenue,latest,level,log_minmax,subgroup,social_led,68.4211
CO-05,G2,4,revenue,latest,level,log_minmax,subgroup,finance_led,47.3684
CO-05,G2,5,revenue,latest,level,log_minmax,sector,equal,73.6842
CO-05,G2,5,revenue,latest,level,log_minmax,sector,env_led,68.4211
CO-05,G2,5,revenue,latest,level,log_minmax,sector,social_led,68.4211
CO-05,G2,5,revenue,latest,level,log_minmax,sector,finance_led,68.4211
CO-05,G2,6,revenue,latest,change,percentile,subgroup,equal,68.4211
CO-05,G2,6,revenue,latest,change,percentile,subgroup,env_led,68.4211
CO-05,G2,6,revenue,latest,change,percentile,subgroup,social_led,57.8947
CO-05,G2,6,revenue,latest,change,percentile,subgroup,finance_led,68.4211
CO-05,G2,7,revenue,latest,change,percentile,sector,equal,63.1579
CO-05,G2,7,revenue,latest,change,percentile,sector,env_led,63.1579
CO-05,G2,7,revenue,latest,change,percentile,sector,social_led,52.6316
CO-05,G2,7,revenue,latest,change,percentile,sector,finance_led,47.3684
CO-05,G2,8,revenue,latest,change,winsor_minmax,subgroup,equal,42.1053
CO-05,G2,8,revenue,latest,change,winsor_minmax,subgroup,env_led,36.8421
CO-05,G2,8,revenue,latest,change,winsor_minmax,subgroup,social_led,57.8947
CO-05,G2,8,revenue,latest,change,winsor_minmax,subgroup,finance_led,47.3684
CO-05,G2,9,revenue,latest,change,winsor_minmax,sector,equal,63.1579
CO-05,G2,9,revenue,latest,change,winsor_minmax,sector,env_led,57.8947
CO-05,G2,9,revenue,latest,change,winsor_minmax,sector,social_led,63.1579
CO-05,G2,9,revenue,latest,change,winsor_minmax,sector,finance_led,52.6316
CO-05,G2,10,revenue,latest,change,log_minmax,subgroup,equal,5.2632
CO-05,G2,10,revenue,latest,change,log_minmax,subgroup,env_led,5.2632
CO-05,G2,10,revenue,latest,change,log_minmax,subgroup,social_led,10.5263
CO-05,G2,10,revenue,latest,change,log_minmax,subgroup,finance_led,10.5263
CO-05,G2,11,revenue,latest,change,log_minmax,sector,equal,15.7895
CO-05,G2,11,revenue,latest,change,log_minmax,sector,env_led,15.7895
CO-05,G2,11,revenue,latest,change,log_minmax,sector,social_led,47.3684
CO-05,G2,11,revenue,latest,change,log_minmax,sector,finance_led,10.5263
CO-05,G2,12,revenue,mean3,level,percentile,subgroup,equal,52.6316
CO-05,G2,12,revenue,mean3,level,percentile,subgroup,env_led,52.6316
CO-05,G2,12,revenue,mean3,level,percentile,subgroup,social_led,52.6316
CO-05,G2,12,revenue,mean3,level,percentile,subgroup,finance_led,21.0526
CO-05,G2,13,revenue,mean3,level,percentile,sector,equal,57.8947
CO-05,G2,13,revenue,mean3,level,percentile,sector,env_led,63.1579
CO-05,G2,13,revenue,mean3,level,percentile,sector,social_led,52.6316
CO-05,G2,13,revenue,mean3,level,percentile,sector,finance_led,57.8947
CO-05,G2,14,revenue,mean3,level,winsor_minmax,subgroup,equal,63.1579
CO-05,G2,14,revenue,mean3,level,winsor_minmax,subgroup,env_led,63.1579
CO-05,G2,14,revenue,mean3,level,winsor_minmax,subgroup,social_led,52.6316
CO-05,G2,14,revenue,mean3,level,winsor_minmax,subgroup,finance_led,68.4211
CO-05,G2,15,revenue,mean3,level,winsor_minmax,sector,equal,63.1579
CO-05,G2,15,revenue,mean3,level,winsor_minmax,sector,env_led,63.1579
CO-05,G2,15,revenue,mean3,level,winsor_minmax,sector,social_led,57.8947
CO-05,G2,15,revenue,mean3,level,winsor_minmax,sector,finance_led,63.1579
CO-05,G2,16,revenue,mean3,level,log_minmax,subgroup,equal,63.1579
CO-05,G2,16,revenue,mean3,level,log_minmax,subgroup,env_led,68.4211
CO-05,G2,16,revenue,mean3,level,log_minmax,subgroup,social_led,63.1579
CO-05,G2,16,revenue,mean3,level,log_minmax,subgroup,finance_led,63.1579
CO-05,G2,17,revenue,mean3,level,log_minmax,sector,equal,63.1579
CO-05,G2,17,revenue,mean3,level,log_minmax,sector,env_led,63.1579
CO-05,G2,17,revenue,mean3,level,log_minmax,sector,social_led,57.8947
CO-05,G2,17,revenue,mean3,level,log_minmax,sector,finance_led,57.8947
CO-05,G2,18,revenue,mean3,change,percentile,subgroup,equal,63.1579
CO-05,G2,18,revenue,mean3,change,percentile,subgroup,env_led,63.1579
CO-05,G2,18,revenue,mean3,change,percentile,subgroup,social_led,68.4211
CO-05,G2,18,revenue,mean3,change,percentile,subgroup,finance_led,73.6842
CO-05,G2,19,revenue,mean3,change,percentile,sector,equal,73.6842
CO-05,G2,19,revenue,mean3,change,percentile,sector,env_led,73.6842
CO-05,G2,19,revenue,mean3,change,percentile,sector,social_led,68.4211
CO-05,G2,19,revenue,mean3,change,percentile,sector,finance_led,73.6842
CO-05,G2,20,revenue,mean3,change,winsor_minmax,subgroup,equal,68.4211
CO-05,G2,20,revenue,mean3,change,winsor_minmax,subgroup,env_led,68.4211
CO-05,G2,20,revenue,mean3,change,winsor_minmax,subgroup,social_led,68.4211
CO-05,G2,20,revenue,mean3,change,winsor_minmax,subgroup,finance_led,73.6842
CO-05,G2,21,revenue,mean3,change,winsor_minmax,sector,equal,73.6842
CO-05,G2,21,revenue,mean3,change,winsor_minmax,sector,env_led,73.6842
CO-05,G2,21,revenue,mean3,change,winsor_minmax,sector,social_led,57.8947
CO-05,G2,21,revenue,mean3,change,winsor_minmax,sector,finance_led,73.6842
CO-05,G2,22,revenue,mean3,change,log_minmax,subgroup,equal,57.8947
CO-05,G2,22,revenue,mean3,change,log_minmax,subgroup,env_led,63.1579
CO-05,G2,22,revenue,mean3,change,log_minmax,subgroup,social_led,63.1579
CO-05,G2,22,revenue,mean3,change,log_minmax,subgroup,finance_led,42.1053
CO-05,G2,23,revenue,mean3,change,log_minmax,sector,equal,47.3684
CO-05,G2,23,revenue,mean3,change,log_minmax,sector,env_led,63.1579
CO-05,G2,23,revenue,mean3,change,log_minmax,sector,social_led,36.8421
CO-05,G2,23,revenue,mean3,change,log_minmax,sector,finance_led,42.1053
CO-05,G2,24,volume,latest,level,percentile,subgroup,equal,57.8947
CO-05,G2,24,volume,latest,level,percentile,subgroup,env_led,42.1053
CO-05,G2,24,volume,latest,level,percentile,subgroup,social_led,68.4211
CO-05,G2,24,volume,latest,level,percentile,subgroup,finance_led,63.1579
CO-05,G2,25,volume,latest,level,percentile,sector,equal,73.6842
CO-05,G2,25,volume,latest,level,percentile,sector,env_led,63.1579
CO-05,G2,25,volume,latest,level,percentile,sector,social_led,89.4737
CO-05,G2,25,volume,latest,level,percentile,sector,finance_led,78.9474
CO-05,G2,26,volume,latest,level,winsor_minmax,subgroup,equal,68.4211
CO-05,G2,26,volume,latest,level,winsor_minmax,subgroup,env_led,52.6316
CO-05,G2,26,volume,latest,level,winsor_minmax,subgroup,social_led,89.4737
CO-05,G2,26,volume,latest,level,winsor_minmax,subgroup,finance_led,78.9474
CO-05,G2,27,volume,latest,level,winsor_minmax,sector,equal,84.2105
CO-05,G2,27,volume,latest,level,winsor_minmax,sector,env_led,68.4211
CO-05,G2,27,volume,latest,level,winsor_minmax,sector,social_led,94.7368
CO-05,G2,27,volume,latest,level,winsor_minmax,sector,finance_led,84.2105
CO-05,G2,28,volume,latest,level,log_minmax,subgroup,equal,68.4211
CO-05,G2,28,volume,latest,level,log_minmax,subgroup,env_led,52.6316
CO-05,G2,28,volume,latest,level,log_minmax,subgroup,social_led,68.4211
CO-05,G2,28,volume,latest,level,log_minmax,subgroup,finance_led,47.3684
CO-05,G2,29,volume,latest,level,log_minmax,sector,equal,73.6842
CO-05,G2,29,volume,latest,level,log_minmax,sector,env_led,73.6842
CO-05,G2,29,volume,latest,level,log_minmax,sector,social_led,78.9474
CO-05,G2,29,volume,latest,level,log_minmax,sector,finance_led,68.4211
CO-05,G2,30,volume,latest,change,percentile,subgroup,equal,73.6842
CO-05,G2,30,volume,latest,change,percentile,subgroup,env_led,73.6842
CO-05,G2,30,volume,latest,change,percentile,subgroup,social_led,68.4211
CO-05,G2,30,volume,latest,change,percentile,subgroup,finance_led,63.1579
CO-05,G2,31,volume,latest,change,percentile,sector,equal,68.4211
CO-05,G2,31,volume,latest,change,percentile,sector,env_led,73.6842
CO-05,G2,31,volume,latest,change,percentile,sector,social_led,73.6842
CO-05,G2,31,volume,latest,change,percentile,sector,finance_led,52.6316
CO-05,G2,32,volume,latest,change,winsor_minmax,subgroup,equal,47.3684
CO-05,G2,32,volume,latest,change,winsor_minmax,subgroup,env_led,42.1053
CO-05,G2,32,volume,latest,change,winsor_minmax,subgroup,social_led,47.3684
CO-05,G2,32,volume,latest,change,winsor_minmax,subgroup,finance_led,47.3684
CO-05,G2,33,volume,latest,change,winsor_minmax,sector,equal,47.3684
CO-05,G2,33,volume,latest,change,winsor_minmax,sector,env_led,52.6316
CO-05,G2,33,volume,latest,change,winsor_minmax,sector,social_led,63.1579
CO-05,G2,33,volume,latest,change,winsor_minmax,sector,finance_led,36.8421
CO-05,G2,34,volume,latest,change,log_minmax,subgroup,equal,15.7895
CO-05,G2,34,volume,latest,change,log_minmax,subgroup,env_led,10.5263
CO-05,G2,34,volume,latest,change,log_minmax,subgroup,social_led,15.7895
CO-05,G2,34,volume,latest,change,log_minmax,subgroup,finance_led,10.5263
CO-05,G2,35,volume,latest,change,log_minmax,sector,equal,15.7895
CO-05,G2,35,volume,latest,change,log_minmax,sector,env_led,15.7895
CO-05,G2,35,volume,latest,change,log_minmax,sector,social_led,47.3684
CO-05,G2,35,volume,latest,change,log_minmax,sector,finance_led,21.0526
CO-05,G2,36,volume,mean3,level,percentile,subgroup,equal,52.6316
CO-05,G2,36,volume,mean3,level,percentile,subgroup,env_led,42.1053
CO-05,G2,36,volume,mean3,level,percentile,subgroup,social_led,63.1579
CO-05,G2,36,volume,mean3,level,percentile,subgroup,finance_led,31.5789
CO-05,G2,37,volume,mean3,level,percentile,sector,equal,63.1579
CO-05,G2,37,volume,mean3,level,percentile,sector,env_led,57.8947
CO-05,G2,37,volume,mean3,level,percentile,sector,social_led,63.1579
CO-05,G2,37,volume,mean3,level,percentile,sector,finance_led,52.6316
CO-05,G2,38,volume,mean3,level,winsor_minmax,subgroup,equal,57.8947
CO-05,G2,38,volume,mean3,level,winsor_minmax,subgroup,env_led,57.8947
CO-05,G2,38,volume,mean3,level,winsor_minmax,subgroup,social_led,57.8947
CO-05,G2,38,volume,mean3,level,winsor_minmax,subgroup,finance_led,68.4211
CO-05,G2,39,volume,mean3,level,winsor_minmax,sector,equal,57.8947
CO-05,G2,39,volume,mean3,level,winsor_minmax,sector,env_led,63.1579
CO-05,G2,39,volume,mean3,level,winsor_minmax,sector,social_led,63.1579
CO-05,G2,39,volume,mean3,level,winsor_minmax,sector,finance_led,52.6316
CO-05,G2,40,volume,mean3,level,log_minmax,subgroup,equal,63.1579
CO-05,G2,40,volume,mean3,level,log_minmax,subgroup,env_led,63.1579
CO-05,G2,40,volume,mean3,level,log_minmax,subgroup,social_led,63.1579
CO-05,G2,40,volume,mean3,level,log_minmax,subgroup,finance_led,57.8947
CO-05,G2,41,volume,mean3,level,log_minmax,sector,equal,63.1579
CO-05,G2,41,volume,mean3,level,log_minmax,sector,env_led,63.1579
CO-05,G2,41,volume,mean3,level,log_minmax,sector,social_led,63.1579
CO-05,G2,41,volume,mean3,level,log_minmax,sector,finance_led,63.1579
CO-05,G2,42,volume,mean3,change,percentile,subgroup,equal,68.4211
CO-05,G2,42,volume,mean3,change,percentile,subgroup,env_led,68.4211
CO-05,G2,42,volume,mean3,change,percentile,subgroup,social_led,63.1579
CO-05,G2,42,volume,mean3,change,percentile,subgroup,finance_led,68.4211
CO-05,G2,43,volume,mean3,change,percentile,sector,equal,63.1579
CO-05,G2,43,volume,mean3,change,percentile,sector,env_led,68.4211
CO-05,G2,43,volume,mean3,change,percentile,sector,social_led,57.8947
CO-05,G2,43,volume,mean3,change,percentile,sector,finance_led,57.8947
CO-05,G2,44,volume,mean3,change,winsor_minmax,subgroup,equal,68.4211
CO-05,G2,44,volume,mean3,change,winsor_minmax,subgroup,env_led,68.4211
CO-05,G2,44,volume,mean3,change,winsor_minmax,subgroup,social_led,68.4211
CO-05,G2,44,volume,mean3,change,winsor_minmax,subgroup,finance_led,73.6842
CO-05,G2,45,volume,mean3,change,winsor_minmax,sector,equal,73.6842
CO-05,G2,45,volume,mean3,change,winsor_minmax,sector,env_led,73.6842
CO-05,G2,45,volume,mean3,change,winsor_minmax,sector,social_led,63.1579
CO-05,G2,45,volume,mean3,change,winsor_minmax,sector,finance_led,73.6842
CO-05,G2,46,volume,mean3,change,log_minmax,subgroup,equal,57.8947
CO-05,G2,46,volume,mean3,change,log_minmax,subgroup,env_led,63.1579
CO-05,G2,46,volume,mean3,change,log_minmax,subgroup,social_led,52.6316
CO-05,G2,46,volume,mean3,change,log_minmax,subgroup,finance_led,36.8421
CO-05,G2,47,volume,mean3,change,log_minmax,sector,equal,47.3684
CO-05,G2,47,volume,mean3,change,log_minmax,sector,env_led,63.1579
CO-05,G2,47,volume,mean3,change,log_minmax,sector,social_led,31.5789
CO-05,G2,47,volume,mean3,change,log_minmax,sector,finance_led,15.7895
CO-05,G2,48,headcount,latest,level,percentile,subgroup,equal,63.1579
CO-05,G2,48,headcount,latest,level,percentile,subgroup,env_led,42.1053
CO-05,G2,48,headcount,latest,level,percentile,subgroup,social_led,68.4211
CO-05,G2,48,headcount,latest,level,percentile,subgroup,finance_led,57.8947
CO-05,G2,49,headcount,latest,level,percentile,sector,equal,68.4211
CO-05,G2,49,headcount,latest,level,percentile,sector,env_led,57.8947
CO-05,G2,49,headcount,latest,level,percentile,sector,social_led,84.2105
CO-05,G2,49,headcount,latest,level,percentile,sector,finance_led,78.9474
CO-05,G2,50,headcount,latest,level,winsor_minmax,subgroup,equal,78.9474
CO-05,G2,50,headcount,latest,level,winsor_minmax,subgroup,env_led,57.8947
CO-05,G2,50,headcount,latest,level,winsor_minmax,subgroup,social_led,89.4737
CO-05,G2,50,headcount,latest,level,winsor_minmax,subgroup,finance_led,78.9474
CO-05,G2,51,headcount,latest,level,winsor_minmax,sector,equal,89.4737
CO-05,G2,51,headcount,latest,level,winsor_minmax,sector,env_led,73.6842
CO-05,G2,51,headcount,latest,level,winsor_minmax,sector,social_led,94.7368
CO-05,G2,51,headcount,latest,level,winsor_minmax,sector,finance_led,84.2105
CO-05,G2,52,headcount,latest,level,log_minmax,subgroup,equal,68.4211
CO-05,G2,52,headcount,latest,level,log_minmax,subgroup,env_led,57.8947
CO-05,G2,52,headcount,latest,level,log_minmax,subgroup,social_led,68.4211
CO-05,G2,52,headcount,latest,level,log_minmax,subgroup,finance_led,57.8947
CO-05,G2,53,headcount,latest,level,log_minmax,sector,equal,73.6842
CO-05,G2,53,headcount,latest,level,log_minmax,sector,env_led,68.4211
CO-05,G2,53,headcount,latest,level,log_minmax,sector,social_led,73.6842
CO-05,G2,53,headcount,latest,level,log_minmax,sector,finance_led,68.4211
CO-05,G2,54,headcount,latest,change,percentile,subgroup,equal,73.6842
CO-05,G2,54,headcount,latest,change,percentile,subgroup,env_led,73.6842
CO-05,G2,54,headcount,latest,change,percentile,subgroup,social_led,68.4211
CO-05,G2,54,headcount,latest,change,percentile,subgroup,finance_led,68.4211
CO-05,G2,55,headcount,latest,change,percentile,sector,equal,68.4211
CO-05,G2,55,headcount,latest,change,percentile,sector,env_led,68.4211
CO-05,G2,55,headcount,latest,change,percentile,sector,social_led,68.4211
CO-05,G2,55,headcount,latest,change,percentile,sector,finance_led,52.6316
CO-05,G2,56,headcount,latest,change,winsor_minmax,subgroup,equal,47.3684
CO-05,G2,56,headcount,latest,change,winsor_minmax,subgroup,env_led,36.8421
CO-05,G2,56,headcount,latest,change,winsor_minmax,subgroup,social_led,52.6316
CO-05,G2,56,headcount,latest,change,winsor_minmax,subgroup,finance_led,42.1053
CO-05,G2,57,headcount,latest,change,winsor_minmax,sector,equal,57.8947
CO-05,G2,57,headcount,latest,change,winsor_minmax,sector,env_led,57.8947
CO-05,G2,57,headcount,latest,change,winsor_minmax,sector,social_led,63.1579
CO-05,G2,57,headcount,latest,change,winsor_minmax,sector,finance_led,36.8421
CO-05,G2,58,headcount,latest,change,log_minmax,subgroup,equal,5.2632
CO-05,G2,58,headcount,latest,change,log_minmax,subgroup,env_led,5.2632
CO-05,G2,58,headcount,latest,change,log_minmax,subgroup,social_led,10.5263
CO-05,G2,58,headcount,latest,change,log_minmax,subgroup,finance_led,10.5263
CO-05,G2,59,headcount,latest,change,log_minmax,sector,equal,10.5263
CO-05,G2,59,headcount,latest,change,log_minmax,sector,env_led,21.0526
CO-05,G2,59,headcount,latest,change,log_minmax,sector,social_led,47.3684
CO-05,G2,59,headcount,latest,change,log_minmax,sector,finance_led,21.0526
CO-05,G2,60,headcount,mean3,level,percentile,subgroup,equal,47.3684
CO-05,G2,60,headcount,mean3,level,percentile,subgroup,env_led,47.3684
CO-05,G2,60,headcount,mean3,level,percentile,subgroup,social_led,47.3684
CO-05,G2,60,headcount,mean3,level,percentile,subgroup,finance_led,36.8421
CO-05,G2,61,headcount,mean3,level,percentile,sector,equal,57.8947
CO-05,G2,61,headcount,mean3,level,percentile,sector,env_led,57.8947
CO-05,G2,61,headcount,mean3,level,percentile,sector,social_led,57.8947
CO-05,G2,61,headcount,mean3,level,percentile,sector,finance_led,57.8947
CO-05,G2,62,headcount,mean3,level,winsor_minmax,subgroup,equal,57.8947
CO-05,G2,62,headcount,mean3,level,winsor_minmax,subgroup,env_led,57.8947
CO-05,G2,62,headcount,mean3,level,winsor_minmax,subgroup,social_led,57.8947
CO-05,G2,62,headcount,mean3,level,winsor_minmax,subgroup,finance_led,68.4211
CO-05,G2,63,headcount,mean3,level,winsor_minmax,sector,equal,57.8947
CO-05,G2,63,headcount,mean3,level,winsor_minmax,sector,env_led,57.8947
CO-05,G2,63,headcount,mean3,level,winsor_minmax,sector,social_led,52.6316
CO-05,G2,63,headcount,mean3,level,winsor_minmax,sector,finance_led,57.8947
CO-05,G2,64,headcount,mean3,level,log_minmax,subgroup,equal,57.8947
CO-05,G2,64,headcount,mean3,level,log_minmax,subgroup,env_led,57.8947
CO-05,G2,64,headcount,mean3,level,log_minmax,subgroup,social_led,63.1579
CO-05,G2,64,headcount,mean3,level,log_minmax,subgroup,finance_led,63.1579
CO-05,G2,65,headcount,mean3,level,log_minmax,sector,equal,63.1579
CO-05,G2,65,headcount,mean3,level,log_minmax,sector,env_led,57.8947
CO-05,G2,65,headcount,mean3,level,log_minmax,sector,social_led,63.1579
CO-05,G2,65,headcount,mean3,level,log_minmax,sector,finance_led,57.8947
CO-05,G2,66,headcount,mean3,change,percentile,subgroup,equal,68.4211
CO-05,G2,66,headcount,mean3,change,percentile,subgroup,env_led,68.4211
CO-05,G2,66,headcount,mean3,change,percentile,subgroup,social_led,63.1579
CO-05,G2,66,headcount,mean3,change,percentile,subgroup,finance_led,68.4211
CO-05,G2,67,headcount,mean3,change,percentile,sector,equal,73.6842
CO-05,G2,67,headcount,mean3,change,percentile,sector,env_led,73.6842
CO-05,G2,67,headcount,mean3,change,percentile,sector,social_led,57.8947
CO-05,G2,67,headcount,mean3,change,percentile,sector,finance_led,73.6842
CO-05,G2,68,headcount,mean3,change,winsor_minmax,subgroup,equal,68.4211
CO-05,G2,68,headcount,mean3,change,winsor_minmax,subgroup,env_led,68.4211
CO-05,G2,68,headcount,mean3,change,winsor_minmax,subgroup,social_led,68.4211
CO-05,G2,68,headcount,mean3,change,winsor_minmax,subgroup,finance_led,73.6842
CO-05,G2,69,headcount,mean3,change,winsor_minmax,sector,equal,73.6842
CO-05,G2,69,headcount,mean3,change,winsor_minmax,sector,env_led,73.6842
CO-05,G2,69,headcount,mean3,change,winsor_minmax,sector,social_led,57.8947
CO-05,G2,69,headcount,mean3,change,winsor_minmax,sector,finance_led,73.6842
CO-05,G2,70,headcount,mean3,change,log_minmax,subgroup,equal,47.3684
CO-05,G2,70,headcount,mean3,change,log_minmax,subgroup,env_led,63.1579
CO-05,G2,70,headcount,mean3,change,log_minmax,subgroup,social_led,63.1579
CO-05,G2,70,headcount,mean3,change,log_minmax,subgroup,finance_led,42.1053
CO-05,G2,71,headcount,mean3,change,log_minmax,sector,equal,47.3684
CO-05,G2,71,headcount,mean3,change,log_minmax,sector,env_led,63.1579
CO-05,G2,71,headcount,mean3,change,log_minmax,sector,social_led,36.8421
CO-05,G2,71,headcount,mean3,change,log_minmax,sector,finance_led,26.3158
CO-06,G2,0,revenue,latest,level,percentile,subgroup,equal,73.6842
CO-06,G2,0,revenue,latest,level,percentile,subgroup,env_led,73.6842
CO-06,G2,0,revenue,latest,level,percentile,subgroup,social_led,78.9474
CO-06,G2,0,revenue,latest,level,percentile,subgroup,finance_led,63.1579
CO-06,G2,1,revenue,latest,level,percentile,sector,equal,73.6842
CO-06,G2,1,revenue,latest,level,percentile,sector,env_led,78.9474
CO-06,G2,1,revenue,latest,level,percentile,sector,social_led,78.9474
CO-06,G2,1,revenue,latest,level,percentile,sector,finance_led,57.8947
CO-06,G2,2,revenue,latest,level,winsor_minmax,subgroup,equal,68.4211
CO-06,G2,2,revenue,latest,level,winsor_minmax,subgroup,env_led,73.6842
CO-06,G2,2,revenue,latest,level,winsor_minmax,subgroup,social_led,68.4211
CO-06,G2,2,revenue,latest,level,winsor_minmax,subgroup,finance_led,63.1579
CO-06,G2,3,revenue,latest,level,winsor_minmax,sector,equal,63.1579
CO-06,G2,3,revenue,latest,level,winsor_minmax,sector,env_led,68.4211
CO-06,G2,3,revenue,latest,level,winsor_minmax,sector,social_led,68.4211
CO-06,G2,3,revenue,latest,level,winsor_minmax,sector,finance_led,52.6316
CO-06,G2,4,revenue,latest,level,log_minmax,subgroup,equal,78.9474
CO-06,G2,4,revenue,latest,level,log_minmax,subgroup,env_led,84.2105
CO-06,G2,4,revenue,latest,level,log_minmax,subgroup,social_led,78.9474
CO-06,G2,4,revenue,latest,level,log_minmax,subgroup,finance_led,78.9474
CO-06,G2,5,revenue,latest,level,log_minmax,sector,equal,84.2105
CO-06,G2,5,revenue,latest,level,log_minmax,sector,env_led,84.2105
CO-06,G2,5,revenue,latest,level,log_minmax,sector,social_led,84.2105
CO-06,G2,5,revenue,latest,level,log_minmax,sector,finance_led,73.6842
CO-06,G2,6,revenue,latest,change,percentile,subgroup,equal,78.9474
CO-06,G2,6,revenue,latest,change,percentile,subgroup,env_led,94.7368
CO-06,G2,6,revenue,latest,change,percentile,subgroup,social_led,78.9474
CO-06,G2,6,revenue,latest,change,percentile,subgroup,finance_led,73.6842
CO-06,G2,7,revenue,latest,change,percentile,sector,equal,89.4737
CO-06,G2,7,revenue,latest,change,percentile,sector,env_led,94.7368
CO-06,G2,7,revenue,latest,change,percentile,sector,social_led,89.4737
CO-06,G2,7,revenue,latest,change,percentile,sector,finance_led,73.6842
CO-06,G2,8,revenue,latest,change,winsor_minmax,subgroup,equal,78.9474
CO-06,G2,8,revenue,latest,change,winsor_minmax,subgroup,env_led,94.7368
CO-06,G2,8,revenue,latest,change,winsor_minmax,subgroup,social_led,78.9474
CO-06,G2,8,revenue,latest,change,winsor_minmax,subgroup,finance_led,73.6842
CO-06,G2,9,revenue,latest,change,winsor_minmax,sector,equal,89.4737
CO-06,G2,9,revenue,latest,change,winsor_minmax,sector,env_led,89.4737
CO-06,G2,9,revenue,latest,change,winsor_minmax,sector,social_led,89.4737
CO-06,G2,9,revenue,latest,change,winsor_minmax,sector,finance_led,73.6842
CO-06,G2,10,revenue,latest,change,log_minmax,subgroup,equal,89.4737
CO-06,G2,10,revenue,latest,change,log_minmax,subgroup,env_led,94.7368
CO-06,G2,10,revenue,latest,change,log_minmax,subgroup,social_led,89.4737
CO-06,G2,10,revenue,latest,change,log_minmax,subgroup,finance_led,78.9474
CO-06,G2,11,revenue,latest,change,log_minmax,sector,equal,94.7368
CO-06,G2,11,revenue,latest,change,log_minmax,sector,env_led,94.7368
CO-06,G2,11,revenue,latest,change,log_minmax,sector,social_led,94.7368
CO-06,G2,11,revenue,latest,change,log_minmax,sector,finance_led,94.7368
CO-06,G2,12,revenue,mean3,level,percentile,subgroup,equal,68.4211
CO-06,G2,12,revenue,mean3,level,percentile,subgroup,env_led,68.4211
CO-06,G2,12,revenue,mean3,level,percentile,subgroup,social_led,78.9474
CO-06,G2,12,revenue,mean3,level,percentile,subgroup,finance_led,68.4211
CO-06,G2,13,revenue,mean3,level,percentile,sector,equal,78.9474
CO-06,G2,13,revenue,mean3,level,percentile,sector,env_led,78.9474
CO-06,G2,13,revenue,mean3,level,percentile,sector,social_led,84.2105
CO-06,G2,13,revenue,mean3,level,percentile,sector,finance_led,78.9474
CO-06,G2,14,revenue,mean3,level,winsor_minmax,subgroup,equal,78.9474
CO-06,G2,14,revenue,mean3,level,winsor_minmax,subgroup,env_led,73.6842
CO-06,G2,14,revenue,mean3,level,winsor_minmax,subgroup,social_led,78.9474
CO-06,G2,14,revenue,mean3,level,winsor_minmax,subgroup,finance_led,73.6842
CO-06,G2,15,revenue,mean3,level,winsor_minmax,sector,equal,78.9474
CO-06,G2,15,revenue,mean3,level,winsor_minmax,sector,env_led,73.6842
CO-06,G2,15,revenue,mean3,level,winsor_minmax,sector,social_led,84.2105
CO-06,G2,15,revenue,mean3,level,winsor_minmax,sector,finance_led,57.8947
CO-06,G2,16,revenue,mean3,level,log_minmax,subgroup,equal,84.2105
CO-06,G2,16,revenue,mean3,level,log_minmax,subgroup,env_led,84.2105
CO-06,G2,16,revenue,mean3,level,log_minmax,subgroup,social_led,89.4737
CO-06,G2,16,revenue,mean3,level,log_minmax,subgroup,finance_led,89.4737
CO-06,G2,17,revenue,mean3,level,log_minmax,sector,equal,84.2105
CO-06,G2,17,revenue,mean3,level,log_minmax,sector,env_led,84.2105
CO-06,G2,17,revenue,mean3,level,log_minmax,sector,social_led,84.2105
CO-06,G2,17,revenue,mean3,level,log_minmax,sector,finance_led,84.2105
CO-06,G2,18,revenue,mean3,change,percentile,subgroup,equal,94.7368
CO-06,G2,18,revenue,mean3,change,percentile,subgroup,env_led,94.7368
CO-06,G2,18,revenue,mean3,change,percentile,subgroup,social_led,89.4737
CO-06,G2,18,revenue,mean3,change,percentile,subgroup,finance_led,89.4737
CO-06,G2,19,revenue,mean3,change,percentile,sector,equal,78.9474
CO-06,G2,19,revenue,mean3,change,percentile,sector,env_led,84.2105
CO-06,G2,19,revenue,mean3,change,percentile,sector,social_led,84.2105
CO-06,G2,19,revenue,mean3,change,percentile,sector,finance_led,78.9474
CO-06,G2,20,revenue,mean3,change,winsor_minmax,subgroup,equal,94.7368
CO-06,G2,20,revenue,mean3,change,winsor_minmax,subgroup,env_led,94.7368
CO-06,G2,20,revenue,mean3,change,winsor_minmax,subgroup,social_led,100.0
CO-06,G2,20,revenue,mean3,change,winsor_minmax,subgroup,finance_led,94.7368
CO-06,G2,21,revenue,mean3,change,winsor_minmax,sector,equal,84.2105
CO-06,G2,21,revenue,mean3,change,winsor_minmax,sector,env_led,84.2105
CO-06,G2,21,revenue,mean3,change,winsor_minmax,sector,social_led,84.2105
CO-06,G2,21,revenue,mean3,change,winsor_minmax,sector,finance_led,78.9474
CO-06,G2,22,revenue,mean3,change,log_minmax,subgroup,equal,94.7368
CO-06,G2,22,revenue,mean3,change,log_minmax,subgroup,env_led,94.7368
CO-06,G2,22,revenue,mean3,change,log_minmax,subgroup,social_led,94.7368
CO-06,G2,22,revenue,mean3,change,log_minmax,subgroup,finance_led,94.7368
CO-06,G2,23,revenue,mean3,change,log_minmax,sector,equal,78.9474
CO-06,G2,23,revenue,mean3,change,log_minmax,sector,env_led,84.2105
CO-06,G2,23,revenue,mean3,change,log_minmax,sector,social_led,84.2105
CO-06,G2,23,revenue,mean3,change,log_minmax,sector,finance_led,78.9474
CO-06,G2,24,volume,latest,level,percentile,subgroup,equal,84.2105
CO-06,G2,24,volume,latest,level,percentile,subgroup,env_led,89.4737
CO-06,G2,24,volume,latest,level,percentile,subgroup,social_led,78.9474
CO-06,G2,24,volume,latest,level,percentile,subgroup,finance_led,78.9474
CO-06,G2,25,volume,latest,level,percentile,sector,equal,78.9474
CO-06,G2,25,volume,latest,level,percentile,sector,env_led,84.2105
CO-06,G2,25,volume,latest,level,percentile,sector,social_led,73.6842
CO-06,G2,25,volume,latest,level,percentile,sector,finance_led,57.8947
CO-06,G2,26,volume,latest,level,winsor_minmax,subgroup,equal,73.6842
CO-06,G2,26,volume,latest,level,winsor_minmax,subgroup,env_led,73.6842
CO-06,G2,26,volume,latest,level,winsor_minmax,subgroup,social_led,68.4211
CO-06,G2,26,volume,latest,level,winsor_minmax,subgroup,finance_led,73.6842
CO-06,G2,27,volume,latest,level,winsor_minmax,sector,equal,73.6842
CO-06,G2,27,volume,latest,level,winsor_minmax,sector,env_led,84.2105
CO-06,G2,27,volume,latest,level,winsor_minmax,sector,social_led,68.4211
CO-06,G2,27,volume,latest,level,winsor_minmax,sector,finance_led,63.1579
CO-06,G2,28,volume,latest,level,log_minmax,subgroup,equal,84.2105
CO-06,G2,28,volume,latest,level,log_minmax,subgroup,env_led,84.2105
CO-06,G2,28,volume,latest,level,log_minmax,subgroup,social_led,78.9474
CO-06,G2,28,volume,latest,level,log_minmax,subgroup,finance_led,78.9474
CO-06,G2,29,volume,latest,level,log_minmax,sector,equal,84.2105
CO-06,G2,29,volume,latest,level,log_minmax,sector,env_led,84.2105
CO-06,G2,29,volume,latest,level,log_minmax,sector,social_led,84.2105
CO-06,G2,29,volume,latest,level,log_minmax,sector,finance_led,78.9474
CO-06,G2,30,volume,latest,change,percentile,subgroup,equal,78.9474
CO-06,G2,30,volume,latest,change,percentile,subgroup,env_led,89.4737
CO-06,G2,30,volume,latest,change,percentile,subgroup,social_led,78.9474
CO-06,G2,30,volume,latest,change,percentile,subgroup,finance_led,57.8947
CO-06,G2,31,volume,latest,change,percentile,sector,equal,89.4737
CO-06,G2,31,volume,latest,change,percentile,sector,env_led,94.7368
CO-06,G2,31,volume,latest,change,percentile,sector,social_led,89.4737
CO-06,G2,31,volume,latest,change,percentile,sector,finance_led,73.6842
CO-06,G2,32,volume,latest,change,winsor_minmax,subgroup,equal,78.9474
CO-06,G2,32,volume,latest,change,winsor_minmax,subgroup,env_led,89.4737
CO-06,G2,32,volume,latest,change,winsor_minmax,subgroup,social_led,78.9474
CO-06,G2,32,volume,latest,change,winsor_minmax,subgroup,finance_led,63.1579
CO-06,G2,33,volume,latest,change,winsor_minmax,sector,equal,89.4737
CO-06,G2,33,volume,latest,change,winsor_minmax,sector,env_led,94.7368
CO-06,G2,33,volume,latest,change,winsor_minmax,sector,social_led,89.4737
CO-06,G2,33,volume,latest,change,winsor_minmax,sector,finance_led,78.9474
CO-06,G2,34,volume,latest,change,log_minmax,subgroup,equal,89.4737
CO-06,G2,34,volume,latest,change,log_minmax,subgroup,env_led,94.7368
CO-06,G2,34,volume,latest,change,log_minmax,subgroup,social_led,94.7368
CO-06,G2,34,volume,latest,change,log_minmax,subgroup,finance_led,84.2105
CO-06,G2,35,volume,latest,change,log_minmax,sector,equal,94.7368
CO-06,G2,35,volume,latest,change,log_minmax,sector,env_led,94.7368
CO-06,G2,35,volume,latest,change,log_minmax,sector,social_led,94.7368
CO-06,G2,35,volume,latest,change,log_minmax,sector,finance_led,94.7368
CO-06,G2,36,volume,mean3,level,percentile,subgroup,equal,94.7368
CO-06,G2,36,volume,mean3,level,percentile,subgroup,env_led,94.7368
CO-06,G2,36,volume,mean3,level,percentile,subgroup,social_led,94.7368
CO-06,G2,36,volume,mean3,level,percentile,subgroup,finance_led,94.7368
CO-06,G2,37,volume,mean3,level,percentile,sector,equal,84.2105
CO-06,G2,37,volume,mean3,level,percentile,sector,env_led,84.2105
CO-06,G2,37,volume,mean3,level,percentile,sector,social_led,84.2105
CO-06,G2,37,volume,mean3,level,percentile,sector,finance_led,89.4737
CO-06,G2,38,volume,mean3,level,winsor_minmax,subgroup,equal,78.9474
CO-06,G2,38,volume,mean3,level,winsor_minmax,subgroup,env_led,84.2105
CO-06,G2,38,volume,mean3,level,winsor_minmax,subgroup,social_led,78.9474
CO-06,G2,38,volume,mean3,level,winsor_minmax,subgroup,finance_led,78.9474
CO-06,G2,39,volume,mean3,level,winsor_minmax,sector,equal,84.2105
CO-06,G2,39,volume,mean3,level,winsor_minmax,sector,env_led,84.2105
CO-06,G2,39,volume,mean3,level,winsor_minmax,sector,social_led,84.2105
CO-06,G2,39,volume,mean3,level,winsor_minmax,sector,finance_led,68.4211
CO-06,G2,40,volume,mean3,level,log_minmax,subgroup,equal,89.4737
CO-06,G2,40,volume,mean3,level,log_minmax,subgroup,env_led,89.4737
CO-06,G2,40,volume,mean3,level,log_minmax,subgroup,social_led,89.4737
CO-06,G2,40,volume,mean3,level,log_minmax,subgroup,finance_led,94.7368
CO-06,G2,41,volume,mean3,level,log_minmax,sector,equal,84.2105
CO-06,G2,41,volume,mean3,level,log_minmax,sector,env_led,84.2105
CO-06,G2,41,volume,mean3,level,log_minmax,sector,social_led,84.2105
CO-06,G2,41,volume,mean3,level,log_minmax,sector,finance_led,84.2105
CO-06,G2,42,volume,mean3,change,percentile,subgroup,equal,89.4737
CO-06,G2,42,volume,mean3,change,percentile,subgroup,env_led,94.7368
CO-06,G2,42,volume,mean3,change,percentile,subgroup,social_led,89.4737
CO-06,G2,42,volume,mean3,change,percentile,subgroup,finance_led,84.2105
CO-06,G2,43,volume,mean3,change,percentile,sector,equal,78.9474
CO-06,G2,43,volume,mean3,change,percentile,sector,env_led,84.2105
CO-06,G2,43,volume,mean3,change,percentile,sector,social_led,84.2105
CO-06,G2,43,volume,mean3,change,percentile,sector,finance_led,68.4211
CO-06,G2,44,volume,mean3,change,winsor_minmax,subgroup,equal,94.7368
CO-06,G2,44,volume,mean3,change,winsor_minmax,subgroup,env_led,94.7368
CO-06,G2,44,volume,mean3,change,winsor_minmax,subgroup,social_led,100.0
CO-06,G2,44,volume,mean3,change,winsor_minmax,subgroup,finance_led,94.7368
CO-06,G2,45,volume,mean3,change,winsor_minmax,sector,equal,84.2105
CO-06,G2,45,volume,mean3,change,winsor_minmax,sector,env_led,84.2105
CO-06,G2,45,volume,mean3,change,winsor_minmax,sector,social_led,84.2105
CO-06,G2,45,volume,mean3,change,winsor_minmax,sector,finance_led,78.9474
CO-06,G2,46,volume,mean3,change,log_minmax,subgroup,equal,94.7368
CO-06,G2,46,volume,mean3,change,log_minmax,subgroup,env_led,89.4737
CO-06,G2,46,volume,mean3,change,log_minmax,subgroup,social_led,94.7368
CO-06,G2,46,volume,mean3,change,log_minmax,subgroup,finance_led,94.7368
CO-06,G2,47,volume,mean3,change,log_minmax,sector,equal,78.9474
CO-06,G2,47,volume,mean3,change,log_minmax,sector,env_led,84.2105
CO-06,G2,47,volume,mean3,change,log_minmax,sector,social_led,84.2105
CO-06,G2,47,volume,mean3,change,log_minmax,sector,finance_led,78.9474
CO-06,G2,48,headcount,latest,level,percentile,subgroup,equal,84.2105
CO-06,G2,48,headcount,latest,level,percentile,subgroup,env_led,89.4737
CO-06,G2,48,headcount,latest,level,percentile,subgroup,social_led,78.9474
CO-06,G2,48,headcount,latest,level,percentile,subgroup,finance_led,73.6842
CO-06,G2,49,headcount,latest,level,percentile,sector,equal,78.9474
CO-06,G2,49,headcount,latest,level,percentile,sector,env_led,84.2105
CO-06,G2,49,headcount,latest,level,percentile,sector,social_led,78.9474
CO-06,G2,49,headcount,latest,level,percentile,sector,finance_led,68.4211
CO-06,G2,50,headcount,latest,level,winsor_minmax,subgroup,equal,68.4211
CO-06,G2,50,headcount,latest,level,winsor_minmax,subgroup,env_led,73.6842
CO-06,G2,50,headcount,latest,level,winsor_minmax,subgroup,social_led,68.4211
CO-06,G2,50,headcount,latest,level,winsor_minmax,subgroup,finance_led,73.6842
CO-06,G2,51,headcount,latest,level,winsor_minmax,sector,equal,63.1579
CO-06,G2,51,headcount,latest,level,winsor_minmax,sector,env_led,78.9474
CO-06,G2,51,headcount,latest,level,winsor_minmax,sector,social_led,63.1579
CO-06,G2,51,headcount,latest,level,winsor_minmax,sector,finance_led,52.6316
CO-06,G2,52,headcount,latest,level,log_minmax,subgroup,equal,84.2105
CO-06,G2,52,headcount,latest,level,log_minmax,subgroup,env_led,89.4737
CO-06,G2,52,headcount,latest,level,log_minmax,subgroup,social_led,78.9474
CO-06,G2,52,headcount,latest,level,log_minmax,subgroup,finance_led,78.9474
CO-06,G2,53,headcount,latest,level,log_minmax,sector,equal,84.2105
CO-06,G2,53,headcount,latest,level,log_minmax,sector,env_led,84.2105
CO-06,G2,53,headcount,latest,level,log_minmax,sector,social_led,84.2105
CO-06,G2,53,headcount,latest,level,log_minmax,sector,finance_led,73.6842
CO-06,G2,54,headcount,latest,change,percentile,subgroup,equal,78.9474
CO-06,G2,54,headcount,latest,change,percentile,subgroup,env_led,89.4737
CO-06,G2,54,headcount,latest,change,percentile,subgroup,social_led,78.9474
CO-06,G2,54,headcount,latest,change,percentile,subgroup,finance_led,63.1579
CO-06,G2,55,headcount,latest,change,percentile,sector,equal,89.4737
CO-06,G2,55,headcount,latest,change,percentile,sector,env_led,94.7368
CO-06,G2,55,headcount,latest,change,percentile,sector,social_led,89.4737
CO-06,G2,55,headcount,latest,change,percentile,sector,finance_led,78.9474
CO-06,G2,56,headcount,latest,change,winsor_minmax,subgroup,equal,78.9474
CO-06,G2,56,headcount,latest,change,winsor_minmax,subgroup,env_led,89.4737
CO-06,G2,56,headcount,latest,change,winsor_minmax,subgroup,social_led,78.9474
CO-06,G2,56,headcount,latest,change,winsor_minmax,subgroup,finance_led,68.4211
CO-06,G2,57,headcount,latest,change,winsor_minmax,sector,equal,89.4737
CO-06,G2,57,headcount,latest,change,winsor_minmax,sector,env_led,94.7368
CO-06,G2,57,headcount,latest,change,winsor_minmax,sector,social_led,89.4737
CO-06,G2,57,headcount,latest,change,winsor_minmax,sector,finance_led,73.6842
CO-06,G2,58,headcount,latest,change,log_minmax,subgroup,equal,89.4737
CO-06,G2,58,headcount,latest,change,log_minmax,subgroup,env_led,94.7368
CO-06,G2,58,headcount,latest,change,log_minmax,subgroup,social_led,94.7368
CO-06,G2,58,headcount,latest,change,log_minmax,subgroup,finance_led,84.2105
CO-06,G2,59,headcount,latest,change,log_minmax,sector,equal,94.7368
CO-06,G2,59,headcount,latest,change,log_minmax,sector,env_led,94.7368
CO-06,G2,59,headcount,latest,change,log_minmax,sector,social_led,94.7368
CO-06,G2,59,headcount,latest,change,log_minmax,sector,finance_led,94.7368
CO-06,G2,60,headcount,mean3,level,percentile,subgroup,equal,89.4737
CO-06,G2,60,headcount,mean3,level,percentile,subgroup,env_led,89.4737
CO-06,G2,60,headcount,mean3,level,percentile,subgroup,social_led,94.7368
CO-06,G2,60,headcount,mean3,level,percentile,subgroup,finance_led,89.4737
CO-06,G2,61,headcount,mean3,level,percentile,sector,equal,84.2105
CO-06,G2,61,headcount,mean3,level,percentile,sector,env_led,89.4737
CO-06,G2,61,headcount,mean3,level,percentile,sector,social_led,84.2105
CO-06,G2,61,headcount,mean3,level,percentile,sector,finance_led,78.9474
CO-06,G2,62,headcount,mean3,level,winsor_minmax,subgroup,equal,78.9474
CO-06,G2,62,headcount,mean3,level,winsor_minmax,subgroup,env_led,78.9474
CO-06,G2,62,headcount,mean3,level,winsor_minmax,subgroup,social_led,78.9474
CO-06,G2,62,headcount,mean3,level,winsor_minmax,subgroup,finance_led,73.6842
CO-06,G2,63,headcount,mean3,level,winsor_minmax,sector,equal,84.2105
CO-06,G2,63,headcount,mean3,level,winsor_minmax,sector,env_led,84.2105
CO-06,G2,63,headcount,mean3,level,winsor_minmax,sector,social_led,84.2105
CO-06,G2,63,headcount,mean3,level,winsor_minmax,sector,finance_led,63.1579
CO-06,G2,64,headcount,mean3,level,log_minmax,subgroup,equal,89.4737
CO-06,G2,64,headcount,mean3,level,log_minmax,subgroup,env_led,89.4737
CO-06,G2,64,headcount,mean3,level,log_minmax,subgroup,social_led,89.4737
CO-06,G2,64,headcount,mean3,level,log_minmax,subgroup,finance_led,89.4737
CO-06,G2,65,headcount,mean3,level,log_minmax,sector,equal,84.2105
CO-06,G2,65,headcount,mean3,level,log_minmax,sector,env_led,84.2105
CO-06,G2,65,headcount,mean3,level,log_minmax,sector,social_led,84.2105
CO-06,G2,65,headcount,mean3,level,log_minmax,sector,finance_led,84.2105
CO-06,G2,66,headcount,mean3,change,percentile,subgroup,equal,94.7368
CO-06,G2,66,headcount,mean3,change,percentile,subgroup,env_led,94.7368
CO-06,G2,66,headcount,mean3,change,percentile,subgroup,social_led,89.4737
CO-06,G2,66,headcount,mean3,change,percentile,subgroup,finance_led,89.4737
CO-06,G2,67,headcount,mean3,change,percentile,sector,equal,78.9474
CO-06,G2,67,headcount,mean3,change,percentile,sector,env_led,84.2105
CO-06,G2,67,headcount,mean3,change,percentile,sector,social_led,84.2105
CO-06,G2,67,headcount,mean3,change,percentile,sector,finance_led,78.9474
CO-06,G2,68,headcount,mean3,change,winsor_minmax,subgroup,equal,94.7368
CO-06,G2,68,headcount,mean3,change,winsor_minmax,subgroup,env_led,94.7368
CO-06,G2,68,headcount,mean3,change,winsor_minmax,subgroup,social_led,100.0
CO-06,G2,68,headcount,mean3,change,winsor_minmax,subgroup,finance_led,94.7368
CO-06,G2,69,headcount,mean3,change,winsor_minmax,sector,equal,84.2105
CO-06,G2,69,headcount,mean3,change,winsor_minmax,sector,env_led,84.2105
CO-06,G2,69,headcount,mean3,change,winsor_minmax,sector,social_led,84.2105
CO-06,G2,69,headcount,mean3,change,winsor_minmax,sector,finance_led,78.9474
CO-06,G2,70,headcount,mean3,change,log_minmax,subgroup,equal,94.7368
CO-06,G2,70,headcount,mean3,change,log_minmax,subgroup,env_led,89.4737
CO-06,G2,70,headcount,mean3,change,log_minmax,subgroup,social_led,94.7368
CO-06,G2,70,headcount,mean3,change,log_minmax,subgroup,finance_led,94.7368
CO-06,G2,71,headcount,mean3,change,log_minmax,sector,equal,78.9474
CO-06,G2,71,headcount,mean3,change,log_minmax,sector,env_led,84.2105
CO-06,G2,71,headcount,mean3,change,log_minmax,sector,social_led,84.2105
CO-06,G2,71,headcount,mean3,change,log_minmax,sector,finance_led,78.9474
CO-07,G2,0,revenue,latest,level,percentile,subgroup,equal,26.3158
CO-07,G2,0,revenue,latest,level,percentile,subgroup,env_led,21.0526
CO-07,G2,0,revenue,latest,level,percentile,subgroup,social_led,26.3158
CO-07,G2,0,revenue,latest,level,percentile,subgroup,finance_led,26.3158
CO-07,G2,1,revenue,latest,level,percentile,sector,equal,47.3684
CO-07,G2,1,revenue,latest,level,percentile,sector,env_led,47.3684
CO-07,G2,1,revenue,latest,level,percentile,sector,social_led,42.1053
CO-07,G2,1,revenue,latest,level,percentile,sector,finance_led,73.6842
CO-07,G2,2,revenue,latest,level,winsor_minmax,subgroup,equal,36.8421
CO-07,G2,2,revenue,latest,level,winsor_minmax,subgroup,env_led,36.8421
CO-07,G2,2,revenue,latest,level,winsor_minmax,subgroup,social_led,36.8421
CO-07,G2,2,revenue,latest,level,winsor_minmax,subgroup,finance_led,21.0526
CO-07,G2,3,revenue,latest,level,winsor_minmax,sector,equal,47.3684
CO-07,G2,3,revenue,latest,level,winsor_minmax,sector,env_led,47.3684
CO-07,G2,3,revenue,latest,level,winsor_minmax,sector,social_led,42.1053
CO-07,G2,3,revenue,latest,level,winsor_minmax,sector,finance_led,68.4211
CO-07,G2,4,revenue,latest,level,log_minmax,subgroup,equal,31.5789
CO-07,G2,4,revenue,latest,level,log_minmax,subgroup,env_led,42.1053
CO-07,G2,4,revenue,latest,level,log_minmax,subgroup,social_led,36.8421
CO-07,G2,4,revenue,latest,level,log_minmax,subgroup,finance_led,21.0526
CO-07,G2,5,revenue,latest,level,log_minmax,sector,equal,42.1053
CO-07,G2,5,revenue,latest,level,log_minmax,sector,env_led,47.3684
CO-07,G2,5,revenue,latest,level,log_minmax,sector,social_led,36.8421
CO-07,G2,5,revenue,latest,level,log_minmax,sector,finance_led,36.8421
CO-07,G2,6,revenue,latest,change,percentile,subgroup,equal,26.3158
CO-07,G2,6,revenue,latest,change,percentile,subgroup,env_led,26.3158
CO-07,G2,6,revenue,latest,change,percentile,subgroup,social_led,21.0526
CO-07,G2,6,revenue,latest,change,percentile,subgroup,finance_led,31.5789
CO-07,G2,7,revenue,latest,change,percentile,sector,equal,15.7895
CO-07,G2,7,revenue,latest,change,percentile,sector,env_led,26.3158
CO-07,G2,7,revenue,latest,change,percentile,sector,social_led,21.0526
CO-07,G2,7,revenue,latest,change,percentile,sector,finance_led,15.7895
CO-07,G2,8,revenue,latest,change,winsor_minmax,subgroup,equal,57.8947
CO-07,G2,8,revenue,latest,change,winsor_minmax,subgroup,env_led,47.3684
CO-07,G2,8,revenue,latest,change,winsor_minmax,subgroup,social_led,47.3684
CO-07,G2,8,revenue,latest,change,winsor_minmax,subgroup,finance_led,57.8947
CO-07,G2,9,revenue,latest,change,winsor_minmax,sector,equal,21.0526
CO-07,G2,9,revenue,latest,change,winsor_minmax,sector,env_led,31.5789
CO-07,G2,9,revenue,latest,change,winsor_minmax,sector,social_led,26.3158
CO-07,G2,9,revenue,latest,change,winsor_minmax,sector,finance_led,26.3158
CO-07,G2,10,revenue,latest,change,log_minmax,subgroup,equal,36.8421
CO-07,G2,10,revenue,latest,change,log_minmax,subgroup,env_led,31.5789
CO-07,G2,10,revenue,latest,change,log_minmax,subgroup,social_led,31.5789
CO-07,G2,10,revenue,latest,change,log_minmax,subgroup,finance_led,52.6316
CO-07,G2,11,revenue,latest,change,log_minmax,sector,equal,26.3158
CO-07,G2,11,revenue,latest,change,log_minmax,sector,env_led,31.5789
CO-07,G2,11,revenue,latest,change,log_minmax,sector,social_led,21.0526
CO-07,G2,11,revenue,latest,change,log_minmax,sector,finance_led,36.8421
CO-07,G2,12,revenue,mean3,level,percentile,subgroup,equal,26.3158
CO-07,G2,12,revenue,mean3,level,percentile,subgroup,env_led,26.3158
CO-07,G2,12,revenue,mean3,level,percentile,subgroup,social_led,26.3158
CO-07,G2,12,revenue,mean3,level,percentile,subgroup,finance_led,52.6316
CO-07,G2,13,revenue,mean3,level,percentile,sector,equal,47.3684
CO-07,G2,13,revenue,mean3,level,percentile,sector,env_led,47.3684
CO-07,G2,13,revenue,mean3,level,percentile,sector,social_led,47.3684
CO-07,G2,13,revenue,mean3,level,percentile,sector,finance_led,68.4211
CO-07,G2,14,revenue,mean3,level,winsor_minmax,subgroup,equal,47.3684
CO-07,G2,14,revenue,mean3,level,winsor_minmax,subgroup,env_led,47.3684
CO-07,G2,14,revenue,mean3,level,winsor_minmax,subgroup,social_led,47.3684
CO-07,G2,14,revenue,mean3,level,winsor_minmax,subgroup,finance_led,63.1579
CO-07,G2,15,revenue,mean3,level,winsor_minmax,sector,equal,47.3684
CO-07,G2,15,revenue,mean3,level,winsor_minmax,sector,env_led,47.3684
CO-07,G2,15,revenue,mean3,level,winsor_minmax,sector,social_led,47.3684
CO-07,G2,15,revenue,mean3,level,winsor_minmax,sector,finance_led,68.4211
CO-07,G2,16,revenue,mean3,level,log_minmax,subgroup,equal,52.6316
CO-07,G2,16,revenue,mean3,level,log_minmax,subgroup,env_led,52.6316
CO-07,G2,16,revenue,mean3,level,log_minmax,subgroup,social_led,47.3684
CO-07,G2,16,revenue,mean3,level,log_minmax,subgroup,finance_led,36.8421
CO-07,G2,17,revenue,mean3,level,log_minmax,sector,equal,47.3684
CO-07,G2,17,revenue,mean3,level,log_minmax,sector,env_led,47.3684
CO-07,G2,17,revenue,mean3,level,log_minmax,sector,social_led,47.3684
CO-07,G2,17,revenue,mean3,level,log_minmax,sector,finance_led,42.1053
CO-07,G2,18,revenue,mean3,change,percentile,subgroup,equal,21.0526
CO-07,G2,18,revenue,mean3,change,percentile,subgroup,env_led,21.0526
CO-07,G2,18,revenue,mean3,change,percentile,subgroup,social_led,21.0526
CO-07,G2,18,revenue,mean3,change,percentile,subgroup,finance_led,21.0526
CO-07,G2,19,revenue,mean3,change,percentile,sector,equal,26.3158
CO-07,G2,19,revenue,mean3,change,percentile,sector,env_led,26.3158
CO-07,G2,19,revenue,mean3,change,percentile,sector,social_led,21.0526
CO-07,G2,19,revenue,mean3,change,percentile,sector,finance_led,26.3158
CO-07,G2,20,revenue,mean3,change,winsor_minmax,subgroup,equal,36.8421
CO-07,G2,20,revenue,mean3,change,winsor_minmax,subgroup,env_led,36.8421
CO-07,G2,20,revenue,mean3,change,winsor_minmax,subgroup,social_led,31.5789
CO-07,G2,20,revenue,mean3,change,winsor_minmax,subgroup,finance_led,31.5789
CO-07,G2,21,revenue,mean3,change,winsor_minmax,sector,equal,21.0526
CO-07,G2,21,revenue,mean3,change,winsor_minmax,sector,env_led,26.3158
CO-07,G2,21,revenue,mean3,change,winsor_minmax,sector,social_led,21.0526
CO-07,G2,21,revenue,mean3,change,winsor_minmax,sector,finance_led,21.0526
CO-07,G2,22,revenue,mean3,change,log_minmax,subgroup,equal,10.5263
CO-07,G2,22,revenue,mean3,change,log_minmax,subgroup,env_led,10.5263
CO-07,G2,22,revenue,mean3,change,log_minmax,subgroup,social_led,10.5263
CO-07,G2,22,revenue,mean3,change,log_minmax,subgroup,finance_led,10.5263
CO-07,G2,23,revenue,mean3,change,log_minmax,sector,equal,5.2632
CO-07,G2,23,revenue,mean3,change,log_minmax,sector,env_led,10.5263
CO-07,G2,23,revenue,mean3,change,log_minmax,sector,social_led,0.0
CO-07,G2,23,revenue,mean3,change,log_minmax,sector,finance_led,5.2632
CO-07,G2,24,volume,latest,level,percentile,subgroup,equal,26.3158
CO-07,G2,24,volume,latest,level,percentile,subgroup,env_led,26.3158
CO-07,G2,24,volume,latest,level,percentile,subgroup,social_led,26.3158
CO-07,G2,24,volume,latest,level,percentile,subgroup,finance_led,21.0526
CO-07,G2,25,volume,latest,level,percentile,sector,equal,42.1053
CO-07,G2,25,volume,latest,level,percentile,sector,env_led,42.1053
CO-07,G2,25,volume,latest,level,percentile,sector,social_led,42.1053
CO-07,G2,25,volume,latest,level,percentile,sector,finance_led,68.4211
CO-07,G2,26,volume,latest,level,winsor_minmax,subgroup,equal,36.8421
CO-07,G2,26,volume,latest,level,winsor_minmax,subgroup,env_led,36.8421
CO-07,G2,26,volume,latest,level,winsor_minmax,subgroup,social_led,31.5789
CO-07,G2,26,volume,latest,level,winsor_minmax,subgroup,finance_led,15.7895
CO-07,G2,27,volume,latest,level,winsor_minmax,sector,equal,36.8421
CO-07,G2,27,volume,latest,level,winsor_minmax,sector,env_led,36.8421
CO-07,G2,27,volume,latest,level,winsor_minmax,sector,social_led,36.8421
CO-07,G2,27,volume,latest,level,winsor_minmax,sector,finance_led,52.6316
CO-07,G2,28,volume,latest,level,log_minmax,subgroup,equal,15.7895
CO-07,G2,28,volume,latest,level,log_minmax,subgroup,env_led,36.8421
CO-07,G2,28,volume,latest,level,log_minmax,subgroup,social_led,26.3158
CO-07,G2,28,volume,latest,level,log_minmax,subgroup,finance_led,5.2632
CO-07,G2,29,volume,latest,level,log_minmax,sector,equal,31.5789
CO-07,G2,29,volume,latest,level,log_minmax,sector,env_led,36.8421
CO-07,G2,29,volume,latest,level,log_minmax,sector,social_led,36.8421
CO-07,G2,29,volume,latest,level,log_minmax,sector,finance_led,21.0526
CO-07,G2,30,volume,latest,change,percentile,subgroup,equal,26.3158
CO-07,G2,30,volume,latest,change,percentile,subgroup,env_led,26.3158
CO-07,G2,30,volume,latest,change,percentile,subgroup,social_led,26.3158
CO-07,G2,30,volume,latest,change,percentile,subgroup,finance_led,21.0526
CO-07,G2,31,volume,latest,change,percentile,sector,equal,15.7895
CO-07,G2,31,volume,latest,change,percentile,sector,env_led,26.3158
CO-07,G2,31,volume,latest,change,percentile,sector,social_led,21.0526
CO-07,G2,31,volume,latest,change,percentile,sector,finance_led,15.7895
CO-07,G2,32,volume,latest,change,winsor_minmax,subgroup,equal,36.8421
CO-07,G2,32,volume,latest,change,winsor_minmax,subgroup,env_led,36.8421
CO-07,G2,32,volume,latest,change,winsor_minmax,subgroup,social_led,31.5789
CO-07,G2,32,volume,latest,change,winsor_minmax,subgroup,finance_led,42.1053
CO-07,G2,33,volume,latest,change,winsor_minmax,sector,equal,21.0526
CO-07,G2,33,volume,latest,change,winsor_minmax,sector,env_led,31.5789
CO-07,G2,33,volume,latest,change,winsor_minmax,sector,social_led,21.0526
CO-07,G2,33,volume,latest,change,winsor_minmax,sector,finance_led,26.3158
CO-07,G2,34,volume,latest,change,log_minmax,subgroup,equal,31.5789
CO-07,G2,34,volume,latest,change,log_minmax,subgroup,env_led,31.5789
CO-07,G2,34,volume,latest,change,log_minmax,subgroup,social_led,36.8421
CO-07,G2,34,volume,latest,change,log_minmax,subgroup,finance_led,36.8421
CO-07,G2,35,volume,latest,change,log_minmax,sector,equal,26.3158
CO-07,G2,35,volume,latest,change,log_minmax,sector,env_led,36.8421
CO-07,G2,35,volume,latest,change,log_minmax,sector,social_led,15.7895
CO-07,G2,35,volume,latest,change,log_minmax,sector,finance_led,26.3158
CO-07,G2,36,volume,mean3,level,percentile,subgroup,equal,15.7895
CO-07,G2,36,volume,mean3,level,percentile,subgroup,env_led,26.3158
CO-07,G2,36,volume,mean3,level,percentile,subgroup,social_led,21.0526
CO-07,G2,36,volume,mean3,level,percentile,subgroup,finance_led,42.1053
CO-07,G2,37,volume,mean3,level,percentile,sector,equal,47.3684
CO-07,G2,37,volume,mean3,level,percentile,sector,env_led,47.3684
CO-07,G2,37,volume,mean3,level,percentile,sector,social_led,47.3684
CO-07,G2,37,volume,mean3,level,percentile,sector,finance_led,63.1579
CO-07,G2,38,volume,mean3,level,winsor_minmax,subgroup,equal,47.3684
CO-07,G2,38,volume,mean3,level,winsor_minmax,subgroup,env_led,47.3684
CO-07,G2,38,volume,mean3,level,winsor_minmax,subgroup,social_led,42.1053
CO-07,G2,38,volume,mean3,level,winsor_minmax,subgroup,finance_led,42.1053
CO-07,G2,39,volume,mean3,level,winsor_minmax,sector,equal,47.3684
CO-07,G2,39,volume,mean3,level,winsor_minmax,sector,env_led,47.3684
CO-07,G2,39,volume,mean3,level,winsor_minmax,sector,social_led,42.1053
CO-07,G2,39,volume,mean3,level,winsor_minmax,sector,finance_led,57.8947
CO-07,G2,40,volume,mean3,level,log_minmax,subgroup,equal,52.6316
CO-07,G2,40,volume,mean3,level,log_minmax,subgroup,env_led,52.6316
CO-07,G2,40,volume,mean3,level,log_minmax,subgroup,social_led,47.3684
CO-07,G2,40,volume,mean3,level,log_minmax,subgroup,finance_led,36.8421
CO-07,G2,41,volume,mean3,level,log_minmax,sector,equal,42.1053
CO-07,G2,41,volume,mean3,level,log_minmax,sector,env_led,47.3684
CO-07,G2,41,volume,mean3,level,log_minmax,sector,social_led,42.1053
CO-07,G2,41,volume,mean3,level,log_minmax,sector,finance_led,36.8421
CO-07,G2,42,volume,mean3,change,percentile,subgroup,equal,21.0526
CO-07,G2,42,volume,mean3,change,percentile,subgroup,env_led,21.0526
CO-07,G2,42,volume,mean3,change,percentile,subgroup,social_led,21.0526
CO-07,G2,42,volume,mean3,change,percentile,subgroup,finance_led,21.0526
CO-07,G2,43,volume,mean3,change,percentile,sector,equal,26.3158
CO-07,G2,43,volume,mean3,change,percentile,sector,env_led,26.3158
CO-07,G2,43,volume,mean3,change,percentile,sector,social_led,26.3158
CO-07,G2,43,volume,mean3,change,percentile,sector,finance_led,31.5789
CO-07,G2,44,volume,mean3,change,winsor_minmax,subgroup,equal,36.8421
CO-07,G2,44,volume,mean3,change,winsor_minmax,subgroup,env_led,36.8421
CO-07,G2,44,volume,mean3,change,winsor_minmax,subgroup,social_led,31.5789
CO-07,G2,44,volume,mean3,change,winsor_minmax,subgroup,finance_led,31.5789
CO-07,G2,45,volume,mean3,change,winsor_minmax,sector,equal,26.3158
CO-07,G2,45,volume,mean3,change,winsor_minmax,sector,env_led,26.3158
CO-07,G2,45,volume,mean3,change,winsor_minmax,sector,social_led,21.0526
CO-07,G2,45,volume,mean3,change,winsor_minmax,sector,finance_led,31.5789
CO-07,G2,46,volume,mean3,change,log_minmax,subgroup,equal,5.2632
CO-07,G2,46,volume,mean3,change,log_minmax,subgroup,env_led,5.2632
CO-07,G2,46,volume,mean3,change,log_minmax,subgroup,social_led,5.2632
CO-07,G2,46,volume,mean3,change,log_minmax,subgroup,finance_led,0.0
CO-07,G2,47,volume,mean3,change,log_minmax,sector,equal,5.2632
CO-07,G2,47,volume,mean3,change,log_minmax,sector,env_led,15.7895
CO-07,G2,47,volume,mean3,change,log_minmax,sector,social_led,5.2632
CO-07,G2,47,volume,mean3,change,log_minmax,sector,finance_led,10.5263
CO-07,G2,48,headcount,latest,level,percentile,subgroup,equal,21.0526
CO-07,G2,48,headcount,latest,level,percentile,subgroup,env_led,26.3158
CO-07,G2,48,headcount,latest,level,percentile,subgroup,social_led,26.3158
CO-07,G2,48,headcount,latest,level,percentile,subgroup,finance_led,21.0526
CO-07,G2,49,headcount,latest,level,percentile,sector,equal,36.8421
CO-07,G2,49,headcount,latest,level,percentile,sector,env_led,26.3158
CO-07,G2,49,headcount,latest,level,percentile,sector,social_led,42.1053
CO-07,G2,49,headcount,latest,level,percentile,sector,finance_led,42.1053
CO-07,G2,50,headcount,latest,level,winsor_minmax,subgroup,equal,31.5789
CO-07,G2,50,headcount,latest,level,winsor_minmax,subgroup,env_led,26.3158
CO-07,G2,50,headcount,latest,level,winsor_minmax,subgroup,social_led,36.8421
CO-07,G2,50,headcount,latest,level,winsor_minmax,subgroup,finance_led,10.5263
CO-07,G2,51,headcount,latest,level,winsor_minmax,sector,equal,36.8421
CO-07,G2,51,headcount,latest,level,winsor_minmax,sector,env_led,26.3158
CO-07,G2,51,headcount,latest,level,winsor_minmax,sector,social_led,36.8421
CO-07,G2,51,headcount,latest,level,winsor_minmax,sector,finance_led,42.1053
CO-07,G2,52,headcount,latest,level,log_minmax,subgroup,equal,15.7895
CO-07,G2,52,headcount,latest,level,log_minmax,subgroup,env_led,31.5789
CO-07,G2,52,headcount,latest,level,log_minmax,subgroup,social_led,31.5789
CO-07,G2,52,headcount,latest,level,log_minmax,subgroup,finance_led,5.2632
CO-07,G2,53,headcount,latest,level,log_minmax,sector,equal,26.3158
CO-07,G2,53,headcount,latest,level,log_minmax,sector,env_led,26.3158
CO-07,G2,53,headcount,latest,level,log_minmax,sector,social_led,31.5789
CO-07,G2,53,headcount,latest,level,log_minmax,sector,finance_led,21.0526
CO-07,G2,54,headcount,latest,change,percentile,subgroup,equal,26.3158
CO-07,G2,54,headcount,latest,change,percentile,subgroup,env_led,26.3158
CO-07,G2,54,headcount,latest,change,percentile,subgroup,social_led,21.0526
CO-07,G2,54,headcount,latest,change,percentile,subgroup,finance_led,15.7895
CO-07,G2,55,headcount,latest,change,percentile,sector,equal,15.7895
CO-07,G2,55,headcount,latest,change,percentile,sector,env_led,26.3158
CO-07,G2,55,headcount,latest,change,percentile,sector,social_led,21.0526
CO-07,G2,55,headcount,latest,change,percentile,sector,finance_led,15.7895
CO-07,G2,56,headcount,latest,change,winsor_minmax,subgroup,equal,42.1053
CO-07,G2,56,headcount,latest,change,winsor_minmax,subgroup,env_led,42.1053
CO-07,G2,56,headcount,latest,change,winsor_minmax,subgroup,social_led,31.5789
CO-07,G2,56,headcount,latest,change,winsor_minmax,subgroup,finance_led,36.8421
CO-07,G2,57,headcount,latest,change,winsor_minmax,sector,equal,21.0526
CO-07,G2,57,headcount,latest,change,winsor_minmax,sector,env_led,31.5789
CO-07,G2,57,headcount,latest,change,winsor_minmax,sector,social_led,26.3158
CO-07,G2,57,headcount,latest,change,winsor_minmax,sector,finance_led,31.5789
CO-07,G2,58,headcount,latest,change,log_minmax,subgroup,equal,31.5789
CO-07,G2,58,headcount,latest,change,log_minmax,subgroup,env_led,36.8421
CO-07,G2,58,headcount,latest,change,log_minmax,subgroup,social_led,42.1053
CO-07,G2,58,headcount,latest,change,log_minmax,subgroup,finance_led,31.5789
CO-07,G2,59,headcount,latest,change,log_minmax,sector,equal,26.3158
CO-07,G2,59,headcount,latest,change,log_minmax,sector,env_led,36.8421
CO-07,G2,59,headcount,latest,change,log_minmax,sector,social_led,15.7895
CO-07,G2,59,headcount,latest,change,log_minmax,sector,finance_led,26.3158
CO-07,G2,60,headcount,mean3,level,percentile,subgroup,equal,31.5789
CO-07,G2,60,headcount,mean3,level,percentile,subgroup,env_led,21.0526
CO-07,G2,60,headcount,mean3,level,percentile,subgroup,social_led,26.3158
CO-07,G2,60,headcount,mean3,level,percentile,subgroup,finance_led,42.1053
CO-07,G2,61,headcount,mean3,level,percentile,sector,equal,47.3684
CO-07,G2,61,headcount,mean3,level,percentile,sector,env_led,31.5789
CO-07,G2,61,headcount,mean3,level,percentile,sector,social_led,47.3684
CO-07,G2,61,headcount,mean3,level,percentile,sector,finance_led,52.6316
CO-07,G2,62,headcount,mean3,level,winsor_minmax,subgroup,equal,47.3684
CO-07,G2,62,headcount,mean3,level,winsor_minmax,subgroup,env_led,47.3684
CO-07,G2,62,headcount,mean3,level,winsor_minmax,subgroup,social_led,47.3684
CO-07,G2,62,headcount,mean3,level,winsor_minmax,subgroup,finance_led,47.3684
CO-07,G2,63,headcount,mean3,level,winsor_minmax,sector,equal,47.3684
CO-07,G2,63,headcount,mean3,level,winsor_minmax,sector,env_led,31.5789
CO-07,G2,63,headcount,mean3,level,winsor_minmax,sector,social_led,47.3684
CO-07,G2,63,headcount,mean3,level,winsor_minmax,sector,finance_led,52.6316
CO-07,G2,64,headcount,mean3,level,log_minmax,subgroup,equal,42.1053
CO-07,G2,64,headcount,mean3,level,log_minmax,subgroup,env_led,42.1053
CO-07,G2,64,headcount,mean3,level,log_minmax,subgroup,social_led,47.3684
CO-07,G2,64,headcount,mean3,level,log_minmax,subgroup,finance_led,26.3158
CO-07,G2,65,headcount,mean3,level,log_minmax,sector,equal,47.3684
CO-07,G2,65,headcount,mean3,level,log_minmax,sector,env_led,31.5789
CO-07,G2,65,headcount,mean3,level,log_minmax,sector,social_led,42.1053
CO-07,G2,65,headcount,mean3,level,log_minmax,sector,finance_led,31.5789
CO-07,G2,66,headcount,mean3,change,percentile,subgroup,equal,21.0526
CO-07,G2,66,headcount,mean3,change,percentile,subgroup,env_led,21.0526
CO-07,G2,66,headcount,mean3,change,percentile,subgroup,social_led,21.0526
CO-07,G2,66,headcount,mean3,change,percentile,subgroup,finance_led,15.7895
CO-07,G2,67,headcount,mean3,change,percentile,sector,equal,26.3158
CO-07,G2,67,headcount,mean3,change,percentile,sector,env_led,26.3158
CO-07,G2,67,headcount,mean3,change,percentile,sector,social_led,26.3158
CO-07,G2,67,headcount,mean3,change,percentile,sector,finance_led,31.5789
CO-07,G2,68,headcount,mean3,change,winsor_minmax,subgroup,equal,36.8421
CO-07,G2,68,headcount,mean3,change,winsor_minmax,subgroup,env_led,36.8421
CO-07,G2,68,headcount,mean3,change,winsor_minmax,subgroup,social_led,31.5789
CO-07,G2,68,headcount,mean3,change,winsor_minmax,subgroup,finance_led,31.5789
CO-07,G2,69,headcount,mean3,change,winsor_minmax,sector,equal,26.3158
CO-07,G2,69,headcount,mean3,change,winsor_minmax,sector,env_led,26.3158
CO-07,G2,69,headcount,mean3,change,winsor_minmax,sector,social_led,21.0526
CO-07,G2,69,headcount,mean3,change,winsor_minmax,sector,finance_led,26.3158
CO-07,G2,70,headcount,mean3,change,log_minmax,subgroup,equal,10.5263
CO-07,G2,70,headcount,mean3,change,log_minmax,subgroup,env_led,10.5263
CO-07,G2,70,headcount,mean3,change,log_minmax,subgroup,social_led,10.5263
CO-07,G2,70,headcount,mean3,change,log_minmax,subgroup,finance_led,0.0
CO-07,G2,71,headcount,mean3,change,log_minmax,sector,equal,5.2632
CO-07,G2,71,headcount,mean3,change,log_minmax,sector,env_led,15.7895
CO-07,G2,71,headcount,mean3,change,log_minmax,sector,social_led,5.2632
CO-07,G2,71,headcount,mean3,change,log_minmax,sector,finance_led,5.2632
CO-08,G2,0,revenue,latest,level,percentile,subgroup,equal,15.7895
CO-08,G2,0,revenue,latest,level,percentile,subgroup,env_led,5.2632
CO-08,G2,0,revenue,latest,level,percentile,subgroup,social_led,15.7895
CO-08,G2,0,revenue,latest,level,percentile,subgroup,finance_led,47.3684
CO-08,G2,1,revenue,latest,level,percentile,sector,equal,10.5263
CO-08,G2,1,revenue,latest,level,percentile,sector,env_led,10.5263
CO-08,G2,1,revenue,latest,level,percentile,sector,social_led,10.5263
CO-08,G2,1,revenue,latest,level,percentile,sector,finance_led,52.6316
CO-08,G2,2,revenue,latest,level,winsor_minmax,subgroup,equal,15.7895
CO-08,G2,2,revenue,latest,level,winsor_minmax,subgroup,env_led,5.2632
CO-08,G2,2,revenue,latest,level,winsor_minmax,subgroup,social_led,10.5263
CO-08,G2,2,revenue,latest,level,winsor_minmax,subgroup,finance_led,31.5789
CO-08,G2,3,revenue,latest,level,winsor_minmax,sector,equal,10.5263
CO-08,G2,3,revenue,latest,level,winsor_minmax,sector,env_led,0.0
CO-08,G2,3,revenue,latest,level,winsor_minmax,sector,social_led,0.0
CO-08,G2,3,revenue,latest,level,winsor_minmax,sector,finance_led,21.0526
CO-08,G2,4,revenue,latest,level,log_minmax,subgroup,equal,26.3158
CO-08,G2,4,revenue,latest,level,log_minmax,subgroup,env_led,10.5263
CO-08,G2,4,revenue,latest,level,log_minmax,subgroup,social_led,15.7895
CO-08,G2,4,revenue,latest,level,log_minmax,subgroup,finance_led,63.1579
CO-08,G2,5,revenue,latest,level,log_minmax,sector,equal,47.3684
CO-08,G2,5,revenue,latest,level,log_minmax,sector,env_led,10.5263
CO-08,G2,5,revenue,latest,level,log_minmax,sector,social_led,31.5789
CO-08,G2,5,revenue,latest,level,log_minmax,sector,finance_led,84.2105
CO-08,G2,6,revenue,latest,change,percentile,subgroup,equal,0.0
CO-08,G2,6,revenue,latest,change,percentile,subgroup,env_led,0.0
CO-08,G2,6,revenue,latest,change,percentile,subgroup,social_led,0.0
CO-08,G2,6,revenue,latest,change,percentile,subgroup,finance_led,5.2632
CO-08,G2,7,revenue,latest,change,percentile,sector,equal,0.0
CO-08,G2,7,revenue,latest,change,percentile,sector,env_led,0.0
CO-08,G2,7,revenue,latest,change,percentile,sector,social_led,0.0
CO-08,G2,7,revenue,latest,change,percentile,sector,finance_led,0.0
CO-08,G2,8,revenue,latest,change,winsor_minmax,subgroup,equal,0.0
CO-08,G2,8,revenue,latest,change,winsor_minmax,subgroup,env_led,0.0
CO-08,G2,8,revenue,latest,change,winsor_minmax,subgroup,social_led,10.5263
CO-08,G2,8,revenue,latest,change,winsor_minmax,subgroup,finance_led,5.2632
CO-08,G2,9,revenue,latest,change,winsor_minmax,sector,equal,0.0
CO-08,G2,9,revenue,latest,change,winsor_minmax,sector,env_led,0.0
CO-08,G2,9,revenue,latest,change,winsor_minmax,sector,social_led,0.0
CO-08,G2,9,revenue,latest,change,winsor_minmax,sector,finance_led,0.0
CO-08,G2,10,revenue,latest,change,log_minmax,subgroup,equal,21.0526
CO-08,G2,10,revenue,latest,change,log_minmax,subgroup,env_led,10.5263
CO-08,G2,10,revenue,latest,change,log_minmax,subgroup,social_led,47.3684
CO-08,G2,10,revenue,latest,change,log_minmax,subgroup,finance_led,31.5789
CO-08,G2,11,revenue,latest,change,log_minmax,sector,equal,68.4211
CO-08,G2,11,revenue,latest,change,log_minmax,sector,env_led,26.3158
CO-08,G2,11,revenue,latest,change,log_minmax,sector,social_led,63.1579
CO-08,G2,11,revenue,latest,change,log_minmax,sector,finance_led,73.6842
CO-08,G2,12,revenue,mean3,level,percentile,subgroup,equal,0.0
CO-08,G2,12,revenue,mean3,level,percentile,subgroup,env_led,0.0
CO-08,G2,12,revenue,mean3,level,percentile,subgroup,social_led,0.0
CO-08,G2,12,revenue,mean3,level,percentile,subgroup,finance_led,5.2632
CO-08,G2,13,revenue,mean3,level,percentile,sector,equal,0.0
CO-08,G2,13,revenue,mean3,level,percentile,sector,env_led,0.0
CO-08,G2,13,revenue,mean3,level,percentile,sector,social_led,0.0
CO-08,G2,13,revenue,mean3,level,percentile,sector,finance_led,10.5263
CO-08,G2,14,revenue,mean3,level,winsor_minmax,subgroup,equal,5.2632
CO-08,G2,14,revenue,mean3,level,winsor_minmax,subgroup,env_led,0.0
CO-08,G2,14,revenue,mean3,level,winsor_minmax,subgroup,social_led,5.2632
CO-08,G2,14,revenue,mean3,level,winsor_minmax,subgroup,finance_led,5.2632
CO-08,G2,15,revenue,mean3,level,winsor_minmax,sector,equal,0.0
CO-08,G2,15,revenue,mean3,level,winsor_minmax,sector,env_led,0.0
CO-08,G2,15,revenue,mean3,level,winsor_minmax,sector,social_led,0.0
CO-08,G2,15,revenue,mean3,level,winsor_minmax,sector,finance_led,5.2632
CO-08,G2,16,revenue,mean3,level,log_minmax,subgroup,equal,15.7895
CO-08,G2,16,revenue,mean3,level,log_minmax,subgroup,env_led,5.2632
CO-08,G2,16,revenue,mean3,level,log_minmax,subgroup,social_led,10.5263
CO-08,G2,16,revenue,mean3,level,log_minmax,subgroup,finance_led,47.3684
CO-08,G2,17,revenue,mean3,level,log_minmax,sector,equal,31.5789
CO-08,G2,17,revenue,mean3,level,log_minmax,sector,env_led,5.2632
CO-08,G2,17,revenue,mean3,level,log_minmax,sector,social_led,15.7895
CO-08,G2,17,revenue,mean3,level,log_minmax,sector,finance_led,78.9474
CO-08,G2,18,revenue,mean3,change,percentile,subgroup,equal,0.0
CO-08,G2,18,revenue,mean3,change,percentile,subgroup,env_led,0.0
CO-08,G2,18,revenue,mean3,change,percentile,subgroup,social_led,0.0
CO-08,G2,18,revenue,mean3,change,percentile,subgroup,finance_led,5.2632
CO-08,G2,19,revenue,mean3,change,percentile,sector,equal,5.2632
CO-08,G2,19,revenue,mean3,change,percentile,sector,env_led,0.0
CO-08,G2,19,revenue,mean3,change,percentile,sector,social_led,0.0
CO-08,G2,19,revenue,mean3,change,percentile,sector,finance_led,5.2632
CO-08,G2,20,revenue,mean3,change,winsor_minmax,subgroup,equal,5.2632
CO-08,G2,20,revenue,mean3,change,winsor_minmax,subgroup,env_led,0.0
CO-08,G2,20,revenue,mean3,change,winsor_minmax,subgroup,social_led,0.0
CO-08,G2,20,revenue,mean3,change,winsor_minmax,subgroup,finance_led,10.5263
CO-08,G2,21,revenue,mean3,change,winsor_minmax,sector,equal,0.0
CO-08,G2,21,revenue,mean3,change,winsor_minmax,sector,env_led,0.0
CO-08,G2,21,revenue,mean3,change,winsor_minmax,sector,social_led,0.0
CO-08,G2,21,revenue,mean3,change,winsor_minmax,sector,finance_led,5.2632
CO-08,G2,22,revenue,mean3,change,log_minmax,subgroup,equal,47.3684
CO-08,G2,22,revenue,mean3,change,log_minmax,subgroup,env_led,26.3158
CO-08,G2,22,revenue,mean3,change,log_minmax,subgroup,social_led,36.8421
CO-08,G2,22,revenue,mean3,change,log_minmax,subgroup,finance_led,73.6842
CO-08,G2,23,revenue,mean3,change,log_minmax,sector,equal,84.2105
CO-08,G2,23,revenue,mean3,change,log_minmax,sector,env_led,68.4211
CO-08,G2,23,revenue,mean3,change,log_minmax,sector,social_led,78.9474
CO-08,G2,23,revenue,mean3,change,log_minmax,sector,finance_led,94.7368
CO-08,G2,24,volume,latest,level,percentile,subgroup,equal,10.5263
CO-08,G2,24,volume,latest,level,percentile,subgroup,env_led,10.5263
CO-08,G2,24,volume,latest,level,percentile,subgroup,social_led,10.5263
CO-08,G2,24,volume,latest,level,percentile,subgroup,finance_led,52.6316
CO-08,G2,25,volume,latest,level,percentile,sector,equal,10.5263
CO-08,G2,25,volume,latest,level,percentile,sector,env_led,5.2632
CO-08,G2,25,volume,latest,level,percentile,sector,social_led,5.2632
CO-08,G2,25,volume,latest,level,percentile,sector,finance_led,36.8421
CO-08,G2,26,volume,latest,level,winsor_minmax,subgroup,equal,10.5263
CO-08,G2,26,volume,latest,level,winsor_minmax,subgroup,env_led,5.2632
CO-08,G2,26,volume,latest,level,winsor_minmax,subgroup,social_led,5.2632
CO-08,G2,26,volume,latest,level,winsor_minmax,subgroup,finance_led,31.5789
CO-08,G2,27,volume,latest,level,winsor_minmax,sector,equal,5.2632
CO-08,G2,27,volume,latest,level,winsor_minmax,sector,env_led,0.0
CO-08,G2,27,volume,latest,level,winsor_minmax,sector,social_led,0.0
CO-08,G2,27,volume,latest,level,winsor_minmax,sector,finance_led,21.0526
CO-08,G2,28,volume,latest,level,log_minmax,subgroup,equal,26.3158
CO-08,G2,28,volume,latest,level,log_minmax,subgroup,env_led,10.5263
CO-08,G2,28,volume,latest,level,log_minmax,subgroup,social_led,10.5263
CO-08,G2,28,volume,latest,level,log_minmax,subgroup,finance_led,68.4211
CO-08,G2,29,volume,latest,level,log_minmax,sector,equal,42.1053
CO-08,G2,29,volume,latest,level,log_minmax,sector,env_led,5.2632
CO-08,G2,29,volume,latest,level,log_minmax,sector,social_led,26.3158
CO-08,G2,29,volume,latest,level,log_minmax,sector,finance_led,84.2105
CO-08,G2,30,volume,latest,change,percentile,subgroup,equal,5.2632
CO-08,G2,30,volume,latest,change,percentile,subgroup,env_led,5.2632
CO-08,G2,30,volume,latest,change,percentile,subgroup,social_led,10.5263
CO-08,G2,30,volume,latest,change,percentile,subgroup,finance_led,15.7895
CO-08,G2,31,volume,latest,change,percentile,sector,equal,0.0
CO-08,G2,31,volume,latest,change,percentile,sector,env_led,0.0
CO-08,G2,31,volume,latest,change,percentile,sector,social_led,0.0
CO-08,G2,31,volume,latest,change,percentile,sector,finance_led,5.2632
CO-08,G2,32,volume,latest,change,winsor_minmax,subgroup,equal,5.2632
CO-08,G2,32,volume,latest,change,winsor_minmax,subgroup,env_led,5.2632
CO-08,G2,32,volume,latest,change,winsor_minmax,subgroup,social_led,10.5263
CO-08,G2,32,volume,latest,change,winsor_minmax,subgroup,finance_led,10.5263
CO-08,G2,33,volume,latest,change,winsor_minmax,sector,equal,0.0
CO-08,G2,33,volume,latest,change,winsor_minmax,sector,env_led,0.0
CO-08,G2,33,volume,latest,change,winsor_minmax,sector,social_led,0.0
CO-08,G2,33,volume,latest,change,winsor_minmax,sector,finance_led,0.0
CO-08,G2,34,volume,latest,change,log_minmax,subgroup,equal,42.1053
CO-08,G2,34,volume,latest,change,log_minmax,subgroup,env_led,21.0526
CO-08,G2,34,volume,latest,change,log_minmax,subgroup,social_led,52.6316
CO-08,G2,34,volume,latest,change,log_minmax,subgroup,finance_led,42.1053
CO-08,G2,35,volume,latest,change,log_minmax,sector,equal,73.6842
CO-08,G2,35,volume,latest,change,log_minmax,sector,env_led,31.5789
CO-08,G2,35,volume,latest,change,log_minmax,sector,social_led,68.4211
CO-08,G2,35,volume,latest,change,log_minmax,sector,finance_led,73.6842
CO-08,G2,36,volume,mean3,level,percentile,subgroup,equal,0.0
CO-08,G2,36,volume,mean3,level,percentile,subgroup,env_led,0.0
CO-08,G2,36,volume,mean3,level,percentile,subgroup,social_led,0.0
CO-08,G2,36,volume,mean3,level,percentile,subgroup,finance_led,10.5263
CO-08,G2,37,volume,mean3,level,percentile,sector,equal,0.0
CO-08,G2,37,volume,mean3,level,percentile,sector,env_led,0.0
CO-08,G2,37,volume,mean3,level,percentile,sector,social_led,0.0
CO-08,G2,37,volume,mean3,level,percentile,sector,finance_led,10.5263
CO-08,G2,38,volume,mean3,level,winsor_minmax,subgroup,equal,0.0
CO-08,G2,38,volume,mean3,level,winsor_minmax,subgroup,env_led,0.0
CO-08,G2,38,volume,mean3,level,winsor_minmax,subgroup,social_led,0.0
CO-08,G2,38,volume,mean3,level,winsor_minmax,subgroup,finance_led,10.5263
CO-08,G2,39,volume,mean3,level,winsor_minmax,sector,equal,0.0
CO-08,G2,39,volume,mean3,level,winsor_minmax,sector,env_led,0.0
CO-08,G2,39,volume,mean3,level,winsor_minmax,sector,social_led,0.0
CO-08,G2,39,volume,mean3,level,winsor_minmax,sector,finance_led,5.2632
CO-08,G2,40,volume,mean3,level,log_minmax,subgroup,equal,5.2632
CO-08,G2,40,volume,mean3,level,log_minmax,subgroup,env_led,5.2632
CO-08,G2,40,volume,mean3,level,log_minmax,subgroup,social_led,10.5263
CO-08,G2,40,volume,mean3,level,log_minmax,subgroup,finance_led,52.6316
CO-08,G2,41,volume,mean3,level,log_minmax,sector,equal,21.0526
CO-08,G2,41,volume,mean3,level,log_minmax,sector,env_led,5.2632
CO-08,G2,41,volume,mean3,level,log_minmax,sector,social_led,5.2632
CO-08,G2,41,volume,mean3,level,log_minmax,sector,finance_led,78.9474
CO-08,G2,42,volume,mean3,change,percentile,subgroup,equal,0.0
CO-08,G2,42,volume,mean3,change,percentile,subgroup,env_led,0.0
CO-08,G2,42,volume,mean3,change,percentile,subgroup,social_led,0.0
CO-08,G2,42,volume,mean3,change,percentile,subgroup,finance_led,10.5263
CO-08,G2,43,volume,mean3,change,percentile,sector,equal,0.0
CO-08,G2,43,volume,mean3,change,percentile,sector,env_led,0.0
CO-08,G2,43,volume,mean3,change,percentile,sector,social_led,0.0
CO-08,G2,43,volume,mean3,change,percentile,sector,finance_led,15.7895
CO-08,G2,44,volume,mean3,change,winsor_minmax,subgroup,equal,0.0
CO-08,G2,44,volume,mean3,change,winsor_minmax,subgroup,env_led,0.0
CO-08,G2,44,volume,mean3,change,winsor_minmax,subgroup,social_led,0.0
CO-08,G2,44,volume,mean3,change,winsor_minmax,subgroup,finance_led,10.5263
CO-08,G2,45,volume,mean3,change,winsor_minmax,sector,equal,0.0
CO-08,G2,45,volume,mean3,change,winsor_minmax,sector,env_led,0.0
CO-08,G2,45,volume,mean3,change,winsor_minmax,sector,social_led,0.0
CO-08,G2,45,volume,mean3,change,winsor_minmax,sector,finance_led,5.2632
CO-08,G2,46,volume,mean3,change,log_minmax,subgroup,equal,63.1579
CO-08,G2,46,volume,mean3,change,log_minmax,subgroup,env_led,31.5789
CO-08,G2,46,volume,mean3,change,log_minmax,subgroup,social_led,42.1053
CO-08,G2,46,volume,mean3,change,log_minmax,subgroup,finance_led,78.9474
CO-08,G2,47,volume,mean3,change,log_minmax,sector,equal,84.2105
CO-08,G2,47,volume,mean3,change,log_minmax,sector,env_led,68.4211
CO-08,G2,47,volume,mean3,change,log_minmax,sector,social_led,78.9474
CO-08,G2,47,volume,mean3,change,log_minmax,sector,finance_led,94.7368
CO-08,G2,48,headcount,latest,level,percentile,subgroup,equal,5.2632
CO-08,G2,48,headcount,latest,level,percentile,subgroup,env_led,5.2632
CO-08,G2,48,headcount,latest,level,percentile,subgroup,social_led,5.2632
CO-08,G2,48,headcount,latest,level,percentile,subgroup,finance_led,47.3684
CO-08,G2,49,headcount,latest,level,percentile,sector,equal,5.2632
CO-08,G2,49,headcount,latest,level,percentile,sector,env_led,5.2632
CO-08,G2,49,headcount,latest,level,percentile,sector,social_led,5.2632
CO-08,G2,49,headcount,latest,level,percentile,sector,finance_led,47.3684
CO-08,G2,50,headcount,latest,level,winsor_minmax,subgroup,equal,5.2632
CO-08,G2,50,headcount,latest,level,winsor_minmax,subgroup,env_led,0.0
CO-08,G2,50,headcount,latest,level,winsor_minmax,subgroup,social_led,5.2632
CO-08,G2,50,headcount,latest,level,winsor_minmax,subgroup,finance_led,31.5789
CO-08,G2,51,headcount,latest,level,winsor_minmax,sector,equal,5.2632
CO-08,G2,51,headcount,latest,level,winsor_minmax,sector,env_led,0.0
CO-08,G2,51,headcount,latest,level,winsor_minmax,sector,social_led,0.0
CO-08,G2,51,headcount,latest,level,winsor_minmax,sector,finance_led,15.7895
CO-08,G2,52,headcount,latest,level,log_minmax,subgroup,equal,26.3158
CO-08,G2,52,headcount,latest,level,log_minmax,subgroup,env_led,5.2632
CO-08,G2,52,headcount,latest,level,log_minmax,subgroup,social_led,10.5263
CO-08,G2,52,headcount,latest,level,log_minmax,subgroup,finance_led,68.4211
CO-08,G2,53,headcount,latest,level,log_minmax,sector,equal,42.1053
CO-08,G2,53,headcount,latest,level,log_minmax,sector,env_led,5.2632
CO-08,G2,53,headcount,latest,level,log_minmax,sector,social_led,26.3158
CO-08,G2,53,headcount,latest,level,log_minmax,sector,finance_led,84.2105
CO-08,G2,54,headcount,latest,change,percentile,subgroup,equal,0.0
CO-08,G2,54,headcount,latest,change,percentile,subgroup,env_led,0.0
CO-08,G2,54,headcount,latest,change,percentile,subgroup,social_led,2.6316
CO-08,G2,54,headcount,latest,change,percentile,subgroup,finance_led,5.2632
CO-08,G2,55,headcount,latest,change,percentile,sector,equal,0.0
CO-08,G2,55,headcount,latest,change,percentile,sector,env_led,0.0
CO-08,G2,55,headcount,latest,change,percentile,sector,social_led,0.0
CO-08,G2,55,headcount,latest,change,percentile,sector,finance_led,0.0
CO-08,G2,56,headcount,latest,change,winsor_minmax,subgroup,equal,0.0
CO-08,G2,56,headcount,latest,change,winsor_minmax,subgroup,env_led,0.0
CO-08,G2,56,headcount,latest,change,winsor_minmax,subgroup,social_led,10.5263
CO-08,G2,56,headcount,latest,change,winsor_minmax,subgroup,finance_led,5.2632
CO-08,G2,57,headcount,latest,change,winsor_minmax,sector,equal,0.0
CO-08,G2,57,headcount,latest,change,winsor_minmax,sector,env_led,0.0
CO-08,G2,57,headcount,latest,change,winsor_minmax,sector,social_led,0.0
CO-08,G2,57,headcount,latest,change,winsor_minmax,sector,finance_led,0.0
CO-08,G2,58,headcount,latest,change,log_minmax,subgroup,equal,21.0526
CO-08,G2,58,headcount,latest,change,log_minmax,subgroup,env_led,15.7895
CO-08,G2,58,headcount,latest,change,log_minmax,subgroup,social_led,47.3684
CO-08,G2,58,headcount,latest,change,log_minmax,subgroup,finance_led,36.8421
CO-08,G2,59,headcount,latest,change,log_minmax,sector,equal,73.6842
CO-08,G2,59,headcount,latest,change,log_minmax,sector,env_led,26.3158
CO-08,G2,59,headcount,latest,change,log_minmax,sector,social_led,63.1579
CO-08,G2,59,headcount,latest,change,log_minmax,sector,finance_led,73.6842
CO-08,G2,60,headcount,mean3,level,percentile,subgroup,equal,0.0
CO-08,G2,60,headcount,mean3,level,percentile,subgroup,env_led,0.0
CO-08,G2,60,headcount,mean3,level,percentile,subgroup,social_led,0.0
CO-08,G2,60,headcount,mean3,level,percentile,subgroup,finance_led,5.2632
CO-08,G2,61,headcount,mean3,level,percentile,sector,equal,0.0
CO-08,G2,61,headcount,mean3,level,percentile,sector,env_led,0.0
CO-08,G2,61,headcount,mean3,level,percentile,sector,social_led,0.0
CO-08,G2,61,headcount,mean3,level,percentile,sector,finance_led,5.2632
CO-08,G2,62,headcount,mean3,level,winsor_minmax,subgroup,equal,0.0
CO-08,G2,62,headcount,mean3,level,winsor_minmax,subgroup,env_led,0.0
CO-08,G2,62,headcount,mean3,level,winsor_minmax,subgroup,social_led,0.0
CO-08,G2,62,headcount,mean3,level,winsor_minmax,subgroup,finance_led,5.2632
CO-08,G2,63,headcount,mean3,level,winsor_minmax,sector,equal,0.0
CO-08,G2,63,headcount,mean3,level,winsor_minmax,sector,env_led,0.0
CO-08,G2,63,headcount,mean3,level,winsor_minmax,sector,social_led,0.0
CO-08,G2,63,headcount,mean3,level,winsor_minmax,sector,finance_led,5.2632
CO-08,G2,64,headcount,mean3,level,log_minmax,subgroup,equal,5.2632
CO-08,G2,64,headcount,mean3,level,log_minmax,subgroup,env_led,0.0
CO-08,G2,64,headcount,mean3,level,log_minmax,subgroup,social_led,5.2632
CO-08,G2,64,headcount,mean3,level,log_minmax,subgroup,finance_led,47.3684
CO-08,G2,65,headcount,mean3,level,log_minmax,sector,equal,15.7895
CO-08,G2,65,headcount,mean3,level,log_minmax,sector,env_led,5.2632
CO-08,G2,65,headcount,mean3,level,log_minmax,sector,social_led,5.2632
CO-08,G2,65,headcount,mean3,level,log_minmax,sector,finance_led,73.6842
CO-08,G2,66,headcount,mean3,change,percentile,subgroup,equal,0.0
CO-08,G2,66,headcount,mean3,change,percentile,subgroup,env_led,0.0
CO-08,G2,66,headcount,mean3,change,percentile,subgroup,social_led,0.0
CO-08,G2,66,headcount,mean3,change,percentile,subgroup,finance_led,5.2632
CO-08,G2,67,headcount,mean3,change,percentile,sector,equal,0.0
CO-08,G2,67,headcount,mean3,change,percentile,sector,env_led,0.0
CO-08,G2,67,headcount,mean3,change,percentile,sector,social_led,0.0
CO-08,G2,67,headcount,mean3,change,percentile,sector,finance_led,10.5263
CO-08,G2,68,headcount,mean3,change,winsor_minmax,subgroup,equal,0.0
CO-08,G2,68,headcount,mean3,change,winsor_minmax,subgroup,env_led,0.0
CO-08,G2,68,headcount,mean3,change,winsor_minmax,subgroup,social_led,0.0
CO-08,G2,68,headcount,mean3,change,winsor_minmax,subgroup,finance_led,5.2632
CO-08,G2,69,headcount,mean3,change,winsor_minmax,sector,equal,0.0
CO-08,G2,69,headcount,mean3,change,winsor_minmax,sector,env_led,0.0
CO-08,G2,69,headcount,mean3,change,winsor_minmax,sector,social_led,0.0
CO-08,G2,69,headcount,mean3,change,winsor_minmax,sector,finance_led,5.2632
CO-08,G2,70,headcount,mean3,change,log_minmax,subgroup,equal,52.6316
CO-08,G2,70,headcount,mean3,change,log_minmax,subgroup,env_led,26.3158
CO-08,G2,70,headcount,mean3,change,log_minmax,subgroup,social_led,36.8421
CO-08,G2,70,headcount,mean3,change,log_minmax,subgroup,finance_led,73.6842
CO-08,G2,71,headcount,mean3,change,log_minmax,sector,equal,84.2105
CO-08,G2,71,headcount,mean3,change,log_minmax,sector,env_led,68.4211
CO-08,G2,71,headcount,mean3,change,log_minmax,sector,social_led,78.9474
CO-08,G2,71,headcount,mean3,change,log_minmax,sector,finance_led,94.7368
CO-09,G2,0,revenue,latest,level,percentile,subgroup,equal,36.8421
CO-09,G2,0,revenue,latest,level,percentile,subgroup,env_led,31.5789
CO-09,G2,0,revenue,latest,level,percentile,subgroup,social_led,42.1053
CO-09,G2,0,revenue,latest,level,percentile,subgroup,finance_led,21.0526
CO-09,G2,1,revenue,latest,level,percentile,sector,equal,52.6316
CO-09,G2,1,revenue,latest,level,percentile,sector,env_led,52.6316
CO-09,G2,1,revenue,latest,level,percentile,sector,social_led,52.6316
CO-09,G2,1,revenue,latest,level,percentile,sector,finance_led,36.8421
CO-09,G2,2,revenue,latest,level,winsor_minmax,subgroup,equal,47.3684
CO-09,G2,2,revenue,latest,level,winsor_minmax,subgroup,env_led,47.3684
CO-09,G2,2,revenue,latest,level,winsor_minmax,subgroup,social_led,52.6316
CO-09,G2,2,revenue,latest,level,winsor_minmax,subgroup,finance_led,26.3158
CO-09,G2,3,revenue,latest,level,winsor_minmax,sector,equal,57.8947
CO-09,G2,3,revenue,latest,level,winsor_minmax,sector,env_led,52.6316
CO-09,G2,3,revenue,latest,level,winsor_minmax,sector,social_led,63.1579
CO-09,G2,3,revenue,latest,level,winsor_minmax,sector,finance_led,63.1579
CO-09,G2,4,revenue,latest,level,log_minmax,subgroup,equal,47.3684
CO-09,G2,4,revenue,latest,level,log_minmax,subgroup,env_led,47.3684
CO-09,G2,4,revenue,latest,level,log_minmax,subgroup,social_led,47.3684
CO-09,G2,4,revenue,latest,level,log_minmax,subgroup,finance_led,31.5789
CO-09,G2,5,revenue,latest,level,log_minmax,sector,equal,52.6316
CO-09,G2,5,revenue,latest,level,log_minmax,sector,env_led,52.6316
CO-09,G2,5,revenue,latest,level,log_minmax,sector,social_led,52.6316
CO-09,G2,5,revenue,latest,level,log_minmax,sector,finance_led,47.3684
CO-09,G2,6,revenue,latest,change,percentile,subgroup,equal,42.1053
CO-09,G2,6,revenue,latest,change,percentile,subgroup,env_led,36.8421
CO-09,G2,6,revenue,latest,change,percentile,subgroup,social_led,42.1053
CO-09,G2,6,revenue,latest,change,percentile,subgroup,finance_led,42.1053
CO-09,G2,7,revenue,latest,change,percentile,sector,equal,26.3158
CO-09,G2,7,revenue,latest,change,percentile,sector,env_led,31.5789
CO-09,G2,7,revenue,latest,change,percentile,sector,social_led,31.5789
CO-09,G2,7,revenue,latest,change,percentile,sector,finance_led,36.8421
CO-09,G2,8,revenue,latest,change,winsor_minmax,subgroup,equal,47.3684
CO-09,G2,8,revenue,latest,change,winsor_minmax,subgroup,env_led,42.1053
CO-09,G2,8,revenue,latest,change,winsor_minmax,subgroup,social_led,36.8421
CO-09,G2,8,revenue,latest,change,winsor_minmax,subgroup,finance_led,68.4211
CO-09,G2,9,revenue,latest,change,winsor_minmax,sector,equal,47.3684
CO-09,G2,9,revenue,latest,change,winsor_minmax,sector,env_led,42.1053
CO-09,G2,9,revenue,latest,change,winsor_minmax,sector,social_led,47.3684
CO-09,G2,9,revenue,latest,change,winsor_minmax,sector,finance_led,68.4211
CO-09,G2,10,revenue,latest,change,log_minmax,subgroup,equal,26.3158
CO-09,G2,10,revenue,latest,change,log_minmax,subgroup,env_led,36.8421
CO-09,G2,10,revenue,latest,change,log_minmax,subgroup,social_led,15.7895
CO-09,G2,10,revenue,latest,change,log_minmax,subgroup,finance_led,42.1053
CO-09,G2,11,revenue,latest,change,log_minmax,sector,equal,47.3684
CO-09,G2,11,revenue,latest,change,log_minmax,sector,env_led,57.8947
CO-09,G2,11,revenue,latest,change,log_minmax,sector,social_led,36.8421
CO-09,G2,11,revenue,latest,change,log_minmax,sector,finance_led,47.3684
CO-09,G2,12,revenue,mean3,level,percentile,subgroup,equal,47.3684
CO-09,G2,12,revenue,mean3,level,percentile,subgroup,env_led,42.1053
CO-09,G2,12,revenue,mean3,level,percentile,subgroup,social_led,47.3684
CO-09,G2,12,revenue,mean3,level,percentile,subgroup,finance_led,36.8421
CO-09,G2,13,revenue,mean3,level,percentile,sector,equal,52.6316
CO-09,G2,13,revenue,mean3,level,percentile,sector,env_led,52.6316
CO-09,G2,13,revenue,mean3,level,percentile,sector,social_led,57.8947
CO-09,G2,13,revenue,mean3,level,percentile,sector,finance_led,52.6316
CO-09,G2,14,revenue,mean3,level,winsor_minmax,subgroup,equal,57.8947
CO-09,G2,14,revenue,mean3,level,winsor_minmax,subgroup,env_led,57.8947
CO-09,G2,14,revenue,mean3,level,winsor_minmax,subgroup,social_led,57.8947
CO-09,G2,14,revenue,mean3,level,winsor_minmax,subgroup,finance_led,47.3684
CO-09,G2,15,revenue,mean3,level,winsor_minmax,sector,equal,52.6316
CO-09,G2,15,revenue,mean3,level,winsor_minmax,sector,env_led,52.6316
CO-09,G2,15,revenue,mean3,level,winsor_minmax,sector,social_led,52.6316
CO-09,G2,15,revenue,mean3,level,winsor_minmax,sector,finance_led,52.6316
CO-09,G2,16,revenue,mean3,level,log_minmax,subgroup,equal,57.8947
CO-09,G2,16,revenue,mean3,level,log_minmax,subgroup,env_led,57.8947
CO-09,G2,16,revenue,mean3,level,log_minmax,subgroup,social_led,57.8947
CO-09,G2,16,revenue,mean3,level,log_minmax,subgroup,finance_led,42.1053
CO-09,G2,17,revenue,mean3,level,log_minmax,sector,equal,52.6316
CO-09,G2,17,revenue,mean3,level,log_minmax,sector,env_led,52.6316
CO-09,G2,17,revenue,mean3,level,log_minmax,sector,social_led,52.6316
CO-09,G2,17,revenue,mean3,level,log_minmax,sector,finance_led,47.3684
CO-09,G2,18,revenue,mean3,change,percentile,subgroup,equal,36.8421
CO-09,G2,18,revenue,mean3,change,percentile,subgroup,env_led,36.8421
CO-09,G2,18,revenue,mean3,change,percentile,subgroup,social_led,36.8421
CO-09,G2,18,revenue,mean3,change,percentile,subgroup,finance_led,42.1053
CO-09,G2,19,revenue,mean3,change,percentile,sector,equal,31.5789
CO-09,G2,19,revenue,mean3,change,percentile,sector,env_led,36.8421
CO-09,G2,19,revenue,mean3,change,percentile,sector,social_led,31.5789
CO-09,G2,19,revenue,mean3,change,percentile,sector,finance_led,36.8421
CO-09,G2,20,revenue,mean3,change,winsor_minmax,subgroup,equal,52.6316
CO-09,G2,20,revenue,mean3,change,winsor_minmax,subgroup,env_led,52.6316
CO-09,G2,20,revenue,mean3,change,winsor_minmax,subgroup,social_led,52.6316
CO-09,G2,20,revenue,mean3,change,winsor_minmax,subgroup,finance_led,42.1053
CO-09,G2,21,revenue,mean3,change,winsor_minmax,sector,equal,42.1053
CO-09,G2,21,revenue,mean3,change,winsor_minmax,sector,env_led,47.3684
CO-09,G2,21,revenue,mean3,change,winsor_minmax,sector,social_led,42.1053
CO-09,G2,21,revenue,mean3,change,winsor_minmax,sector,finance_led,42.1053
CO-09,G2,22,revenue,mean3,change,log_minmax,subgroup,equal,31.5789
CO-09,G2,22,revenue,mean3,change,log_minmax,subgroup,env_led,52.6316
CO-09,G2,22,revenue,mean3,change,log_minmax,subgroup,social_led,26.3158
CO-09,G2,22,revenue,mean3,change,log_minmax,subgroup,finance_led,26.3158
CO-09,G2,23,revenue,mean3,change,log_minmax,sector,equal,31.5789
CO-09,G2,23,revenue,mean3,change,log_minmax,sector,env_led,36.8421
CO-09,G2,23,revenue,mean3,change,log_minmax,sector,social_led,31.5789
CO-09,G2,23,revenue,mean3,change,log_minmax,sector,finance_led,21.0526
CO-09,G2,24,volume,latest,level,percentile,subgroup,equal,47.3684
CO-09,G2,24,volume,latest,level,percentile,subgroup,env_led,47.3684
CO-09,G2,24,volume,latest,level,percentile,subgroup,social_led,42.1053
CO-09,G2,24,volume,latest,level,percentile,subgroup,finance_led,31.5789
CO-09,G2,25,volume,latest,level,percentile,sector,equal,57.8947
CO-09,G2,25,volume,latest,level,percentile,sector,env_led,57.8947
CO-09,G2,25,volume,latest,level,percentile,sector,social_led,57.8947
CO-09,G2,25,volume,latest,level,percentile,sector,finance_led,63.1579
CO-09,G2,26,volume,latest,level,winsor_minmax,subgroup,equal,47.3684
CO-09,G2,26,volume,latest,level,winsor_minmax,subgroup,env_led,47.3684
CO-09,G2,26,volume,latest,level,winsor_minmax,subgroup,social_led,52.6316
CO-09,G2,26,volume,latest,level,winsor_minmax,subgroup,finance_led,26.3158
CO-09,G2,27,volume,latest,level,winsor_minmax,sector,equal,63.1579
CO-09,G2,27,volume,latest,level,winsor_minmax,sector,env_led,57.8947
CO-09,G2,27,volume,latest,level,winsor_minmax,sector,social_led,63.1579
CO-09,G2,27,volume,latest,level,winsor_minmax,sector,finance_led,68.4211
CO-09,G2,28,volume,latest,level,log_minmax,subgroup,equal,42.1053
CO-09,G2,28,volume,latest,level,log_minmax,subgroup,env_led,47.3684
CO-09,G2,28,volume,latest,level,log_minmax,subgroup,social_led,47.3684
CO-09,G2,28,volume,latest,level,log_minmax,subgroup,finance_led,21.0526
CO-09,G2,29,volume,latest,level,log_minmax,sector,equal,57.8947
CO-09,G2,29,volume,latest,level,log_minmax,sector,env_led,57.8947
CO-09,G2,29,volume,latest,level,log_minmax,sector,social_led,57.8947
CO-09,G2,29,volume,latest,level,log_minmax,sector,finance_led,47.3684
CO-09,G2,30,volume,latest,change,percentile,subgroup,equal,52.6316
CO-09,G2,30,volume,latest,change,percentile,subgroup,env_led,42.1053
CO-09,G2,30,volume,latest,change,percentile,subgroup,social_led,42.1053
CO-09,G2,30,volume,latest,change,percentile,subgroup,finance_led,84.2105
CO-09,G2,31,volume,latest,change,percentile,sector,equal,42.1053
CO-09,G2,31,volume,latest,change,percentile,sector,env_led,31.5789
CO-09,G2,31,volume,latest,change,percentile,sector,social_led,31.5789
CO-09,G2,31,volume,latest,change,percentile,sector,finance_led,47.3684
CO-09,G2,32,volume,latest,change,winsor_minmax,subgroup,equal,57.8947
CO-09,G2,32,volume,latest,change,winsor_minmax,subgroup,env_led,52.6316
CO-09,G2,32,volume,latest,change,winsor_minmax,subgroup,social_led,42.1053
CO-09,G2,32,volume,latest,change,winsor_minmax,subgroup,finance_led,84.2105
CO-09,G2,33,volume,latest,change,winsor_minmax,sector,equal,63.1579
CO-09,G2,33,volume,latest,change,winsor_minmax,sector,env_led,47.3684
CO-09,G2,33,volume,latest,change,winsor_minmax,sector,social_led,57.8947
CO-09,G2,33,volume,latest,change,winsor_minmax,sector,finance_led,68.4211
CO-09,G2,34,volume,latest,change,log_minmax,subgroup,equal,52.6316
CO-09,G2,34,volume,latest,change,log_minmax,subgroup,env_led,52.6316
CO-09,G2,34,volume,latest,change,log_minmax,subgroup,social_led,42.1053
CO-09,G2,34,volume,latest,change,log_minmax,subgroup,finance_led,73.6842
CO-09,G2,35,volume,latest,change,log_minmax,sector,equal,52.6316
CO-09,G2,35,volume,latest,change,log_minmax,sector,env_led,63.1579
CO-09,G2,35,volume,latest,change,log_minmax,sector,social_led,52.6316
CO-09,G2,35,volume,latest,change,log_minmax,sector,finance_led,68.4211
CO-09,G2,36,volume,mean3,level,percentile,subgroup,equal,47.3684
CO-09,G2,36,volume,mean3,level,percentile,subgroup,env_led,52.6316
CO-09,G2,36,volume,mean3,level,percentile,subgroup,social_led,42.1053
CO-09,G2,36,volume,mean3,level,percentile,subgroup,finance_led,52.6316
CO-09,G2,37,volume,mean3,level,percentile,sector,equal,57.8947
CO-09,G2,37,volume,mean3,level,percentile,sector,env_led,63.1579
CO-09,G2,37,volume,mean3,level,percentile,sector,social_led,57.8947
CO-09,G2,37,volume,mean3,level,percentile,sector,finance_led,57.8947
CO-09,G2,38,volume,mean3,level,winsor_minmax,subgroup,equal,63.1579
CO-09,G2,38,volume,mean3,level,winsor_minmax,subgroup,env_led,63.1579
CO-09,G2,38,volume,mean3,level,winsor_minmax,subgroup,social_led,63.1579
CO-09,G2,38,volume,mean3,level,winsor_minmax,subgroup,finance_led,63.1579
CO-09,G2,39,volume,mean3,level,winsor_minmax,sector,equal,63.1579
CO-09,G2,39,volume,mean3,level,winsor_minmax,sector,env_led,57.8947
CO-09,G2,39,volume,mean3,level,winsor_minmax,sector,social_led,57.8947
CO-09,G2,39,volume,mean3,level,winsor_minmax,sector,finance_led,63.1579
CO-09,G2,40,volume,mean3,level,log_minmax,subgroup,equal,57.8947
CO-09,G2,40,volume,mean3,level,log_minmax,subgroup,env_led,57.8947
CO-09,G2,40,volume,mean3,level,log_minmax,subgroup,social_led,57.8947
CO-09,G2,40,volume,mean3,level,log_minmax,subgroup,finance_led,42.1053
CO-09,G2,41,volume,mean3,level,log_minmax,sector,equal,57.8947
CO-09,G2,41,volume,mean3,level,log_minmax,sector,env_led,57.8947
CO-09,G2,41,volume,mean3,level,log_minmax,sector,social_led,57.8947
CO-09,G2,41,volume,mean3,level,log_minmax,sector,finance_led,52.6316
CO-09,G2,42,volume,mean3,change,percentile,subgroup,equal,42.1053
CO-09,G2,42,volume,mean3,change,percentile,subgroup,env_led,42.1053
CO-09,G2,42,volume,mean3,change,percentile,subgroup,social_led,42.1053
CO-09,G2,42,volume,mean3,change,percentile,subgroup,finance_led,42.1053
CO-09,G2,43,volume,mean3,change,percentile,sector,equal,36.8421
CO-09,G2,43,volume,mean3,change,percentile,sector,env_led,36.8421
CO-09,G2,43,volume,mean3,change,percentile,sector,social_led,36.8421
CO-09,G2,43,volume,mean3,change,percentile,sector,finance_led,36.8421
CO-09,G2,44,volume,mean3,change,winsor_minmax,subgroup,equal,47.3684
CO-09,G2,44,volume,mean3,change,winsor_minmax,subgroup,env_led,52.6316
CO-09,G2,44,volume,mean3,change,winsor_minmax,subgroup,social_led,47.3684
CO-09,G2,44,volume,mean3,change,winsor_minmax,subgroup,finance_led,36.8421
CO-09,G2,45,volume,mean3,change,winsor_minmax,sector,equal,42.1053
CO-09,G2,45,volume,mean3,change,winsor_minmax,sector,env_led,47.3684
CO-09,G2,45,volume,mean3,change,winsor_minmax,sector,social_led,42.1053
CO-09,G2,45,volume,mean3,change,winsor_minmax,sector,finance_led,36.8421
CO-09,G2,46,volume,mean3,change,log_minmax,subgroup,equal,26.3158
CO-09,G2,46,volume,mean3,change,log_minmax,subgroup,env_led,52.6316
CO-09,G2,46,volume,mean3,change,log_minmax,subgroup,social_led,21.0526
CO-09,G2,46,volume,mean3,change,log_minmax,subgroup,finance_led,15.7895
CO-09,G2,47,volume,mean3,change,log_minmax,sector,equal,31.5789
CO-09,G2,47,volume,mean3,change,log_minmax,sector,env_led,42.1053
CO-09,G2,47,volume,mean3,change,log_minmax,sector,social_led,36.8421
CO-09,G2,47,volume,mean3,change,log_minmax,sector,finance_led,26.3158
CO-09,G2,48,headcount,latest,level,percentile,subgroup,equal,52.6316
CO-09,G2,48,headcount,latest,level,percentile,subgroup,env_led,63.1579
CO-09,G2,48,headcount,latest,level,percentile,subgroup,social_led,42.1053
CO-09,G2,48,headcount,latest,level,percentile,subgroup,finance_led,42.1053
CO-09,G2,49,headcount,latest,level,percentile,sector,equal,63.1579
CO-09,G2,49,headcount,latest,level,percentile,sector,env_led,68.4211
CO-09,G2,49,headcount,latest,level,percentile,sector,social_led,57.8947
CO-09,G2,49,headcount,latest,level,percentile,sector,finance_led,73.6842
CO-09,G2,50,headcount,latest,level,winsor_minmax,subgroup,equal,52.6316
CO-09,G2,50,headcount,latest,level,winsor_minmax,subgroup,env_led,52.6316
CO-09,G2,50,headcount,latest,level,winsor_minmax,subgroup,social_led,63.1579
CO-09,G2,50,headcount,latest,level,winsor_minmax,subgroup,finance_led,36.8421
CO-09,G2,51,headcount,latest,level,winsor_minmax,sector,equal,68.4211
CO-09,G2,51,headcount,latest,level,winsor_minmax,sector,env_led,68.4211
CO-09,G2,51,headcount,latest,level,winsor_minmax,sector,social_led,68.4211
CO-09,G2,51,headcount,latest,level,winsor_minmax,sector,finance_led,73.6842
CO-09,G2,52,headcount,latest,level,log_minmax,subgroup,equal,57.8947
CO-09,G2,52,headcount,latest,level,log_minmax,subgroup,env_led,63.1579
CO-09,G2,52,headcount,latest,level,log_minmax,subgroup,social_led,52.6316
CO-09,G2,52,headcount,latest,level,log_minmax,subgroup,finance_led,26.3158
CO-09,G2,53,headcount,latest,level,log_minmax,sector,equal,57.8947
CO-09,G2,53,headcount,latest,level,log_minmax,sector,env_led,73.6842
CO-09,G2,53,headcount,latest,level,log_minmax,sector,social_led,57.8947
CO-09,G2,53,headcount,latest,level,log_minmax,sector,finance_led,52.6316
CO-09,G2,54,headcount,latest,change,percentile,subgroup,equal,52.6316
CO-09,G2,54,headcount,latest,change,percentile,subgroup,env_led,42.1053
CO-09,G2,54,headcount,latest,change,percentile,subgroup,social_led,42.1053
CO-09,G2,54,headcount,latest,change,percentile,subgroup,finance_led,84.2105
CO-09,G2,55,headcount,latest,change,percentile,sector,equal,31.5789
CO-09,G2,55,headcount,latest,change,percentile,sector,env_led,31.5789
CO-09,G2,55,headcount,latest,change,percentile,sector,social_led,31.5789
CO-09,G2,55,headcount,latest,change,percentile,sector,finance_led,31.5789
CO-09,G2,56,headcount,latest,change,winsor_minmax,subgroup,equal,57.8947
CO-09,G2,56,headcount,latest,change,winsor_minmax,subgroup,env_led,52.6316
CO-09,G2,56,headcount,latest,change,winsor_minmax,subgroup,social_led,47.3684
CO-09,G2,56,headcount,latest,change,winsor_minmax,subgroup,finance_led,84.2105
CO-09,G2,57,headcount,latest,change,winsor_minmax,sector,equal,63.1579
CO-09,G2,57,headcount,latest,change,winsor_minmax,sector,env_led,47.3684
CO-09,G2,57,headcount,latest,change,winsor_minmax,sector,social_led,57.8947
CO-09,G2,57,headcount,latest,change,winsor_minmax,sector,finance_led,68.4211
CO-09,G2,58,headcount,latest,change,log_minmax,subgroup,equal,57.8947
CO-09,G2,58,headcount,latest,change,log_minmax,subgroup,env_led,52.6316
CO-09,G2,58,headcount,latest,change,log_minmax,subgroup,social_led,31.5789
CO-09,G2,58,headcount,latest,change,log_minmax,subgroup,finance_led,73.6842
CO-09,G2,59,headcount,latest,change,log_minmax,sector,equal,52.6316
CO-09,G2,59,headcount,latest,change,log_minmax,sector,env_led,68.4211
CO-09,G2,59,headcount,latest,change,log_minmax,sector,social_led,52.6316
CO-09,G2,59,headcount,latest,change,log_minmax,sector,finance_led,68.4211
CO-09,G2,60,headcount,mean3,level,percentile,subgroup,equal,57.8947
CO-09,G2,60,headcount,mean3,level,percentile,subgroup,env_led,63.1579
CO-09,G2,60,headcount,mean3,level,percentile,subgroup,social_led,52.6316
CO-09,G2,60,headcount,mean3,level,percentile,subgroup,finance_led,57.8947
CO-09,G2,61,headcount,mean3,level,percentile,sector,equal,63.1579
CO-09,G2,61,headcount,mean3,level,percentile,sector,env_led,63.1579
CO-09,G2,61,headcount,mean3,level,percentile,sector,social_led,63.1579
CO-09,G2,61,headcount,mean3,level,percentile,sector,finance_led,63.1579
CO-09,G2,62,headcount,mean3,level,winsor_minmax,subgroup,equal,63.1579
CO-09,G2,62,headcount,mean3,level,winsor_minmax,subgroup,env_led,68.4211
CO-09,G2,62,headcount,mean3,level,winsor_minmax,subgroup,social_led,63.1579
CO-09,G2,62,headcount,mean3,level,winsor_minmax,subgroup,finance_led,63.1579
CO-09,G2,63,headcount,mean3,level,winsor_minmax,sector,equal,63.1579
CO-09,G2,63,headcount,mean3,level,winsor_minmax,sector,env_led,63.1579
CO-09,G2,63,headcount,mean3,level,winsor_minmax,sector,social_led,63.1579
CO-09,G2,63,headcount,mean3,level,winsor_minmax,sector,finance_led,84.2105
CO-09,G2,64,headcount,mean3,level,log_minmax,subgroup,equal,63.1579
CO-09,G2,64,headcount,mean3,level,log_minmax,subgroup,env_led,63.1579
CO-09,G2,64,headcount,mean3,level,log_minmax,subgroup,social_led,57.8947
CO-09,G2,64,headcount,mean3,level,log_minmax,subgroup,finance_led,57.8947
CO-09,G2,65,headcount,mean3,level,log_minmax,sector,equal,57.8947
CO-09,G2,65,headcount,mean3,level,log_minmax,sector,env_led,63.1579
CO-09,G2,65,headcount,mean3,level,log_minmax,sector,social_led,57.8947
CO-09,G2,65,headcount,mean3,level,log_minmax,sector,finance_led,52.6316
CO-09,G2,66,headcount,mean3,change,percentile,subgroup,equal,42.1053
CO-09,G2,66,headcount,mean3,change,percentile,subgroup,env_led,42.1053
CO-09,G2,66,headcount,mean3,change,percentile,subgroup,social_led,31.5789
CO-09,G2,66,headcount,mean3,change,percentile,subgroup,finance_led,47.3684
CO-09,G2,67,headcount,mean3,change,percentile,sector,equal,36.8421
CO-09,G2,67,headcount,mean3,change,percentile,sector,env_led,36.8421
CO-09,G2,67,headcount,mean3,change,percentile,sector,social_led,36.8421
CO-09,G2,67,headcount,mean3,change,percentile,sector,finance_led,42.1053
CO-09,G2,68,headcount,mean3,change,winsor_minmax,subgroup,equal,47.3684
CO-09,G2,68,headcount,mean3,change,winsor_minmax,subgroup,env_led,52.6316
CO-09,G2,68,headcount,mean3,change,winsor_minmax,subgroup,social_led,47.3684
CO-09,G2,68,headcount,mean3,change,winsor_minmax,subgroup,finance_led,42.1053
CO-09,G2,69,headcount,mean3,change,winsor_minmax,sector,equal,42.1053
CO-09,G2,69,headcount,mean3,change,winsor_minmax,sector,env_led,47.3684
CO-09,G2,69,headcount,mean3,change,winsor_minmax,sector,social_led,42.1053
CO-09,G2,69,headcount,mean3,change,winsor_minmax,sector,finance_led,42.1053
CO-09,G2,70,headcount,mean3,change,log_minmax,subgroup,equal,31.5789
CO-09,G2,70,headcount,mean3,change,log_minmax,subgroup,env_led,52.6316
CO-09,G2,70,headcount,mean3,change,log_minmax,subgroup,social_led,21.0526
CO-09,G2,70,headcount,mean3,change,log_minmax,subgroup,finance_led,21.0526
CO-09,G2,71,headcount,mean3,change,log_minmax,sector,equal,31.5789
CO-09,G2,71,headcount,mean3,change,log_minmax,sector,env_led,36.8421
CO-09,G2,71,headcount,mean3,change,log_minmax,sector,social_led,31.5789
CO-09,G2,71,headcount,mean3,change,log_minmax,sector,finance_led,21.0526
CO-10,G2,0,revenue,latest,level,percentile,subgroup,equal,68.4211
CO-10,G2,0,revenue,latest,level,percentile,subgroup,env_led,68.4211
CO-10,G2,0,revenue,latest,level,percentile,subgroup,social_led,68.4211
CO-10,G2,0,revenue,latest,level,percentile,subgroup,finance_led,84.2105
CO-10,G2,1,revenue,latest,level,percentile,sector,equal,78.9474
CO-10,G2,1,revenue,latest,level,percentile,sector,env_led,73.6842
CO-10,G2,1,revenue,latest,level,percentile,sector,social_led,68.4211
CO-10,G2,1,revenue,latest,level,percentile,sector,finance_led,84.2105
CO-10,G2,2,revenue,latest,level,winsor_minmax,subgroup,equal,63.1579
CO-10,G2,2,revenue,latest,level,winsor_minmax,subgroup,env_led,68.4211
CO-10,G2,2,revenue,latest,level,winsor_minmax,subgroup,social_led,63.1579
CO-10,G2,2,revenue,latest,level,winsor_minmax,subgroup,finance_led,68.4211
CO-10,G2,3,revenue,latest,level,winsor_minmax,sector,equal,68.4211
CO-10,G2,3,revenue,latest,level,winsor_minmax,sector,env_led,73.6842
CO-10,G2,3,revenue,latest,level,winsor_minmax,sector,social_led,57.8947
CO-10,G2,3,revenue,latest,level,winsor_minmax,sector,finance_led,78.9474
CO-10,G2,4,revenue,latest,level,log_minmax,subgroup,equal,68.4211
CO-10,G2,4,revenue,latest,level,log_minmax,subgroup,env_led,68.4211
CO-10,G2,4,revenue,latest,level,log_minmax,subgroup,social_led,63.1579
CO-10,G2,4,revenue,latest,level,log_minmax,subgroup,finance_led,42.1053
CO-10,G2,5,revenue,latest,level,log_minmax,sector,equal,68.4211
CO-10,G2,5,revenue,latest,level,log_minmax,sector,env_led,73.6842
CO-10,G2,5,revenue,latest,level,log_minmax,sector,social_led,63.1579
CO-10,G2,5,revenue,latest,level,log_minmax,sector,finance_led,63.1579
CO-10,G2,6,revenue,latest,change,percentile,subgroup,equal,73.6842
CO-10,G2,6,revenue,latest,change,percentile,subgroup,env_led,63.1579
CO-10,G2,6,revenue,latest,change,percentile,subgroup,social_led,68.4211
CO-10,G2,6,revenue,latest,change,percentile,subgroup,finance_led,63.1579
CO-10,G2,7,revenue,latest,change,percentile,sector,equal,73.6842
CO-10,G2,7,revenue,latest,change,percentile,sector,env_led,73.6842
CO-10,G2,7,revenue,latest,change,percentile,sector,social_led,73.6842
CO-10,G2,7,revenue,latest,change,percentile,sector,finance_led,57.8947
CO-10,G2,8,revenue,latest,change,winsor_minmax,subgroup,equal,73.6842
CO-10,G2,8,revenue,latest,change,winsor_minmax,subgroup,env_led,68.4211
CO-10,G2,8,revenue,latest,change,winsor_minmax,subgroup,social_led,68.4211
CO-10,G2,8,revenue,latest,change,winsor_minmax,subgroup,finance_led,63.1579
CO-10,G2,9,revenue,latest,change,winsor_minmax,sector,equal,73.6842
CO-10,G2,9,revenue,latest,change,winsor_minmax,sector,env_led,73.6842
CO-10,G2,9,revenue,latest,change,winsor_minmax,sector,social_led,68.4211
CO-10,G2,9,revenue,latest,change,winsor_minmax,sector,finance_led,57.8947
CO-10,G2,10,revenue,latest,change,log_minmax,subgroup,equal,52.6316
CO-10,G2,10,revenue,latest,change,log_minmax,subgroup,env_led,63.1579
CO-10,G2,10,revenue,latest,change,log_minmax,subgroup,social_led,63.1579
CO-10,G2,10,revenue,latest,change,log_minmax,subgroup,finance_led,26.3158
CO-10,G2,11,revenue,latest,change,log_minmax,sector,equal,36.8421
CO-10,G2,11,revenue,latest,change,log_minmax,sector,env_led,52.6316
CO-10,G2,11,revenue,latest,change,log_minmax,sector,social_led,52.6316
CO-10,G2,11,revenue,latest,change,log_minmax,sector,finance_led,21.0526
CO-10,G2,12,revenue,mean3,level,percentile,subgroup,equal,78.9474
CO-10,G2,12,revenue,mean3,level,percentile,subgroup,env_led,78.9474
CO-10,G2,12,revenue,mean3,level,percentile,subgroup,social_led,68.4211
CO-10,G2,12,revenue,mean3,level,percentile,subgroup,finance_led,94.7368
CO-10,G2,13,revenue,mean3,level,percentile,sector,equal,84.2105
CO-10,G2,13,revenue,mean3,level,percentile,sector,env_led,84.2105
CO-10,G2,13,revenue,mean3,level,percentile,sector,social_led,78.9474
CO-10,G2,13,revenue,mean3,level,percentile,sector,finance_led,94.7368
CO-10,G2,14,revenue,mean3,level,winsor_minmax,subgroup,equal,73.6842
CO-10,G2,14,revenue,mean3,level,winsor_minmax,subgroup,env_led,78.9474
CO-10,G2,14,revenue,mean3,level,winsor_minmax,subgroup,social_led,68.4211
CO-10,G2,14,revenue,mean3,level,winsor_minmax,subgroup,finance_led,78.9474
CO-10,G2,15,revenue,mean3,level,winsor_minmax,sector,equal,84.2105
CO-10,G2,15,revenue,mean3,level,winsor_minmax,sector,env_led,84.2105
CO-10,G2,15,revenue,mean3,level,winsor_minmax,sector,social_led,68.4211
CO-10,G2,15,revenue,mean3,level,winsor_minmax,sector,finance_led,100.0
CO-10,G2,16,revenue,mean3,level,log_minmax,subgroup,equal,73.6842
CO-10,G2,16,revenue,mean3,level,log_minmax,subgroup,env_led,78.9474
CO-10,G2,16,revenue,mean3,level,log_minmax,subgroup,social_led,68.4211
CO-10,G2,16,revenue,mean3,level,log_minmax,subgroup,finance_led,68.4211
CO-10,G2,17,revenue,mean3,level,log_minmax,sector,equal,68.4211
CO-10,G2,17,revenue,mean3,level,log_minmax,sector,env_led,78.9474
CO-10,G2,17,revenue,mean3,level,log_minmax,sector,social_led,68.4211
CO-10,G2,17,revenue,mean3,level,log_minmax,sector,finance_led,63.1579
CO-10,G2,18,revenue,mean3,change,percentile,subgroup,equal,57.8947
CO-10,G2,18,revenue,mean3,change,percentile,subgroup,env_led,57.8947
CO-10,G2,18,revenue,mean3,change,percentile,subgroup,social_led,63.1579
CO-10,G2,18,revenue,mean3,change,percentile,subgroup,finance_led,57.8947
CO-10,G2,19,revenue,mean3,change,percentile,sector,equal,68.4211
CO-10,G2,19,revenue,mean3,change,percentile,sector,env_led,68.4211
CO-10,G2,19,revenue,mean3,change,percentile,sector,social_led,73.6842
CO-10,G2,19,revenue,mean3,change,percentile,sector,finance_led,68.4211
CO-10,G2,20,revenue,mean3,change,winsor_minmax,subgroup,equal,57.8947
CO-10,G2,20,revenue,mean3,change,winsor_minmax,subgroup,env_led,57.8947
CO-10,G2,20,revenue,mean3,change,winsor_minmax,subgroup,social_led,63.1579
CO-10,G2,20,revenue,mean3,change,winsor_minmax,subgroup,finance_led,57.8947
CO-10,G2,21,revenue,mean3,change,winsor_minmax,sector,equal,57.8947
CO-10,G2,21,revenue,mean3,change,winsor_minmax,sector,env_led,57.8947
CO-10,G2,21,revenue,mean3,change,winsor_minmax,sector,social_led,68.4211
CO-10,G2,21,revenue,mean3,change,winsor_minmax,sector,finance_led,47.3684
CO-10,G2,22,revenue,mean3,change,log_minmax,subgroup,equal,42.1053
CO-10,G2,22,revenue,mean3,change,log_minmax,subgroup,env_led,57.8947
CO-10,G2,22,revenue,mean3,change,log_minmax,subgroup,social_led,57.8947
CO-10,G2,22,revenue,mean3,change,log_minmax,subgroup,finance_led,36.8421
CO-10,G2,23,revenue,mean3,change,log_minmax,sector,equal,63.1579
CO-10,G2,23,revenue,mean3,change,log_minmax,sector,env_led,57.8947
CO-10,G2,23,revenue,mean3,change,log_minmax,sector,social_led,68.4211
CO-10,G2,23,revenue,mean3,change,log_minmax,sector,finance_led,52.6316
CO-10,G2,24,volume,latest,level,percentile,subgroup,equal,68.4211
CO-10,G2,24,volume,latest,level,percentile,subgroup,env_led,63.1579
CO-10,G2,24,volume,latest,level,percentile,subgroup,social_led,63.1579
CO-10,G2,24,volume,latest,level,percentile,subgroup,finance_led,73.6842
CO-10,G2,25,volume,latest,level,percentile,sector,equal,68.4211
CO-10,G2,25,volume,latest,level,percentile,sector,env_led,68.4211
CO-10,G2,25,volume,latest,level,percentile,sector,social_led,63.1579
CO-10,G2,25,volume,latest,level,percentile,sector,finance_led,84.2105
CO-10,G2,26,volume,latest,level,winsor_minmax,subgroup,equal,57.8947
CO-10,G2,26,volume,latest,level,winsor_minmax,subgroup,env_led,63.1579
CO-10,G2,26,volume,latest,level,winsor_minmax,subgroup,social_led,57.8947
CO-10,G2,26,volume,latest,level,winsor_minmax,subgroup,finance_led,42.1053
CO-10,G2,27,volume,latest,level,winsor_minmax,sector,equal,57.8947
CO-10,G2,27,volume,latest,level,winsor_minmax,sector,env_led,63.1579
CO-10,G2,27,volume,latest,level,winsor_minmax,sector,social_led,57.8947
CO-10,G2,27,volume,latest,level,winsor_minmax,sector,finance_led,78.9474
CO-10,G2,28,volume,latest,level,log_minmax,subgroup,equal,57.8947
CO-10,G2,28,volume,latest,level,log_minmax,subgroup,env_led,63.1579
CO-10,G2,28,volume,latest,level,log_minmax,subgroup,social_led,57.8947
CO-10,G2,28,volume,latest,level,log_minmax,subgroup,finance_led,31.5789
CO-10,G2,29,volume,latest,level,log_minmax,sector,equal,63.1579
CO-10,G2,29,volume,latest,level,log_minmax,sector,env_led,68.4211
CO-10,G2,29,volume,latest,level,log_minmax,sector,social_led,63.1579
CO-10,G2,29,volume,latest,level,log_minmax,sector,finance_led,63.1579
CO-10,G2,30,volume,latest,change,percentile,subgroup,equal,57.8947
CO-10,G2,30,volume,latest,change,percentile,subgroup,env_led,57.8947
CO-10,G2,30,volume,latest,change,percentile,subgroup,social_led,57.8947
CO-10,G2,30,volume,latest,change,percentile,subgroup,finance_led,47.3684
CO-10,G2,31,volume,latest,change,percentile,sector,equal,63.1579
CO-10,G2,31,volume,latest,change,percentile,sector,env_led,68.4211
CO-10,G2,31,volume,latest,change,percentile,sector,social_led,68.4211
CO-10,G2,31,volume,latest,change,percentile,sector,finance_led,31.5789
CO-10,G2,32,volume,latest,change,winsor_minmax,subgroup,equal,52.6316
CO-10,G2,32,volume,latest,change,winsor_minmax,subgroup,env_led,57.8947
CO-10,G2,32,volume,latest,change,winsor_minmax,subgroup,social_led,63.1579
CO-10,G2,32,volume,latest,change,winsor_minmax,subgroup,finance_led,52.6316
CO-10,G2,33,volume,latest,change,winsor_minmax,sector,equal,73.6842
CO-10,G2,33,volume,latest,change,winsor_minmax,sector,env_led,73.6842
CO-10,G2,33,volume,latest,change,winsor_minmax,sector,social_led,73.6842
CO-10,G2,33,volume,latest,change,winsor_minmax,sector,finance_led,42.1053
CO-10,G2,34,volume,latest,change,log_minmax,subgroup,equal,36.8421
CO-10,G2,34,volume,latest,change,log_minmax,subgroup,env_led,57.8947
CO-10,G2,34,volume,latest,change,log_minmax,subgroup,social_led,47.3684
CO-10,G2,34,volume,latest,change,log_minmax,subgroup,finance_led,26.3158
CO-10,G2,35,volume,latest,change,log_minmax,sector,equal,21.0526
CO-10,G2,35,volume,latest,change,log_minmax,sector,env_led,42.1053
CO-10,G2,35,volume,latest,change,log_minmax,sector,social_led,36.8421
CO-10,G2,35,volume,latest,change,log_minmax,sector,finance_led,5.2632
CO-10,G2,36,volume,mean3,level,percentile,subgroup,equal,68.4211
CO-10,G2,36,volume,mean3,level,percentile,subgroup,env_led,68.4211
CO-10,G2,36,volume,mean3,level,percentile,subgroup,social_led,68.4211
CO-10,G2,36,volume,mean3,level,percentile,subgroup,finance_led,68.4211
CO-10,G2,37,volume,mean3,level,percentile,sector,equal,68.4211
CO-10,G2,37,volume,mean3,level,percentile,sector,env_led,68.4211
CO-10,G2,37,volume,mean3,level,percentile,sector,social_led,73.6842
CO-10,G2,37,volume,mean3,level,percentile,sector,finance_led,73.6842
CO-10,G2,38,volume,mean3,level,winsor_minmax,subgroup,equal,68.4211
CO-10,G2,38,volume,mean3,level,winsor_minmax,subgroup,env_led,68.4211
CO-10,G2,38,volume,mean3,level,winsor_minmax,subgroup,social_led,68.4211
CO-10,G2,38,volume,mean3,level,winsor_minmax,subgroup,finance_led,73.6842
CO-10,G2,39,volume,mean3,level,winsor_minmax,sector,equal,68.4211
CO-10,G2,39,volume,mean3,level,winsor_minmax,sector,env_led,68.4211
CO-10,G2,39,volume,mean3,level,winsor_minmax,sector,social_led,68.4211
CO-10,G2,39,volume,mean3,level,winsor_minmax,sector,finance_led,73.6842
CO-10,G2,40,volume,mean3,level,log_minmax,subgroup,equal,68.4211
CO-10,G2,40,volume,mean3,level,log_minmax,subgroup,env_led,68.4211
CO-10,G2,40,volume,mean3,level,log_minmax,subgroup,social_led,68.4211
CO-10,G2,40,volume,mean3,level,log_minmax,subgroup,finance_led,63.1579
CO-10,G2,41,volume,mean3,level,log_minmax,sector,equal,68.4211
CO-10,G2,41,volume,mean3,level,log_minmax,sector,env_led,68.4211
CO-10,G2,41,volume,mean3,level,log_minmax,sector,social_led,68.4211
CO-10,G2,41,volume,mean3,level,log_minmax,sector,finance_led,57.8947
CO-10,G2,42,volume,mean3,change,percentile,subgroup,equal,63.1579
CO-10,G2,42,volume,mean3,change,percentile,subgroup,env_led,57.8947
CO-10,G2,42,volume,mean3,change,percentile,subgroup,social_led,68.4211
CO-10,G2,42,volume,mean3,change,percentile,subgroup,finance_led,63.1579
CO-10,G2,43,volume,mean3,change,percentile,sector,equal,68.4211
CO-10,G2,43,volume,mean3,change,percentile,sector,env_led,63.1579
CO-10,G2,43,volume,mean3,change,percentile,sector,social_led,73.6842
CO-10,G2,43,volume,mean3,change,percentile,sector,finance_led,63.1579
CO-10,G2,44,volume,mean3,change,winsor_minmax,subgroup,equal,57.8947
CO-10,G2,44,volume,mean3,change,winsor_minmax,subgroup,env_led,57.8947
CO-10,G2,44,volume,mean3,change,winsor_minmax,subgroup,social_led,57.8947
CO-10,G2,44,volume,mean3,change,winsor_minmax,subgroup,finance_led,63.1579
CO-10,G2,45,volume,mean3,change,winsor_minmax,sector,equal,63.1579
CO-10,G2,45,volume,mean3,change,winsor_minmax,sector,env_led,57.8947
CO-10,G2,45,volume,mean3,change,winsor_minmax,sector,social_led,68.4211
CO-10,G2,45,volume,mean3,change,winsor_minmax,sector,finance_led,52.6316
CO-10,G2,46,volume,mean3,change,log_minmax,subgroup,equal,42.1053
CO-10,G2,46,volume,mean3,change,log_minmax,subgroup,env_led,57.8947
CO-10,G2,46,volume,mean3,change,log_minmax,subgroup,social_led,57.8947
CO-10,G2,46,volume,mean3,change,log_minmax,subgroup,finance_led,26.3158
CO-10,G2,47,volume,mean3,change,log_minmax,sector,equal,63.1579
CO-10,G2,47,volume,mean3,change,log_minmax,sector,env_led,57.8947
CO-10,G2,47,volume,mean3,change,log_minmax,sector,social_led,68.4211
CO-10,G2,47,volume,mean3,change,log_minmax,sector,finance_led,42.1053
CO-10,G2,48,headcount,latest,level,percentile,subgroup,equal,68.4211
CO-10,G2,48,headcount,latest,level,percentile,subgroup,env_led,68.4211
CO-10,G2,48,headcount,latest,level,percentile,subgroup,social_led,63.1579
CO-10,G2,48,headcount,latest,level,percentile,subgroup,finance_led,78.9474
CO-10,G2,49,headcount,latest,level,percentile,sector,equal,73.6842
CO-10,G2,49,headcount,latest,level,percentile,sector,env_led,73.6842
CO-10,G2,49,headcount,latest,level,percentile,sector,social_led,68.4211
CO-10,G2,49,headcount,latest,level,percentile,sector,finance_led,84.2105
CO-10,G2,50,headcount,latest,level,winsor_minmax,subgroup,equal,57.8947
CO-10,G2,50,headcount,latest,level,winsor_minmax,subgroup,env_led,63.1579
CO-10,G2,50,headcount,latest,level,winsor_minmax,subgroup,social_led,57.8947
CO-10,G2,50,headcount,latest,level,winsor_minmax,subgroup,finance_led,63.1579
CO-10,G2,51,headcount,latest,level,winsor_minmax,sector,equal,57.8947
CO-10,G2,51,headcount,latest,level,winsor_minmax,sector,env_led,57.8947
CO-10,G2,51,headcount,latest,level,winsor_minmax,sector,social_led,57.8947
CO-10,G2,51,headcount,latest,level,winsor_minmax,sector,finance_led,78.9474
CO-10,G2,52,headcount,latest,level,log_minmax,subgroup,equal,63.1579
CO-10,G2,52,headcount,latest,level,log_minmax,subgroup,env_led,68.4211
CO-10,G2,52,headcount,latest,level,log_minmax,subgroup,social_led,63.1579
CO-10,G2,52,headcount,latest,level,log_minmax,subgroup,finance_led,42.1053
CO-10,G2,53,headcount,latest,level,log_minmax,sector,equal,63.1579
CO-10,G2,53,headcount,latest,level,log_minmax,sector,env_led,63.1579
CO-10,G2,53,headcount,latest,level,log_minmax,sector,social_led,63.1579
CO-10,G2,53,headcount,latest,level,log_minmax,sector,finance_led,63.1579
CO-10,G2,54,headcount,latest,change,percentile,subgroup,equal,68.4211
CO-10,G2,54,headcount,latest,change,percentile,subgroup,env_led,63.1579
CO-10,G2,54,headcount,latest,change,percentile,subgroup,social_led,63.1579
CO-10,G2,54,headcount,latest,change,percentile,subgroup,finance_led,57.8947
CO-10,G2,55,headcount,latest,change,percentile,sector,equal,73.6842
CO-10,G2,55,headcount,latest,change,percentile,sector,env_led,73.6842
CO-10,G2,55,headcount,latest,change,percentile,sector,social_led,73.6842
CO-10,G2,55,headcount,latest,change,percentile,sector,finance_led,36.8421
CO-10,G2,56,headcount,latest,change,winsor_minmax,subgroup,equal,68.4211
CO-10,G2,56,headcount,latest,change,winsor_minmax,subgroup,env_led,63.1579
CO-10,G2,56,headcount,latest,change,winsor_minmax,subgroup,social_led,68.4211
CO-10,G2,56,headcount,latest,change,winsor_minmax,subgroup,finance_led,63.1579
CO-10,G2,57,headcount,latest,change,winsor_minmax,sector,equal,73.6842
CO-10,G2,57,headcount,latest,change,winsor_minmax,sector,env_led,73.6842
CO-10,G2,57,headcount,latest,change,winsor_minmax,sector,social_led,68.4211
CO-10,G2,57,headcount,latest,change,winsor_minmax,sector,finance_led,47.3684
CO-10,G2,58,headcount,latest,change,log_minmax,subgroup,equal,42.1053
CO-10,G2,58,headcount,latest,change,log_minmax,subgroup,env_led,63.1579
CO-10,G2,58,headcount,latest,change,log_minmax,subgroup,social_led,52.6316
CO-10,G2,58,headcount,latest,change,log_minmax,subgroup,finance_led,21.0526
CO-10,G2,59,headcount,latest,change,log_minmax,sector,equal,31.5789
CO-10,G2,59,headcount,latest,change,log_minmax,sector,env_led,47.3684
CO-10,G2,59,headcount,latest,change,log_minmax,sector,social_led,42.1053
CO-10,G2,59,headcount,latest,change,log_minmax,sector,finance_led,10.5263
CO-10,G2,60,headcount,mean3,level,percentile,subgroup,equal,68.4211
CO-10,G2,60,headcount,mean3,level,percentile,subgroup,env_led,68.4211
CO-10,G2,60,headcount,mean3,level,percentile,subgroup,social_led,68.4211
CO-10,G2,60,headcount,mean3,level,percentile,subgroup,finance_led,68.4211
CO-10,G2,61,headcount,mean3,level,percentile,sector,equal,73.6842
CO-10,G2,61,headcount,mean3,level,percentile,sector,env_led,68.4211
CO-10,G2,61,headcount,mean3,level,percentile,sector,social_led,73.6842
CO-10,G2,61,headcount,mean3,level,percentile,sector,finance_led,84.2105
CO-10,G2,62,headcount,mean3,level,winsor_minmax,subgroup,equal,73.6842
CO-10,G2,62,headcount,mean3,level,winsor_minmax,subgroup,env_led,73.6842
CO-10,G2,62,headcount,mean3,level,winsor_minmax,subgroup,social_led,68.4211
CO-10,G2,62,headcount,mean3,level,winsor_minmax,subgroup,finance_led,78.9474
CO-10,G2,63,headcount,mean3,level,winsor_minmax,sector,equal,73.6842
CO-10,G2,63,headcount,mean3,level,winsor_minmax,sector,env_led,68.4211
CO-10,G2,63,headcount,mean3,level,winsor_minmax,sector,social_led,68.4211
CO-10,G2,63,headcount,mean3,level,winsor_minmax,sector,finance_led,94.7368
CO-10,G2,64,headcount,mean3,level,log_minmax,subgroup,equal,68.4211
CO-10,G2,64,headcount,mean3,level,log_minmax,subgroup,env_led,68.4211
CO-10,G2,64,headcount,mean3,level,log_minmax,subgroup,social_led,68.4211
CO-10,G2,64,headcount,mean3,level,log_minmax,subgroup,finance_led,68.4211
CO-10,G2,65,headcount,mean3,level,log_minmax,sector,equal,68.4211
CO-10,G2,65,headcount,mean3,level,log_minmax,sector,env_led,68.4211
CO-10,G2,65,headcount,mean3,level,log_minmax,sector,social_led,68.4211
CO-10,G2,65,headcount,mean3,level,log_minmax,sector,finance_led,63.1579
CO-10,G2,66,headcount,mean3,change,percentile,subgroup,equal,57.8947
CO-10,G2,66,headcount,mean3,change,percentile,subgroup,env_led,57.8947
CO-10,G2,66,headcount,mean3,change,percentile,subgroup,social_led,68.4211
CO-10,G2,66,headcount,mean3,change,percentile,subgroup,finance_led,57.8947
CO-10,G2,67,headcount,mean3,change,percentile,sector,equal,63.1579
CO-10,G2,67,headcount,mean3,change,percentile,sector,env_led,63.1579
CO-10,G2,67,headcount,mean3,change,percentile,sector,social_led,73.6842
CO-10,G2,67,headcount,mean3,change,percentile,sector,finance_led,63.1579
CO-10,G2,68,headcount,mean3,change,winsor_minmax,subgroup,equal,57.8947
CO-10,G2,68,headcount,mean3,change,winsor_minmax,subgroup,env_led,57.8947
CO-10,G2,68,headcount,mean3,change,winsor_minmax,subgroup,social_led,63.1579
CO-10,G2,68,headcount,mean3,change,winsor_minmax,subgroup,finance_led,63.1579
CO-10,G2,69,headcount,mean3,change,winsor_minmax,sector,equal,63.1579
CO-10,G2,69,headcount,mean3,change,winsor_minmax,sector,env_led,57.8947
CO-10,G2,69,headcount,mean3,change,winsor_minmax,sector,social_led,68.4211
CO-10,G2,69,headcount,mean3,change,winsor_minmax,sector,finance_led,52.6316
CO-10,G2,70,headcount,mean3,change,log_minmax,subgroup,equal,36.8421
CO-10,G2,70,headcount,mean3,change,log_minmax,subgroup,env_led,57.8947
CO-10,G2,70,headcount,mean3,change,log_minmax,subgroup,social_led,57.8947
CO-10,G2,70,headcount,mean3,change,log_minmax,subgroup,finance_led,36.8421
CO-10,G2,71,headcount,mean3,change,log_minmax,sector,equal,57.8947
CO-10,G2,71,headcount,mean3,change,log_minmax,sector,env_led,52.6316
CO-10,G2,71,headcount,mean3,change,log_minmax,sector,social_led,68.4211
CO-10,G2,71,headcount,mean3,change,log_minmax,sector,finance_led,47.3684
CO-11,G3,0,revenue,latest,level,percentile,subgroup,equal,31.5789
CO-11,G3,0,revenue,latest,level,percentile,subgroup,env_led,26.3158
CO-11,G3,0,revenue,latest,level,percentile,subgroup,social_led,21.0526
CO-11,G3,0,revenue,latest,level,percentile,subgroup,finance_led,57.8947
CO-11,G3,1,revenue,latest,level,percentile,sector,equal,15.7895
CO-11,G3,1,revenue,latest,level,percentile,sector,env_led,15.7895
CO-11,G3,1,revenue,latest,level,percentile,sector,social_led,15.7895
CO-11,G3,1,revenue,latest,level,percentile,sector,finance_led,10.5263
CO-11,G3,2,revenue,latest,level,winsor_minmax,subgroup,equal,26.3158
CO-11,G3,2,revenue,latest,level,winsor_minmax,subgroup,env_led,21.0526
CO-11,G3,2,revenue,latest,level,winsor_minmax,subgroup,social_led,21.0526
CO-11,G3,2,revenue,latest,level,winsor_minmax,subgroup,finance_led,36.8421
CO-11,G3,3,revenue,latest,level,winsor_minmax,sector,equal,15.7895
CO-11,G3,3,revenue,latest,level,winsor_minmax,sector,env_led,15.7895
CO-11,G3,3,revenue,latest,level,winsor_minmax,sector,social_led,15.7895
CO-11,G3,3,revenue,latest,level,winsor_minmax,sector,finance_led,15.7895
CO-11,G3,4,revenue,latest,level,log_minmax,subgroup,equal,42.1053
CO-11,G3,4,revenue,latest,level,log_minmax,subgroup,env_led,31.5789
CO-11,G3,4,revenue,latest,level,log_minmax,subgroup,social_led,31.5789
CO-11,G3,4,revenue,latest,level,log_minmax,subgroup,finance_led,68.4211
CO-11,G3,5,revenue,latest,level,log_minmax,sector,equal,15.7895
CO-11,G3,5,revenue,latest,level,log_minmax,sector,env_led,21.0526
CO-11,G3,5,revenue,latest,level,log_minmax,sector,social_led,10.5263
CO-11,G3,5,revenue,latest,level,log_minmax,sector,finance_led,10.5263
CO-11,G3,6,revenue,latest,change,percentile,subgroup,equal,31.5789
CO-11,G3,6,revenue,latest,change,percentile,subgroup,env_led,31.5789
CO-11,G3,6,revenue,latest,change,percentile,subgroup,social_led,31.5789
CO-11,G3,6,revenue,latest,change,percentile,subgroup,finance_led,36.8421
CO-11,G3,7,revenue,latest,change,percentile,sector,equal,5.2632
CO-11,G3,7,revenue,latest,change,percentile,sector,env_led,10.5263
CO-11,G3,7,revenue,latest,change,percentile,sector,social_led,5.2632
CO-11,G3,7,revenue,latest,change,percentile,sector,finance_led,10.5263
CO-11,G3,8,revenue,latest,change,winsor_minmax,subgroup,equal,26.3158
CO-11,G3,8,revenue,latest,change,winsor_minmax,subgroup,env_led,31.5789
CO-11,G3,8,revenue,latest,change,winsor_minmax,subgroup,social_led,26.3158
CO-11,G3,8,revenue,latest,change,winsor_minmax,subgroup,finance_led,31.5789
CO-11,G3,9,revenue,latest,change,winsor_minmax,sector,equal,5.2632
CO-11,G3,9,revenue,latest,change,winsor_minmax,sector,env_led,10.5263
CO-11,G3,9,revenue,latest,change,winsor_minmax,sector,social_led,10.5263
CO-11,G3,9,revenue,latest,change,winsor_minmax,sector,finance_led,5.2632
CO-11,G3,10,revenue,latest,change,log_minmax,subgroup,equal,47.3684
CO-11,G3,10,revenue,latest,change,log_minmax,subgroup,env_led,57.8947
CO-11,G3,10,revenue,latest,change,log_minmax,subgroup,social_led,36.8421
CO-11,G3,10,revenue,latest,change,log_minmax,subgroup,finance_led,63.1579
CO-11,G3,11,revenue,latest,change,log_minmax,sector,equal,52.6316
CO-11,G3,11,revenue,latest,change,log_minmax,sector,env_led,42.1053
CO-11,G3,11,revenue,latest,change,log_minmax,sector,social_led,42.1053
CO-11,G3,11,revenue,latest,change,log_minmax,sector,finance_led,63.1579
CO-11,G3,12,revenue,mean3,level,percentile,subgroup,equal,21.0526
CO-11,G3,12,revenue,mean3,level,percentile,subgroup,env_led,21.0526
CO-11,G3,12,revenue,mean3,level,percentile,subgroup,social_led,21.0526
CO-11,G3,12,revenue,mean3,level,percentile,subgroup,finance_led,42.1053
CO-11,G3,13,revenue,mean3,level,percentile,sector,equal,15.7895
CO-11,G3,13,revenue,mean3,level,percentile,sector,env_led,15.7895
CO-11,G3,13,revenue,mean3,level,percentile,sector,social_led,15.7895
CO-11,G3,13,revenue,mean3,level,percentile,sector,finance_led,26.3158
CO-11,G3,14,revenue,mean3,level,winsor_minmax,subgroup,equal,26.3158
CO-11,G3,14,revenue,mean3,level,winsor_minmax,subgroup,env_led,21.0526
CO-11,G3,14,revenue,mean3,level,winsor_minmax,subgroup,social_led,21.0526
CO-11,G3,14,revenue,mean3,level,winsor_minmax,subgroup,finance_led,36.8421
CO-11,G3,15,revenue,mean3,level,winsor_minmax,sector,equal,21.0526
CO-11,G3,15,revenue,mean3,level,winsor_minmax,sector,env_led,15.7895
CO-11,G3,15,revenue,mean3,level,winsor_minmax,sector,social_led,15.7895
CO-11,G3,15,revenue,mean3,level,winsor_minmax,sector,finance_led,31.5789
CO-11,G3,16,revenue,mean3,level,log_minmax,subgroup,equal,42.1053
CO-11,G3,16,revenue,mean3,level,log_minmax,subgroup,env_led,26.3158
CO-11,G3,16,revenue,mean3,level,log_minmax,subgroup,social_led,31.5789
CO-11,G3,16,revenue,mean3,level,log_minmax,subgroup,finance_led,52.6316
CO-11,G3,17,revenue,mean3,level,log_minmax,sector,equal,15.7895
CO-11,G3,17,revenue,mean3,level,log_minmax,sector,env_led,21.0526
CO-11,G3,17,revenue,mean3,level,log_minmax,sector,social_led,21.0526
CO-11,G3,17,revenue,mean3,level,log_minmax,sector,finance_led,15.7895
CO-11,G3,18,revenue,mean3,change,percentile,subgroup,equal,26.3158
CO-11,G3,18,revenue,mean3,change,percentile,subgroup,env_led,26.3158
CO-11,G3,18,revenue,mean3,change,percentile,subgroup,social_led,26.3158
CO-11,G3,18,revenue,mean3,change,percentile,subgroup,finance_led,36.8421
CO-11,G3,19,revenue,mean3,change,percentile,sector,equal,15.7895
CO-11,G3,19,revenue,mean3,change,percentile,sector,env_led,15.7895
CO-11,G3,19,revenue,mean3,change,percentile,sector,social_led,15.7895
CO-11,G3,19,revenue,mean3,change,percentile,sector,finance_led,15.7895
CO-11,G3,20,revenue,mean3,change,winsor_minmax,subgroup,equal,26.3158
CO-11,G3,20,revenue,mean3,change,winsor_minmax,subgroup,env_led,21.0526
CO-11,G3,20,revenue,mean3,change,winsor_minmax,subgroup,social_led,26.3158
CO-11,G3,20,revenue,mean3,change,winsor_minmax,subgroup,finance_led,36.8421
CO-11,G3,21,revenue,mean3,change,winsor_minmax,sector,equal,15.7895
CO-11,G3,21,revenue,mean3,change,winsor_minmax,sector,env_led,15.7895
CO-11,G3,21,revenue,mean3,change,winsor_minmax,sector,social_led,10.5263
CO-11,G3,21,revenue,mean3,change,winsor_minmax,sector,finance_led,15.7895
CO-11,G3,22,revenue,mean3,change,log_minmax,subgroup,equal,36.8421
CO-11,G3,22,revenue,mean3,change,log_minmax,subgroup,env_led,31.5789
CO-11,G3,22,revenue,mean3,change,log_minmax,subgroup,social_led,42.1053
CO-11,G3,22,revenue,mean3,change,log_minmax,subgroup,finance_led,47.3684
CO-11,G3,23,revenue,mean3,change,log_minmax,sector,equal,21.0526
CO-11,G3,23,revenue,mean3,change,log_minmax,sector,env_led,5.2632
CO-11,G3,23,revenue,mean3,change,log_minmax,sector,social_led,15.7895
CO-11,G3,23,revenue,mean3,change,log_minmax,sector,finance_led,47.3684
CO-11,G3,24,volume,latest,level,percentile,subgroup,equal,21.0526
CO-11,G3,24,volume,latest,level,percentile,subgroup,env_led,15.7895
CO-11,G3,24,volume,latest,level,percentile,subgroup,social_led,36.8421
CO-11,G3,24,volume,latest,level,percentile,subgroup,finance_led,47.3684
CO-11,G3,25,volume,latest,level,percentile,sector,equal,15.7895
CO-11,G3,25,volume,latest,level,percentile,sector,env_led,15.7895
CO-11,G3,25,volume,latest,level,percentile,sector,social_led,21.0526
CO-11,G3,25,volume,latest,level,percentile,sector,finance_led,10.5263
CO-11,G3,26,volume,latest,level,winsor_minmax,subgroup,equal,21.0526
CO-11,G3,26,volume,latest,level,winsor_minmax,subgroup,env_led,15.7895
CO-11,G3,26,volume,latest,level,winsor_minmax,subgroup,social_led,26.3158
CO-11,G3,26,volume,latest,level,winsor_minmax,subgroup,finance_led,36.8421
CO-11,G3,27,volume,latest,level,winsor_minmax,sector,equal,10.5263
CO-11,G3,27,volume,latest,level,winsor_minmax,sector,env_led,10.5263
CO-11,G3,27,volume,latest,level,winsor_minmax,sector,social_led,15.7895
CO-11,G3,27,volume,latest,level,winsor_minmax,sector,finance_led,5.2632
CO-11,G3,28,volume,latest,level,log_minmax,subgroup,equal,36.8421
CO-11,G3,28,volume,latest,level,log_minmax,subgroup,env_led,21.0526
CO-11,G3,28,volume,latest,level,log_minmax,subgroup,social_led,42.1053
CO-11,G3,28,volume,latest,level,log_minmax,subgroup,finance_led,63.1579
CO-11,G3,29,volume,latest,level,log_minmax,sector,equal,10.5263
CO-11,G3,29,volume,latest,level,log_minmax,sector,env_led,21.0526
CO-11,G3,29,volume,latest,level,log_minmax,sector,social_led,10.5263
CO-11,G3,29,volume,latest,level,log_minmax,sector,finance_led,15.7895
CO-11,G3,30,volume,latest,change,percentile,subgroup,equal,31.5789
CO-11,G3,30,volume,latest,change,percentile,subgroup,env_led,31.5789
CO-11,G3,30,volume,latest,change,percentile,subgroup,social_led,31.5789
CO-11,G3,30,volume,latest,change,percentile,subgroup,finance_led,26.3158
CO-11,G3,31,volume,latest,change,percentile,sector,equal,5.2632
CO-11,G3,31,volume,latest,change,percentile,sector,env_led,5.2632
CO-11,G3,31,volume,latest,change,percentile,sector,social_led,10.5263
CO-11,G3,31,volume,latest,change,percentile,sector,finance_led,0.0
CO-11,G3,32,volume,latest,change,winsor_minmax,subgroup,equal,42.1053
CO-11,G3,32,volume,latest,change,winsor_minmax,subgroup,env_led,31.5789
CO-11,G3,32,volume,latest,change,winsor_minmax,subgroup,social_led,52.6316
CO-11,G3,32,volume,latest,change,winsor_minmax,subgroup,finance_led,31.5789
CO-11,G3,33,volume,latest,change,winsor_minmax,sector,equal,5.2632
CO-11,G3,33,volume,latest,change,winsor_minmax,sector,env_led,10.5263
CO-11,G3,33,volume,latest,change,winsor_minmax,sector,social_led,10.5263
CO-11,G3,33,volume,latest,change,winsor_minmax,sector,finance_led,5.2632
CO-11,G3,34,volume,latest,change,log_minmax,subgroup,equal,57.8947
CO-11,G3,34,volume,latest,change,log_minmax,subgroup,env_led,63.1579
CO-11,G3,34,volume,latest,change,log_minmax,subgroup,social_led,63.1579
CO-11,G3,34,volume,latest,change,log_minmax,subgroup,finance_led,57.8947
CO-11,G3,35,volume,latest,change,log_minmax,sector,equal,36.8421
CO-11,G3,35,volume,latest,change,log_minmax,sector,env_led,21.0526
CO-11,G3,35,volume,latest,change,log_minmax,sector,social_led,26.3158
CO-11,G3,35,volume,latest,change,log_minmax,sector,finance_led,42.1053
CO-11,G3,36,volume,mean3,level,percentile,subgroup,equal,21.0526
CO-11,G3,36,volume,mean3,level,percentile,subgroup,env_led,15.7895
CO-11,G3,36,volume,mean3,level,percentile,subgroup,social_led,36.8421
CO-11,G3,36,volume,mean3,level,percentile,subgroup,finance_led,63.1579
CO-11,G3,37,volume,mean3,level,percentile,sector,equal,15.7895
CO-11,G3,37,volume,mean3,level,percentile,sector,env_led,10.5263
CO-11,G3,37,volume,mean3,level,percentile,sector,social_led,21.0526
CO-11,G3,37,volume,mean3,level,percentile,sector,finance_led,21.0526
CO-11,G3,38,volume,mean3,level,winsor_minmax,subgroup,equal,31.5789
CO-11,G3,38,volume,mean3,level,winsor_minmax,subgroup,env_led,15.7895
CO-11,G3,38,volume,mean3,level,winsor_minmax,subgroup,social_led,31.5789
CO-11,G3,38,volume,mean3,level,winsor_minmax,subgroup,finance_led,36.8421
CO-11,G3,39,volume,mean3,level,winsor_minmax,sector,equal,10.5263
CO-11,G3,39,volume,mean3,level,winsor_minmax,sector,env_led,10.5263
CO-11,G3,39,volume,mean3,level,winsor_minmax,sector,social_led,21.0526
CO-11,G3,39,volume,mean3,level,winsor_minmax,sector,finance_led,15.7895
CO-11,G3,40,volume,mean3,level,log_minmax,subgroup,equal,42.1053
CO-11,G3,40,volume,mean3,level,log_minmax,subgroup,env_led,15.7895
CO-11,G3,40,volume,mean3,level,log_minmax,subgroup,social_led,42.1053
CO-11,G3,40,volume,mean3,level,log_minmax,subgroup,finance_led,68.4211
CO-11,G3,41,volume,mean3,level,log_minmax,sector,equal,5.2632
CO-11,G3,41,volume,mean3,level,log_minmax,sector,env_led,10.5263
CO-11,G3,41,volume,mean3,level,log_minmax,sector,social_led,26.3158
CO-11,G3,41,volume,mean3,level,log_minmax,sector,finance_led,5.2632
CO-11,G3,42,volume,mean3,change,percentile,subgroup,equal,26.3158
CO-11,G3,42,volume,mean3,change,percentile,subgroup,env_led,26.3158
CO-11,G3,42,volume,mean3,change,percentile,subgroup,social_led,26.3158
CO-11,G3,42,volume,mean3,change,percentile,subgroup,finance_led,31.5789
CO-11,G3,43,volume,mean3,change,percentile,sector,equal,15.7895
CO-11,G3,43,volume,mean3,change,percentile,sector,env_led,15.7895
CO-11,G3,43,volume,mean3,change,percentile,sector,social_led,15.7895
CO-11,G3,43,volume,mean3,change,percentile,sector,finance_led,21.0526
CO-11,G3,44,volume,mean3,change,winsor_minmax,subgroup,equal,31.5789
CO-11,G3,44,volume,mean3,change,winsor_minmax,subgroup,env_led,21.0526
CO-11,G3,44,volume,mean3,change,winsor_minmax,subgroup,social_led,26.3158
CO-11,G3,44,volume,mean3,change,winsor_minmax,subgroup,finance_led,47.3684
CO-11,G3,45,volume,mean3,change,winsor_minmax,sector,equal,15.7895
CO-11,G3,45,volume,mean3,change,winsor_minmax,sector,env_led,15.7895
CO-11,G3,45,volume,mean3,change,winsor_minmax,sector,social_led,15.7895
CO-11,G3,45,volume,mean3,change,winsor_minmax,sector,finance_led,15.7895
CO-11,G3,46,volume,mean3,change,log_minmax,subgroup,equal,47.3684
CO-11,G3,46,volume,mean3,change,log_minmax,subgroup,env_led,36.8421
CO-11,G3,46,volume,mean3,change,log_minmax,subgroup,social_led,63.1579
CO-11,G3,46,volume,mean3,change,log_minmax,subgroup,finance_led,47.3684
CO-11,G3,47,volume,mean3,change,log_minmax,sector,equal,21.0526
CO-11,G3,47,volume,mean3,change,log_minmax,sector,env_led,5.2632
CO-11,G3,47,volume,mean3,change,log_minmax,sector,social_led,15.7895
CO-11,G3,47,volume,mean3,change,log_minmax,sector,finance_led,52.6316
CO-11,G3,48,headcount,latest,level,percentile,subgroup,equal,31.5789
CO-11,G3,48,headcount,latest,level,percentile,subgroup,env_led,10.5263
CO-11,G3,48,headcount,latest,level,percentile,subgroup,social_led,36.8421
CO-11,G3,48,headcount,latest,level,percentile,subgroup,finance_led,52.6316
CO-11,G3,49,headcount,latest,level,percentile,sector,equal,10.5263
CO-11,G3,49,headcount,latest,level,percentile,sector,env_led,10.5263
CO-11,G3,49,headcount,latest,level,percentile,sector,social_led,15.7895
CO-11,G3,49,headcount,latest,level,percentile,sector,finance_led,15.7895
CO-11,G3,50,headcount,latest,level,winsor_minmax,subgroup,equal,21.0526
CO-11,G3,50,headcount,latest,level,winsor_minmax,subgroup,env_led,10.5263
CO-11,G3,50,headcount,latest,level,winsor_minmax,subgroup,social_led,26.3158
CO-11,G3,50,headcount,latest,level,winsor_minmax,subgroup,finance_led,26.3158
CO-11,G3,51,headcount,latest,level,winsor_minmax,sector,equal,10.5263
CO-11,G3,51,headcount,latest,level,winsor_minmax,sector,env_led,10.5263
CO-11,G3,51,headcount,latest,level,winsor_minmax,sector,social_led,10.5263
CO-11,G3,51,headcount,latest,level,winsor_minmax,sector,finance_led,5.2632
CO-11,G3,52,headcount,latest,level,log_minmax,subgroup,equal,31.5789
CO-11,G3,52,headcount,latest,level,log_minmax,subgroup,env_led,15.7895
CO-11,G3,52,headcount,latest,level,log_minmax,subgroup,social_led,36.8421
CO-11,G3,52,headcount,latest,level,log_minmax,subgroup,finance_led,63.1579
CO-11,G3,53,headcount,latest,level,log_minmax,sector,equal,5.2632
CO-11,G3,53,headcount,latest,level,log_minmax,sector,env_led,10.5263
CO-11,G3,53,headcount,latest,level,log_minmax,sector,social_led,5.2632
CO-11,G3,53,headcount,latest,level,log_minmax,sector,finance_led,5.2632
CO-11,G3,54,headcount,latest,change,percentile,subgroup,equal,31.5789
CO-11,G3,54,headcount,latest,change,percentile,subgroup,env_led,31.5789
CO-11,G3,54,headcount,latest,change,percentile,subgroup,social_led,31.5789
CO-11,G3,54,headcount,latest,change,percentile,subgroup,finance_led,21.0526
CO-11,G3,55,headcount,latest,change,percentile,sector,equal,5.2632
CO-11,G3,55,headcount,latest,change,percentile,sector,env_led,15.7895
CO-11,G3,55,headcount,latest,change,percentile,sector,social_led,10.5263
CO-11,G3,55,headcount,latest,change,percentile,sector,finance_led,5.2632
CO-11,G3,56,headcount,latest,change,winsor_minmax,subgroup,equal,36.8421
CO-11,G3,56,headcount,latest,change,winsor_minmax,subgroup,env_led,31.5789
CO-11,G3,56,headcount,latest,change,winsor_minmax,subgroup,social_led,42.1053
CO-11,G3,56,headcount,latest,change,winsor_minmax,subgroup,finance_led,21.0526
CO-11,G3,57,headcount,latest,change,winsor_minmax,sector,equal,5.2632
CO-11,G3,57,headcount,latest,change,winsor_minmax,sector,env_led,10.5263
CO-11,G3,57,headcount,latest,change,winsor_minmax,sector,social_led,10.5263
CO-11,G3,57,headcount,latest,change,winsor_minmax,sector,finance_led,5.2632
CO-11,G3,58,headcount,latest,change,log_minmax,subgroup,equal,52.6316
CO-11,G3,58,headcount,latest,change,log_minmax,subgroup,env_led,57.8947
CO-11,G3,58,headcount,latest,change,log_minmax,subgroup,social_led,57.8947
CO-11,G3,58,headcount,latest,change,log_minmax,subgroup,finance_led,47.3684
CO-11,G3,59,headcount,latest,change,log_minmax,sector,equal,47.3684
CO-11,G3,59,headcount,latest,change,log_minmax,sector,env_led,31.5789
CO-11,G3,59,headcount,latest,change,log_minmax,sector,social_led,31.5789
CO-11,G3,59,headcount,latest,change,log_minmax,sector,finance_led,57.8947
CO-11,G3,60,headcount,mean3,level,percentile,subgroup,equal,10.5263
CO-11,G3,60,headcount,mean3,level,percentile,subgroup,env_led,10.5263
CO-11,G3,60,headcount,mean3,level,percentile,subgroup,social_led,31.5789
CO-11,G3,60,headcount,mean3,level,percentile,subgroup,finance_led,31.5789
CO-11,G3,61,headcount,mean3,level,percentile,sector,equal,10.5263
CO-11,G3,61,headcount,mean3,level,percentile,sector,env_led,10.5263
CO-11,G3,61,headcount,mean3,level,percentile,sector,social_led,10.5263
CO-11,G3,61,headcount,mean3,level,percentile,sector,finance_led,15.7895
CO-11,G3,62,headcount,mean3,level,winsor_minmax,subgroup,equal,15.7895
CO-11,G3,62,headcount,mean3,level,winsor_minmax,subgroup,env_led,10.5263
CO-11,G3,62,headcount,mean3,level,winsor_minmax,subgroup,social_led,26.3158
CO-11,G3,62,headcount,mean3,level,winsor_minmax,subgroup,finance_led,31.5789
CO-11,G3,63,headcount,mean3,level,winsor_minmax,sector,equal,10.5263
CO-11,G3,63,headcount,mean3,level,winsor_minmax,sector,env_led,10.5263
CO-11,G3,63,headcount,mean3,level,winsor_minmax,sector,social_led,10.5263
CO-11,G3,63,headcount,mean3,level,winsor_minmax,sector,finance_led,10.5263
CO-11,G3,64,headcount,mean3,level,log_minmax,subgroup,equal,26.3158
CO-11,G3,64,headcount,mean3,level,log_minmax,subgroup,env_led,10.5263
CO-11,G3,64,headcount,mean3,level,log_minmax,subgroup,social_led,36.8421
CO-11,G3,64,headcount,mean3,level,log_minmax,subgroup,finance_led,42.1053
CO-11,G3,65,headcount,mean3,level,log_minmax,sector,equal,5.2632
CO-11,G3,65,headcount,mean3,level,log_minmax,sector,env_led,10.5263
CO-11,G3,65,headcount,mean3,level,log_minmax,sector,social_led,21.0526
CO-11,G3,65,headcount,mean3,level,log_minmax,sector,finance_led,5.2632
CO-11,G3,66,headcount,mean3,change,percentile,subgroup,equal,26.3158
CO-11,G3,66,headcount,mean3,change,percentile,subgroup,env_led,26.3158
CO-11,G3,66,headcount,mean3,change,percentile,subgroup,social_led,26.3158
CO-11,G3,66,headcount,mean3,change,percentile,subgroup,finance_led,31.5789
CO-11,G3,67,headcount,mean3,change,percentile,sector,equal,15.7895
CO-11,G3,67,headcount,mean3,change,percentile,sector,env_led,15.7895
CO-11,G3,67,headcount,mean3,change,percentile,sector,social_led,15.7895
CO-11,G3,67,headcount,mean3,change,percentile,sector,finance_led,15.7895
CO-11,G3,68,headcount,mean3,change,winsor_minmax,subgroup,equal,26.3158
CO-11,G3,68,headcount,mean3,change,winsor_minmax,subgroup,env_led,21.0526
CO-11,G3,68,headcount,mean3,change,winsor_minmax,subgroup,social_led,26.3158
CO-11,G3,68,headcount,mean3,change,winsor_minmax,subgroup,finance_led,36.8421
CO-11,G3,69,headcount,mean3,change,winsor_minmax,sector,equal,15.7895
CO-11,G3,69,headcount,mean3,change,winsor_minmax,sector,env_led,15.7895
CO-11,G3,69,headcount,mean3,change,winsor_minmax,sector,social_led,15.7895
CO-11,G3,69,headcount,mean3,change,winsor_minmax,sector,finance_led,15.7895
CO-11,G3,70,headcount,mean3,change,log_minmax,subgroup,equal,42.1053
CO-11,G3,70,headcount,mean3,change,log_minmax,subgroup,env_led,31.5789
CO-11,G3,70,headcount,mean3,change,log_minmax,subgroup,social_led,47.3684
CO-11,G3,70,headcount,mean3,change,log_minmax,subgroup,finance_led,47.3684
CO-11,G3,71,headcount,mean3,change,log_minmax,sector,equal,15.7895
CO-11,G3,71,headcount,mean3,change,log_minmax,sector,env_led,5.2632
CO-11,G3,71,headcount,mean3,change,log_minmax,sector,social_led,15.7895
CO-11,G3,71,headcount,mean3,change,log_minmax,sector,finance_led,52.6316
CO-12,G3,0,revenue,latest,level,percentile,subgroup,equal,0.0
CO-12,G3,0,revenue,latest,level,percentile,subgroup,env_led,0.0
CO-12,G3,0,revenue,latest,level,percentile,subgroup,social_led,10.5263
CO-12,G3,0,revenue,latest,level,percentile,subgroup,finance_led,0.0
CO-12,G3,1,revenue,latest,level,percentile,sector,equal,0.0
CO-12,G3,1,revenue,latest,level,percentile,sector,env_led,0.0
CO-12,G3,1,revenue,latest,level,percentile,sector,social_led,0.0
CO-12,G3,1,revenue,latest,level,percentile,sector,finance_led,0.0
CO-12,G3,2,revenue,latest,level,winsor_minmax,subgroup,equal,0.0
CO-12,G3,2,revenue,latest,level,winsor_minmax,subgroup,env_led,0.0
CO-12,G3,2,revenue,latest,level,winsor_minmax,subgroup,social_led,0.0
CO-12,G3,2,revenue,latest,level,winsor_minmax,subgroup,finance_led,0.0
CO-12,G3,3,revenue,latest,level,winsor_minmax,sector,equal,0.0
CO-12,G3,3,revenue,latest,level,winsor_minmax,sector,env_led,5.2632
CO-12,G3,3,revenue,latest,level,winsor_minmax,sector,social_led,10.5263
CO-12,G3,3,revenue,latest,level,winsor_minmax,sector,finance_led,0.0
CO-12,G3,4,revenue,latest,level,log_minmax,subgroup,equal,0.0
CO-12,G3,4,revenue,latest,level,log_minmax,subgroup,env_led,0.0
CO-12,G3,4,revenue,latest,level,log_minmax,subgroup,social_led,0.0
CO-12,G3,4,revenue,latest,level,log_minmax,subgroup,finance_led,0.0
CO-12,G3,5,revenue,latest,level,log_minmax,sector,equal,0.0
CO-12,G3,5,revenue,latest,level,log_minmax,sector,env_led,0.0
CO-12,G3,5,revenue,latest,level,log_minmax,sector,social_led,0.0
CO-12,G3,5,revenue,latest,level,log_minmax,sector,finance_led,0.0
CO-12,G3,6,revenue,latest,change,percentile,subgroup,equal,21.0526
CO-12,G3,6,revenue,latest,change,percentile,subgroup,env_led,10.5263
CO-12,G3,6,revenue,latest,change,percentile,subgroup,social_led,10.5263
CO-12,G3,6,revenue,latest,change,percentile,subgroup,finance_led,78.9474
CO-12,G3,7,revenue,latest,change,percentile,sector,equal,21.0526
CO-12,G3,7,revenue,latest,change,percentile,sector,env_led,15.7895
CO-12,G3,7,revenue,latest,change,percentile,sector,social_led,10.5263
CO-12,G3,7,revenue,latest,change,percentile,sector,finance_led,78.9474
CO-12,G3,8,revenue,latest,change,winsor_minmax,subgroup,equal,31.5789
CO-12,G3,8,revenue,latest,change,winsor_minmax,subgroup,env_led,15.7895
CO-12,G3,8,revenue,latest,change,winsor_minmax,subgroup,social_led,21.0526
CO-12,G3,8,revenue,latest,change,winsor_minmax,subgroup,finance_led,81.5789
CO-12,G3,9,revenue,latest,change,winsor_minmax,sector,equal,52.6316
CO-12,G3,9,revenue,latest,change,winsor_minmax,sector,env_led,15.7895
CO-12,G3,9,revenue,latest,change,winsor_minmax,sector,social_led,21.0526
CO-12,G3,9,revenue,latest,change,winsor_minmax,sector,finance_led,89.4737
CO-12,G3,10,revenue,latest,change,log_minmax,subgroup,equal,68.4211
CO-12,G3,10,revenue,latest,change,log_minmax,subgroup,env_led,42.1053
CO-12,G3,10,revenue,latest,change,log_minmax,subgroup,social_led,52.6316
CO-12,G3,10,revenue,latest,change,log_minmax,subgroup,finance_led,92.1053
CO-12,G3,11,revenue,latest,change,log_minmax,sector,equal,78.9474
CO-12,G3,11,revenue,latest,change,log_minmax,sector,env_led,47.3684
CO-12,G3,11,revenue,latest,change,log_minmax,sector,social_led,57.8947
CO-12,G3,11,revenue,latest,change,log_minmax,sector,finance_led,78.9474
CO-12,G3,12,revenue,mean3,level,percentile,subgroup,equal,10.5263
CO-12,G3,12,revenue,mean3,level,percentile,subgroup,env_led,10.5263
CO-12,G3,12,revenue,mean3,level,percentile,subgroup,social_led,10.5263
CO-12,G3,12,revenue,mean3,level,percentile,subgroup,finance_led,15.7895
CO-12,G3,13,revenue,mean3,level,percentile,sector,equal,10.5263
CO-12,G3,13,revenue,mean3,level,percentile,sector,env_led,10.5263
CO-12,G3,13,revenue,mean3,level,percentile,sector,social_led,10.5263
CO-12,G3,13,revenue,mean3,level,percentile,sector,finance_led,5.2632
CO-12,G3,14,revenue,mean3,level,winsor_minmax,subgroup,equal,0.0
CO-12,G3,14,revenue,mean3,level,winsor_minmax,subgroup,env_led,5.2632
CO-12,G3,14,revenue,mean3,level,winsor_minmax,subgroup,social_led,0.0
CO-12,G3,14,revenue,mean3,level,winsor_minmax,subgroup,finance_led,0.0
CO-12,G3,15,revenue,mean3,level,winsor_minmax,sector,equal,10.5263
CO-12,G3,15,revenue,mean3,level,winsor_minmax,sector,env_led,10.5263
CO-12,G3,15,revenue,mean3,level,winsor_minmax,sector,social_led,10.5263
CO-12,G3,15,revenue,mean3,level,winsor_minmax,sector,finance_led,10.5263
CO-12,G3,16,revenue,mean3,level,log_minmax,subgroup,equal,0.0
CO-12,G3,16,revenue,mean3,level,log_minmax,subgroup,env_led,0.0
CO-12,G3,16,revenue,mean3,level,log_minmax,subgroup,social_led,0.0
CO-12,G3,16,revenue,mean3,level,log_minmax,subgroup,finance_led,10.5263
CO-12,G3,17,revenue,mean3,level,log_minmax,sector,equal,5.2632
CO-12,G3,17,revenue,mean3,level,log_minmax,sector,env_led,10.5263
CO-12,G3,17,revenue,mean3,level,log_minmax,sector,social_led,0.0
CO-12,G3,17,revenue,mean3,level,log_minmax,sector,finance_led,5.2632
CO-12,G3,18,revenue,mean3,change,percentile,subgroup,equal,15.7895
CO-12,G3,18,revenue,mean3,change,percentile,subgroup,env_led,10.5263
CO-12,G3,18,revenue,mean3,change,percentile,subgroup,social_led,15.7895
CO-12,G3,18,revenue,mean3,change,percentile,subgroup,finance_led,10.5263
CO-12,G3,19,revenue,mean3,change,percentile,sector,equal,10.5263
CO-12,G3,19,revenue,mean3,change,percentile,sector,env_led,10.5263
CO-12,G3,19,revenue,mean3,change,percentile,sector,social_led,10.5263
CO-12,G3,19,revenue,mean3,change,percentile,sector,finance_led,10.5263
CO-12,G3,20,revenue,mean3,change,winsor_minmax,subgroup,equal,21.0526
CO-12,G3,20,revenue,mean3,change,winsor_minmax,subgroup,env_led,15.7895
CO-12,G3,20,revenue,mean3,change,winsor_minmax,subgroup,social_led,15.7895
CO-12,G3,20,revenue,mean3,change,winsor_minmax,subgroup,finance_led,26.3158
CO-12,G3,21,revenue,mean3,change,winsor_minmax,sector,equal,10.5263
CO-12,G3,21,revenue,mean3,change,winsor_minmax,sector,env_led,10.5263
CO-12,G3,21,revenue,mean3,change,winsor_minmax,sector,social_led,15.7895
CO-12,G3,21,revenue,mean3,change,winsor_minmax,sector,finance_led,10.5263
CO-12,G3,22,revenue,mean3,change,log_minmax,subgroup,equal,52.6316
CO-12,G3,22,revenue,mean3,change,log_minmax,subgroup,env_led,47.3684
CO-12,G3,22,revenue,mean3,change,log_minmax,subgroup,social_led,47.3684
CO-12,G3,22,revenue,mean3,change,log_minmax,subgroup,finance_led,68.4211
CO-12,G3,23,revenue,mean3,change,log_minmax,sector,equal,52.6316
CO-12,G3,23,revenue,mean3,change,log_minmax,sector,env_led,31.5789
CO-12,G3,23,revenue,mean3,change,log_minmax,sector,social_led,52.6316
CO-12,G3,23,revenue,mean3,change,log_minmax,sector,finance_led,73.6842
CO-12,G3,24,volume,latest,level,percentile,subgroup,equal,36.8421
CO-12,G3,24,volume,latest,level,percentile,subgroup,env_led,31.5789
CO-12,G3,24,volume,latest,level,percentile,subgroup,social_led,47.3684
CO-12,G3,24,volume,latest,level,percentile,subgroup,finance_led,26.3158
CO-12,G3,25,volume,latest,level,percentile,sector,equal,5.2632
CO-12,G3,25,volume,latest,level,percentile,sector,env_led,10.5263
CO-12,G3,25,volume,latest,level,percentile,sector,social_led,15.7895
CO-12,G3,25,volume,latest,level,percentile,sector,finance_led,5.2632
CO-12,G3,26,volume,latest,level,winsor_minmax,subgroup,equal,31.5789
CO-12,G3,26,volume,latest,level,winsor_minmax,subgroup,env_led,26.3158
CO-12,G3,26,volume,latest,level,winsor_minmax,subgroup,social_led,36.8421
CO-12,G3,26,volume,latest,level,winsor_minmax,subgroup,finance_led,47.3684
CO-12,G3,27,volume,latest,level,winsor_minmax,sector,equal,26.3158
CO-12,G3,27,volume,latest,level,winsor_minmax,sector,env_led,15.7895
CO-12,G3,27,volume,latest,level,winsor_minmax,sector,social_led,26.3158
CO-12,G3,27,volume,latest,level,winsor_minmax,sector,finance_led,36.8421
CO-12,G3,28,volume,latest,level,log_minmax,subgroup,equal,52.6316
CO-12,G3,28,volume,latest,level,log_minmax,subgroup,env_led,31.5789
CO-12,G3,28,volume,latest,level,log_minmax,subgroup,social_led,52.6316
CO-12,G3,28,volume,latest,level,log_minmax,subgroup,finance_led,52.6316
CO-12,G3,29,volume,latest,level,log_minmax,sector,equal,21.0526
CO-12,G3,29,volume,latest,level,log_minmax,sector,env_led,10.5263
CO-12,G3,29,volume,latest,level,log_minmax,sector,social_led,21.0526
CO-12,G3,29,volume,latest,level,log_minmax,sector,finance_led,31.5789
CO-12,G3,30,volume,latest,change,percentile,subgroup,equal,15.7895
CO-12,G3,30,volume,latest,change,percentile,subgroup,env_led,10.5263
CO-12,G3,30,volume,latest,change,percentile,subgroup,social_led,5.2632
CO-12,G3,30,volume,latest,change,percentile,subgroup,finance_led,68.4211
CO-12,G3,31,volume,latest,change,percentile,sector,equal,21.0526
CO-12,G3,31,volume,latest,change,percentile,sector,env_led,15.7895
CO-12,G3,31,volume,latest,change,percentile,sector,social_led,5.2632
CO-12,G3,31,volume,latest,change,percentile,sector,finance_led,94.7368
CO-12,G3,32,volume,latest,change,winsor_minmax,subgroup,equal,31.5789
CO-12,G3,32,volume,latest,change,winsor_minmax,subgroup,env_led,15.7895
CO-12,G3,32,volume,latest,change,winsor_minmax,subgroup,social_led,15.7895
CO-12,G3,32,volume,latest,change,winsor_minmax,subgroup,finance_led,78.9474
CO-12,G3,33,volume,latest,change,winsor_minmax,sector,equal,52.6316
CO-12,G3,33,volume,latest,change,winsor_minmax,sector,env_led,15.7895
CO-12,G3,33,volume,latest,change,winsor_minmax,sector,social_led,15.7895
CO-12,G3,33,volume,latest,change,winsor_minmax,sector,finance_led,94.7368
CO-12,G3,34,volume,latest,change,log_minmax,subgroup,equal,63.1579
CO-12,G3,34,volume,latest,change,log_minmax,subgroup,env_led,36.8421
CO-12,G3,34,volume,latest,change,log_minmax,subgroup,social_led,31.5789
CO-12,G3,34,volume,latest,change,log_minmax,subgroup,finance_led,89.4737
CO-12,G3,35,volume,latest,change,log_minmax,sector,equal,84.2105
CO-12,G3,35,volume,latest,change,log_minmax,sector,env_led,78.9474
CO-12,G3,35,volume,latest,change,log_minmax,sector,social_led,78.9474
CO-12,G3,35,volume,latest,change,log_minmax,sector,finance_led,100.0
CO-12,G3,36,volume,mean3,level,percentile,subgroup,equal,26.3158
CO-12,G3,36,volume,mean3,level,percentile,subgroup,env_led,21.0526
CO-12,G3,36,volume,mean3,level,percentile,subgroup,social_led,47.3684
CO-12,G3,36,volume,mean3,level,percentile,subgroup,finance_led,15.7895
CO-12,G3,37,volume,mean3,level,percentile,sector,equal,10.5263
CO-12,G3,37,volume,mean3,level,percentile,sector,env_led,15.7895
CO-12,G3,37,volume,mean3,level,percentile,sector,social_led,10.5263
CO-12,G3,37,volume,mean3,level,percentile,sector,finance_led,5.2632
CO-12,G3,38,volume,mean3,level,winsor_minmax,subgroup,equal,15.7895
CO-12,G3,38,volume,mean3,level,winsor_minmax,subgroup,env_led,21.0526
CO-12,G3,38,volume,mean3,level,winsor_minmax,subgroup,social_led,26.3158
CO-12,G3,38,volume,mean3,level,winsor_minmax,subgroup,finance_led,0.0
CO-12,G3,39,volume,mean3,level,winsor_minmax,sector,equal,15.7895
CO-12,G3,39,volume,mean3,level,winsor_minmax,sector,env_led,15.7895
CO-12,G3,39,volume,mean3,level,winsor_minmax,sector,social_led,10.5263
CO-12,G3,39,volume,mean3,level,winsor_minmax,sector,finance_led,10.5263
CO-12,G3,40,volume,mean3,level,log_minmax,subgroup,equal,10.5263
CO-12,G3,40,volume,mean3,level,log_minmax,subgroup,env_led,10.5263
CO-12,G3,40,volume,mean3,level,log_minmax,subgroup,social_led,21.0526
CO-12,G3,40,volume,mean3,level,log_minmax,subgroup,finance_led,5.2632
CO-12,G3,41,volume,mean3,level,log_minmax,sector,equal,10.5263
CO-12,G3,41,volume,mean3,level,log_minmax,sector,env_led,15.7895
CO-12,G3,41,volume,mean3,level,log_minmax,sector,social_led,10.5263
CO-12,G3,41,volume,mean3,level,log_minmax,sector,finance_led,10.5263
CO-12,G3,42,volume,mean3,change,percentile,subgroup,equal,10.5263
CO-12,G3,42,volume,mean3,change,percentile,subgroup,env_led,10.5263
CO-12,G3,42,volume,mean3,change,percentile,subgroup,social_led,5.2632
CO-12,G3,42,volume,mean3,change,percentile,subgroup,finance_led,15.7895
CO-12,G3,43,volume,mean3,change,percentile,sector,equal,10.5263
CO-12,G3,43,volume,mean3,change,percentile,sector,env_led,10.5263
CO-12,G3,43,volume,mean3,change,percentile,sector,social_led,10.5263
CO-12,G3,43,volume,mean3,change,percentile,sector,finance_led,5.2632
CO-12,G3,44,volume,mean3,change,winsor_minmax,subgroup,equal,15.7895
CO-12,G3,44,volume,mean3,change,winsor_minmax,subgroup,env_led,15.7895
CO-12,G3,44,volume,mean3,change,winsor_minmax,subgroup,social_led,15.7895
CO-12,G3,44,volume,mean3,change,winsor_minmax,subgroup,finance_led,26.3158
CO-12,G3,45,volume,mean3,change,winsor_minmax,sector,equal,10.5263
CO-12,G3,45,volume,mean3,change,winsor_minmax,sector,env_led,10.5263
CO-12,G3,45,volume,mean3,change,winsor_minmax,sector,social_led,10.5263
CO-12,G3,45,volume,mean3,change,winsor_minmax,sector,finance_led,10.5263
CO-12,G3,46,volume,mean3,change,log_minmax,subgroup,equal,52.6316
CO-12,G3,46,volume,mean3,change,log_minmax,subgroup,env_led,42.1053
CO-12,G3,46,volume,mean3,change,log_minmax,subgroup,social_led,31.5789
CO-12,G3,46,volume,mean3,change,log_minmax,subgroup,finance_led,73.6842
CO-12,G3,47,volume,mean3,change,log_minmax,sector,equal,52.6316
CO-12,G3,47,volume,mean3,change,log_minmax,sector,env_led,26.3158
CO-12,G3,47,volume,mean3,change,log_minmax,sector,social_led,52.6316
CO-12,G3,47,volume,mean3,change,log_minmax,sector,finance_led,73.6842
CO-12,G3,48,headcount,latest,level,percentile,subgroup,equal,47.3684
CO-12,G3,48,headcount,latest,level,percentile,subgroup,env_led,47.3684
CO-12,G3,48,headcount,latest,level,percentile,subgroup,social_led,47.3684
CO-12,G3,48,headcount,latest,level,percentile,subgroup,finance_led,63.1579
CO-12,G3,49,headcount,latest,level,percentile,sector,equal,21.0526
CO-12,G3,49,headcount,latest,level,percentile,sector,env_led,36.8421
CO-12,G3,49,headcount,latest,level,percentile,sector,social_led,26.3158
CO-12,G3,49,headcount,latest,level,percentile,sector,finance_led,5.2632
CO-12,G3,50,headcount,latest,level,winsor_minmax,subgroup,equal,36.8421
CO-12,G3,50,headcount,latest,level,winsor_minmax,subgroup,env_led,47.3684
CO-12,G3,50,headcount,latest,level,winsor_minmax,subgroup,social_led,31.5789
CO-12,G3,50,headcount,latest,level,winsor_minmax,subgroup,finance_led,52.6316
CO-12,G3,51,headcount,latest,level,winsor_minmax,sector,equal,42.1053
CO-12,G3,51,headcount,latest,level,winsor_minmax,sector,env_led,42.1053
CO-12,G3,51,headcount,latest,level,winsor_minmax,sector,social_led,26.3158
CO-12,G3,51,headcount,latest,level,winsor_minmax,sector,finance_led,47.3684
CO-12,G3,52,headcount,latest,level,log_minmax,subgroup,equal,47.3684
CO-12,G3,52,headcount,latest,level,log_minmax,subgroup,env_led,47.3684
CO-12,G3,52,headcount,latest,level,log_minmax,subgroup,social_led,47.3684
CO-12,G3,52,headcount,latest,level,log_minmax,subgroup,finance_led,31.5789
CO-12,G3,53,headcount,latest,level,log_minmax,sector,equal,21.0526
CO-12,G3,53,headcount,latest,level,log_minmax,sector,env_led,36.8421
CO-12,G3,53,headcount,latest,level,log_minmax,sector,social_led,15.7895
CO-12,G3,53,headcount,latest,level,log_minmax,sector,finance_led,36.8421
CO-12,G3,54,headcount,latest,change,percentile,subgroup,equal,15.7895
CO-12,G3,54,headcount,latest,change,percentile,subgroup,env_led,10.5263
CO-12,G3,54,headcount,latest,change,percentile,subgroup,social_led,2.6316
CO-12,G3,54,headcount,latest,change,percentile,subgroup,finance_led,73.6842
CO-12,G3,55,headcount,latest,change,percentile,sector,equal,21.0526
CO-12,G3,55,headcount,latest,change,percentile,sector,env_led,10.5263
CO-12,G3,55,headcount,latest,change,percentile,sector,social_led,5.2632
CO-12,G3,55,headcount,latest,change,percentile,sector,finance_led,84.2105
CO-12,G3,56,headcount,latest,change,winsor_minmax,subgroup,equal,31.5789
CO-12,G3,56,headcount,latest,change,winsor_minmax,subgroup,env_led,15.7895
CO-12,G3,56,headcount,latest,change,winsor_minmax,subgroup,social_led,15.7895
CO-12,G3,56,headcount,latest,change,winsor_minmax,subgroup,finance_led,78.9474
CO-12,G3,57,headcount,latest,change,winsor_minmax,sector,equal,47.3684
CO-12,G3,57,headcount,latest,change,winsor_minmax,sector,env_led,15.7895
CO-12,G3,57,headcount,latest,change,winsor_minmax,sector,social_led,21.0526
CO-12,G3,57,headcount,latest,change,winsor_minmax,sector,finance_led,89.4737
CO-12,G3,58,headcount,latest,change,log_minmax,subgroup,equal,63.1579
CO-12,G3,58,headcount,latest,change,log_minmax,subgroup,env_led,31.5789
CO-12,G3,58,headcount,latest,change,log_minmax,subgroup,social_led,36.8421
CO-12,G3,58,headcount,latest,change,log_minmax,subgroup,finance_led,89.4737
CO-12,G3,59,headcount,latest,change,log_minmax,sector,equal,78.9474
CO-12,G3,59,headcount,latest,change,log_minmax,sector,env_led,57.8947
CO-12,G3,59,headcount,latest,change,log_minmax,sector,social_led,57.8947
CO-12,G3,59,headcount,latest,change,log_minmax,sector,finance_led,78.9474
CO-12,G3,60,headcount,mean3,level,percentile,subgroup,equal,63.1579
CO-12,G3,60,headcount,mean3,level,percentile,subgroup,env_led,52.6316
CO-12,G3,60,headcount,mean3,level,percentile,subgroup,social_led,57.8947
CO-12,G3,60,headcount,mean3,level,percentile,subgroup,finance_led,63.1579
CO-12,G3,61,headcount,mean3,level,percentile,sector,equal,26.3158
CO-12,G3,61,headcount,mean3,level,percentile,sector,env_led,47.3684
CO-12,G3,61,headcount,mean3,level,percentile,sector,social_led,21.0526
CO-12,G3,61,headcount,mean3,level,percentile,sector,finance_led,31.5789
CO-12,G3,62,headcount,mean3,level,winsor_minmax,subgroup,equal,36.8421
CO-12,G3,62,headcount,mean3,level,winsor_minmax,subgroup,env_led,42.1053
CO-12,G3,62,headcount,mean3,level,winsor_minmax,subgroup,social_led,31.5789
CO-12,G3,62,headcount,mean3,level,winsor_minmax,subgroup,finance_led,36.8421
CO-12,G3,63,headcount,mean3,level,winsor_minmax,sector,equal,26.3158
CO-12,G3,63,headcount,mean3,level,winsor_minmax,sector,env_led,47.3684
CO-12,G3,63,headcount,mean3,level,winsor_minmax,sector,social_led,15.7895
CO-12,G3,63,headcount,mean3,level,winsor_minmax,sector,finance_led,26.3158
CO-12,G3,64,headcount,mean3,level,log_minmax,subgroup,equal,47.3684
CO-12,G3,64,headcount,mean3,level,log_minmax,subgroup,env_led,47.3684
CO-12,G3,64,headcount,mean3,level,log_minmax,subgroup,social_led,31.5789
CO-12,G3,64,headcount,mean3,level,log_minmax,subgroup,finance_led,36.8421
CO-12,G3,65,headcount,mean3,level,log_minmax,sector,equal,21.0526
CO-12,G3,65,headcount,mean3,level,log_minmax,sector,env_led,42.1053
CO-12,G3,65,headcount,mean3,level,log_minmax,sector,social_led,15.7895
CO-12,G3,65,headcount,mean3,level,log_minmax,sector,finance_led,15.7895
CO-12,G3,66,headcount,mean3,change,percentile,subgroup,equal,15.7895
CO-12,G3,66,headcount,mean3,change,percentile,subgroup,env_led,15.7895
CO-12,G3,66,headcount,mean3,change,percentile,subgroup,social_led,15.7895
CO-12,G3,66,headcount,mean3,change,percentile,subgroup,finance_led,21.0526
CO-12,G3,67,headcount,mean3,change,percentile,sector,equal,10.5263
CO-12,G3,67,headcount,mean3,change,percentile,sector,env_led,10.5263
CO-12,G3,67,headcount,mean3,change,percentile,sector,social_led,10.5263
CO-12,G3,67,headcount,mean3,change,percentile,sector,finance_led,5.2632
CO-12,G3,68,headcount,mean3,change,winsor_minmax,subgroup,equal,15.7895
CO-12,G3,68,headcount,mean3,change,winsor_minmax,subgroup,env_led,15.7895
CO-12,G3,68,headcount,mean3,change,winsor_minmax,subgroup,social_led,15.7895
CO-12,G3,68,headcount,mean3,change,winsor_minmax,subgroup,finance_led,26.3158
CO-12,G3,69,headcount,mean3,change,winsor_minmax,sector,equal,10.5263
CO-12,G3,69,headcount,mean3,change,winsor_minmax,sector,env_led,10.5263
CO-12,G3,69,headcount,mean3,change,winsor_minmax,sector,social_led,10.5263
CO-12,G3,69,headcount,mean3,change,winsor_minmax,sector,finance_led,10.5263
CO-12,G3,70,headcount,mean3,change,log_minmax,subgroup,equal,57.8947
CO-12,G3,70,headcount,mean3,change,log_minmax,subgroup,env_led,47.3684
CO-12,G3,70,headcount,mean3,change,log_minmax,subgroup,social_led,31.5789
CO-12,G3,70,headcount,mean3,change,log_minmax,subgroup,finance_led,68.4211
CO-12,G3,71,headcount,mean3,change,log_minmax,sector,equal,52.6316
CO-12,G3,71,headcount,mean3,change,log_minmax,sector,env_led,26.3158
CO-12,G3,71,headcount,mean3,change,log_minmax,sector,social_led,52.6316
CO-12,G3,71,headcount,mean3,change,log_minmax,sector,finance_led,73.6842
CO-13,G3,0,revenue,latest,level,percentile,subgroup,equal,63.1579
CO-13,G3,0,revenue,latest,level,percentile,subgroup,env_led,63.1579
CO-13,G3,0,revenue,latest,level,percentile,subgroup,social_led,63.1579
CO-13,G3,0,revenue,latest,level,percentile,subgroup,finance_led,73.6842
CO-13,G3,1,revenue,latest,level,percentile,sector,equal,26.3158
CO-13,G3,1,revenue,latest,level,percentile,sector,env_led,26.3158
CO-13,G3,1,revenue,latest,level,percentile,sector,social_led,26.3158
CO-13,G3,1,revenue,latest,level,percentile,sector,finance_led,15.7895
CO-13,G3,2,revenue,latest,level,winsor_minmax,subgroup,equal,52.6316
CO-13,G3,2,revenue,latest,level,winsor_minmax,subgroup,env_led,52.6316
CO-13,G3,2,revenue,latest,level,winsor_minmax,subgroup,social_led,31.5789
CO-13,G3,2,revenue,latest,level,winsor_minmax,subgroup,finance_led,52.6316
CO-13,G3,3,revenue,latest,level,winsor_minmax,sector,equal,26.3158
CO-13,G3,3,revenue,latest,level,winsor_minmax,sector,env_led,31.5789
CO-13,G3,3,revenue,latest,level,winsor_minmax,sector,social_led,26.3158
CO-13,G3,3,revenue,latest,level,winsor_minmax,sector,finance_led,10.5263
CO-13,G3,4,revenue,latest,level,log_minmax,subgroup,equal,57.8947
CO-13,G3,4,revenue,latest,level,log_minmax,subgroup,env_led,63.1579
CO-13,G3,4,revenue,latest,level,log_minmax,subgroup,social_led,52.6316
CO-13,G3,4,revenue,latest,level,log_minmax,subgroup,finance_led,52.6316
CO-13,G3,5,revenue,latest,level,log_minmax,sector,equal,21.0526
CO-13,G3,5,revenue,latest,level,log_minmax,sector,env_led,36.8421
CO-13,G3,5,revenue,latest,level,log_minmax,sector,social_led,21.0526
CO-13,G3,5,revenue,latest,level,log_minmax,sector,finance_led,21.0526
CO-13,G3,6,revenue,latest,change,percentile,subgroup,equal,84.2105
CO-13,G3,6,revenue,latest,change,percentile,subgroup,env_led,84.2105
CO-13,G3,6,revenue,latest,change,percentile,subgroup,social_led,84.2105
CO-13,G3,6,revenue,latest,change,percentile,subgroup,finance_led,89.4737
CO-13,G3,7,revenue,latest,change,percentile,sector,equal,31.5789
CO-13,G3,7,revenue,latest,change,percentile,sector,env_led,36.8421
CO-13,G3,7,revenue,latest,change,percentile,sector,social_led,36.8421
CO-13,G3,7,revenue,latest,change,percentile,sector,finance_led,21.0526
CO-13,G3,8,revenue,latest,change,winsor_minmax,subgroup,equal,89.4737
CO-13,G3,8,revenue,latest,change,winsor_minmax,subgroup,env_led,89.4737
CO-13,G3,8,revenue,latest,change,winsor_minmax,subgroup,social_led,89.4737
CO-13,G3,8,revenue,latest,change,winsor_minmax,subgroup,finance_led,89.4737
CO-13,G3,9,revenue,latest,change,winsor_minmax,sector,equal,26.3158
CO-13,G3,9,revenue,latest,change,winsor_minmax,sector,env_led,36.8421
CO-13,G3,9,revenue,latest,change,winsor_minmax,sector,social_led,36.8421
CO-13,G3,9,revenue,latest,change,winsor_minmax,sector,finance_led,31.5789
CO-13,G3,10,revenue,latest,change,log_minmax,subgroup,equal,84.2105
CO-13,G3,10,revenue,latest,change,log_minmax,subgroup,env_led,84.2105
CO-13,G3,10,revenue,latest,change,log_minmax,subgroup,social_led,78.9474
CO-13,G3,10,revenue,latest,change,log_minmax,subgroup,finance_led,84.2105
CO-13,G3,11,revenue,latest,change,log_minmax,sector,equal,21.0526
CO-13,G3,11,revenue,latest,change,log_minmax,sector,env_led,36.8421
CO-13,G3,11,revenue,latest,change,log_minmax,sector,social_led,15.7895
CO-13,G3,11,revenue,latest,change,log_minmax,sector,finance_led,31.5789
CO-13,G3,12,revenue,mean3,level,percentile,subgroup,equal,63.1579
CO-13,G3,12,revenue,mean3,level,percentile,subgroup,env_led,57.8947
CO-13,G3,12,revenue,mean3,level,percentile,subgroup,social_led,63.1579
CO-13,G3,12,revenue,mean3,level,percentile,subgroup,finance_led,57.8947
CO-13,G3,13,revenue,mean3,level,percentile,sector,equal,26.3158
CO-13,G3,13,revenue,mean3,level,percentile,sector,env_led,31.5789
CO-13,G3,13,revenue,mean3,level,percentile,sector,social_led,26.3158
CO-13,G3,13,revenue,mean3,level,percentile,sector,finance_led,15.7895
CO-13,G3,14,revenue,mean3,level,winsor_minmax,subgroup,equal,36.8421
CO-13,G3,14,revenue,mean3,level,winsor_minmax,subgroup,env_led,36.8421
CO-13,G3,14,revenue,mean3,level,winsor_minmax,subgroup,social_led,36.8421
CO-13,G3,14,revenue,mean3,level,winsor_minmax,subgroup,finance_led,15.7895
CO-13,G3,15,revenue,mean3,level,winsor_minmax,sector,equal,31.5789
CO-13,G3,15,revenue,mean3,level,winsor_minmax,sector,env_led,36.8421
CO-13,G3,15,revenue,mean3,level,winsor_minmax,sector,social_led,31.5789
CO-13,G3,15,revenue,mean3,level,winsor_minmax,sector,finance_led,21.0526
CO-13,G3,16,revenue,mean3,level,log_minmax,subgroup,equal,21.0526
CO-13,G3,16,revenue,mean3,level,log_minmax,subgroup,env_led,36.8421
CO-13,G3,16,revenue,mean3,level,log_minmax,subgroup,social_led,26.3158
CO-13,G3,16,revenue,mean3,level,log_minmax,subgroup,finance_led,5.2632
CO-13,G3,17,revenue,mean3,level,log_minmax,sector,equal,26.3158
CO-13,G3,17,revenue,mean3,level,log_minmax,sector,env_led,36.8421
CO-13,G3,17,revenue,mean3,level,log_minmax,sector,social_led,31.5789
CO-13,G3,17,revenue,mean3,level,log_minmax,sector,finance_led,21.0526
CO-13,G3,18,revenue,mean3,change,percentile,subgroup,equal,68.4211
CO-13,G3,18,revenue,mean3,change,percentile,subgroup,env_led,68.4211
CO-13,G3,18,revenue,mean3,change,percentile,subgroup,social_led,57.8947
CO-13,G3,18,revenue,mean3,change,percentile,subgroup,finance_led,63.1579
CO-13,G3,19,revenue,mean3,change,percentile,sector,equal,36.8421
CO-13,G3,19,revenue,mean3,change,percentile,sector,env_led,31.5789
CO-13,G3,19,revenue,mean3,change,percentile,sector,social_led,36.8421
CO-13,G3,19,revenue,mean3,change,percentile,sector,finance_led,31.5789
CO-13,G3,20,revenue,mean3,change,winsor_minmax,subgroup,equal,63.1579
CO-13,G3,20,revenue,mean3,change,winsor_minmax,subgroup,env_led,63.1579
CO-13,G3,20,revenue,mean3,change,winsor_minmax,subgroup,social_led,57.8947
CO-13,G3,20,revenue,mean3,change,winsor_minmax,subgroup,finance_led,63.1579
CO-13,G3,21,revenue,mean3,change,winsor_minmax,sector,equal,36.8421
CO-13,G3,21,revenue,mean3,change,winsor_minmax,sector,env_led,31.5789
CO-13,G3,21,revenue,mean3,change,winsor_minmax,sector,social_led,36.8421
CO-13,G3,21,revenue,mean3,change,winsor_minmax,sector,finance_led,36.8421
CO-13,G3,22,revenue,mean3,change,log_minmax,subgroup,equal,68.4211
CO-13,G3,22,revenue,mean3,change,log_minmax,subgroup,env_led,68.4211
CO-13,G3,22,revenue,mean3,change,log_minmax,subgroup,social_led,68.4211
CO-13,G3,22,revenue,mean3,change,log_minmax,subgroup,finance_led,52.6316
CO-13,G3,23,revenue,mean3,change,log_minmax,sector,equal,26.3158
CO-13,G3,23,revenue,mean3,change,log_minmax,sector,env_led,21.0526
CO-13,G3,23,revenue,mean3,change,log_minmax,sector,social_led,26.3158
CO-13,G3,23,revenue,mean3,change,log_minmax,sector,finance_led,10.5263
CO-13,G3,24,volume,latest,level,percentile,subgroup,equal,42.1053
CO-13,G3,24,volume,latest,level,percentile,subgroup,env_led,57.8947
CO-13,G3,24,volume,latest,level,percentile,subgroup,social_led,15.7895
CO-13,G3,24,volume,latest,level,percentile,subgroup,finance_led,42.1053
CO-13,G3,25,volume,latest,level,percentile,sector,equal,21.0526
CO-13,G3,25,volume,latest,level,percentile,sector,env_led,26.3158
CO-13,G3,25,volume,latest,level,percentile,sector,social_led,10.5263
CO-13,G3,25,volume,latest,level,percentile,sector,finance_led,15.7895
CO-13,G3,26,volume,latest,level,winsor_minmax,subgroup,equal,26.3158
CO-13,G3,26,volume,latest,level,winsor_minmax,subgroup,env_led,31.5789
CO-13,G3,26,volume,latest,level,winsor_minmax,subgroup,social_led,15.7895
CO-13,G3,26,volume,latest,level,winsor_minmax,subgroup,finance_led,21.0526
CO-13,G3,27,volume,latest,level,winsor_minmax,sector,equal,21.0526
CO-13,G3,27,volume,latest,level,winsor_minmax,sector,env_led,26.3158
CO-13,G3,27,volume,latest,level,winsor_minmax,sector,social_led,10.5263
CO-13,G3,27,volume,latest,level,winsor_minmax,sector,finance_led,10.5263
CO-13,G3,28,volume,latest,level,log_minmax,subgroup,equal,47.3684
CO-13,G3,28,volume,latest,level,log_minmax,subgroup,env_led,57.8947
CO-13,G3,28,volume,latest,level,log_minmax,subgroup,social_led,21.0526
CO-13,G3,28,volume,latest,level,log_minmax,subgroup,finance_led,57.8947
CO-13,G3,29,volume,latest,level,log_minmax,sector,equal,15.7895
CO-13,G3,29,volume,latest,level,log_minmax,sector,env_led,31.5789
CO-13,G3,29,volume,latest,level,log_minmax,sector,social_led,5.2632
CO-13,G3,29,volume,latest,level,log_minmax,sector,finance_led,5.2632
CO-13,G3,30,volume,latest,change,percentile,subgroup,equal,94.7368
CO-13,G3,30,volume,latest,change,percentile,subgroup,env_led,94.7368
CO-13,G3,30,volume,latest,change,percentile,subgroup,social_led,84.2105
CO-13,G3,30,volume,latest,change,percentile,subgroup,finance_led,94.7368
CO-13,G3,31,volume,latest,change,percentile,sector,equal,36.8421
CO-13,G3,31,volume,latest,change,percentile,sector,env_led,36.8421
CO-13,G3,31,volume,latest,change,percentile,sector,social_led,36.8421
CO-13,G3,31,volume,latest,change,percentile,sector,finance_led,21.0526
CO-13,G3,32,volume,latest,change,winsor_minmax,subgroup,equal,94.7368
CO-13,G3,32,volume,latest,change,winsor_minmax,subgroup,env_led,94.7368
CO-13,G3,32,volume,latest,change,winsor_minmax,subgroup,social_led,89.4737
CO-13,G3,32,volume,latest,change,winsor_minmax,subgroup,finance_led,94.7368
CO-13,G3,33,volume,latest,change,winsor_minmax,sector,equal,36.8421
CO-13,G3,33,volume,latest,change,winsor_minmax,sector,env_led,36.8421
CO-13,G3,33,volume,latest,change,winsor_minmax,sector,social_led,47.3684
CO-13,G3,33,volume,latest,change,winsor_minmax,sector,finance_led,47.3684
CO-13,G3,34,volume,latest,change,log_minmax,subgroup,equal,94.7368
CO-13,G3,34,volume,latest,change,log_minmax,subgroup,env_led,89.4737
CO-13,G3,34,volume,latest,change,log_minmax,subgroup,social_led,78.9474
CO-13,G3,34,volume,latest,change,log_minmax,subgroup,finance_led,94.7368
CO-13,G3,35,volume,latest,change,log_minmax,sector,equal,47.3684
CO-13,G3,35,volume,latest,change,log_minmax,sector,env_led,47.3684
CO-13,G3,35,volume,latest,change,log_minmax,sector,social_led,42.1053
CO-13,G3,35,volume,latest,change,log_minmax,sector,finance_led,63.1579
CO-13,G3,36,volume,mean3,level,percentile,subgroup,equal,36.8421
CO-13,G3,36,volume,mean3,level,percentile,subgroup,env_led,47.3684
CO-13,G3,36,volume,mean3,level,percentile,subgroup,social_led,15.7895
CO-13,G3,36,volume,mean3,level,percentile,subgroup,finance_led,21.0526
CO-13,G3,37,volume,mean3,level,percentile,sector,equal,21.0526
CO-13,G3,37,volume,mean3,level,percentile,sector,env_led,26.3158
CO-13,G3,37,volume,mean3,level,percentile,sector,social_led,15.7895
CO-13,G3,37,volume,mean3,level,percentile,sector,finance_led,26.3158
CO-13,G3,38,volume,mean3,level,winsor_minmax,subgroup,equal,21.0526
CO-13,G3,38,volume,mean3,level,winsor_minmax,subgroup,env_led,31.5789
CO-13,G3,38,volume,mean3,level,winsor_minmax,subgroup,social_led,15.7895
CO-13,G3,38,volume,mean3,level,winsor_minmax,subgroup,finance_led,15.7895
CO-13,G3,39,volume,mean3,level,winsor_minmax,sector,equal,21.0526
CO-13,G3,39,volume,mean3,level,winsor_minmax,sector,env_led,31.5789
CO-13,G3,39,volume,mean3,level,winsor_minmax,sector,social_led,15.7895
CO-13,G3,39,volume,mean3,level,winsor_minmax,sector,finance_led,26.3158
CO-13,G3,40,volume,mean3,level,log_minmax,subgroup,equal,15.7895
CO-13,G3,40,volume,mean3,level,log_minmax,subgroup,env_led,31.5789
CO-13,G3,40,volume,mean3,level,log_minmax,subgroup,social_led,5.2632
CO-13,G3,40,volume,mean3,level,log_minmax,subgroup,finance_led,15.7895
CO-13,G3,41,volume,mean3,level,log_minmax,sector,equal,26.3158
CO-13,G3,41,volume,mean3,level,log_minmax,sector,env_led,36.8421
CO-13,G3,41,volume,mean3,level,log_minmax,sector,social_led,21.0526
CO-13,G3,41,volume,mean3,level,log_minmax,sector,finance_led,15.7895
CO-13,G3,42,volume,mean3,change,percentile,subgroup,equal,57.8947
CO-13,G3,42,volume,mean3,change,percentile,subgroup,env_led,63.1579
CO-13,G3,42,volume,mean3,change,percentile,subgroup,social_led,57.8947
CO-13,G3,42,volume,mean3,change,percentile,subgroup,finance_led,52.6316
CO-13,G3,43,volume,mean3,change,percentile,sector,equal,31.5789
CO-13,G3,43,volume,mean3,change,percentile,sector,env_led,31.5789
CO-13,G3,43,volume,mean3,change,percentile,sector,social_led,31.5789
CO-13,G3,43,volume,mean3,change,percentile,sector,finance_led,26.3158
CO-13,G3,44,volume,mean3,change,winsor_minmax,subgroup,equal,63.1579
CO-13,G3,44,volume,mean3,change,winsor_minmax,subgroup,env_led,63.1579
CO-13,G3,44,volume,mean3,change,winsor_minmax,subgroup,social_led,63.1579
CO-13,G3,44,volume,mean3,change,winsor_minmax,subgroup,finance_led,57.8947
CO-13,G3,45,volume,mean3,change,winsor_minmax,sector,equal,31.5789
CO-13,G3,45,volume,mean3,change,winsor_minmax,sector,env_led,31.5789
CO-13,G3,45,volume,mean3,change,winsor_minmax,sector,social_led,36.8421
CO-13,G3,45,volume,mean3,change,winsor_minmax,sector,finance_led,26.3158
CO-13,G3,46,volume,mean3,change,log_minmax,subgroup,equal,68.4211
CO-13,G3,46,volume,mean3,change,log_minmax,subgroup,env_led,68.4211
CO-13,G3,46,volume,mean3,change,log_minmax,subgroup,social_led,68.4211
CO-13,G3,46,volume,mean3,change,log_minmax,subgroup,finance_led,52.6316
CO-13,G3,47,volume,mean3,change,log_minmax,sector,equal,15.7895
CO-13,G3,47,volume,mean3,change,log_minmax,sector,env_led,21.0526
CO-13,G3,47,volume,mean3,change,log_minmax,sector,social_led,21.0526
CO-13,G3,47,volume,mean3,change,log_minmax,sector,finance_led,0.0
CO-13,G3,48,headcount,latest,level,percentile,subgroup,equal,36.8421
CO-13,G3,48,headcount,latest,level,percentile,subgroup,env_led,36.8421
CO-13,G3,48,headcount,latest,level,percentile,subgroup,social_led,15.7895
CO-13,G3,48,headcount,latest,level,percentile,subgroup,finance_led,10.5263
CO-13,G3,49,headcount,latest,level,percentile,sector,equal,15.7895
CO-13,G3,49,headcount,latest,level,percentile,sector,env_led,31.5789
CO-13,G3,49,headcount,latest,level,percentile,sector,social_led,10.5263
CO-13,G3,49,headcount,latest,level,percentile,sector,finance_led,10.5263
CO-13,G3,50,headcount,latest,level,winsor_minmax,subgroup,equal,26.3158
CO-13,G3,50,headcount,latest,level,winsor_minmax,subgroup,env_led,36.8421
CO-13,G3,50,headcount,latest,level,winsor_minmax,subgroup,social_led,21.0526
CO-13,G3,50,headcount,latest,level,winsor_minmax,subgroup,finance_led,21.0526
CO-13,G3,51,headcount,latest,level,winsor_minmax,sector,equal,15.7895
CO-13,G3,51,headcount,latest,level,winsor_minmax,sector,env_led,36.8421
CO-13,G3,51,headcount,latest,level,winsor_minmax,sector,social_led,15.7895
CO-13,G3,51,headcount,latest,level,winsor_minmax,sector,finance_led,10.5263
CO-13,G3,52,headcount,latest,level,log_minmax,subgroup,equal,42.1053
CO-13,G3,52,headcount,latest,level,log_minmax,subgroup,env_led,52.6316
CO-13,G3,52,headcount,latest,level,log_minmax,subgroup,social_led,21.0526
CO-13,G3,52,headcount,latest,level,log_minmax,subgroup,finance_led,47.3684
CO-13,G3,53,headcount,latest,level,log_minmax,sector,equal,15.7895
CO-13,G3,53,headcount,latest,level,log_minmax,sector,env_led,42.1053
CO-13,G3,53,headcount,latest,level,log_minmax,sector,social_led,10.5263
CO-13,G3,53,headcount,latest,level,log_minmax,sector,finance_led,10.5263
CO-13,G3,54,headcount,latest,change,percentile,subgroup,equal,94.7368
CO-13,G3,54,headcount,latest,change,percentile,subgroup,env_led,94.7368
CO-13,G3,54,headcount,latest,change,percentile,subgroup,social_led,84.2105
CO-13,G3,54,headcount,latest,change,percentile,subgroup,finance_led,94.7368
CO-13,G3,55,headcount,latest,change,percentile,sector,equal,36.8421
CO-13,G3,55,headcount,latest,change,percentile,sector,env_led,36.8421
CO-13,G3,55,headcount,latest,change,percentile,sector,social_led,42.1053
CO-13,G3,55,headcount,latest,change,percentile,sector,finance_led,26.3158
CO-13,G3,56,headcount,latest,change,winsor_minmax,subgroup,equal,94.7368
CO-13,G3,56,headcount,latest,change,winsor_minmax,subgroup,env_led,94.7368
CO-13,G3,56,headcount,latest,change,winsor_minmax,subgroup,social_led,100.0
CO-13,G3,56,headcount,latest,change,winsor_minmax,subgroup,finance_led,94.7368
CO-13,G3,57,headcount,latest,change,winsor_minmax,sector,equal,31.5789
CO-13,G3,57,headcount,latest,change,winsor_minmax,sector,env_led,36.8421
CO-13,G3,57,headcount,latest,change,winsor_minmax,sector,social_led,47.3684
CO-13,G3,57,headcount,latest,change,winsor_minmax,sector,finance_led,42.1053
CO-13,G3,58,headcount,latest,change,log_minmax,subgroup,equal,94.7368
CO-13,G3,58,headcount,latest,change,log_minmax,subgroup,env_led,89.4737
CO-13,G3,58,headcount,latest,change,log_minmax,subgroup,social_led,89.4737
CO-13,G3,58,headcount,latest,change,log_minmax,subgroup,finance_led,94.7368
CO-13,G3,59,headcount,latest,change,log_minmax,sector,equal,42.1053
CO-13,G3,59,headcount,latest,change,log_minmax,sector,env_led,42.1053
CO-13,G3,59,headcount,latest,change,log_minmax,sector,social_led,36.8421
CO-13,G3,59,headcount,latest,change,log_minmax,sector,finance_led,31.5789
CO-13,G3,60,headcount,mean3,level,percentile,subgroup,equal,26.3158
CO-13,G3,60,headcount,mean3,level,percentile,subgroup,env_led,36.8421
CO-13,G3,60,headcount,mean3,level,percentile,subgroup,social_led,15.7895
CO-13,G3,60,headcount,mean3,level,percentile,subgroup,finance_led,10.5263
CO-13,G3,61,headcount,mean3,level,percentile,sector,equal,15.7895
CO-13,G3,61,headcount,mean3,level,percentile,sector,env_led,26.3158
CO-13,G3,61,headcount,mean3,level,percentile,sector,social_led,15.7895
CO-13,G3,61,headcount,mean3,level,percentile,sector,finance_led,10.5263
CO-13,G3,62,headcount,mean3,level,winsor_minmax,subgroup,equal,26.3158
CO-13,G3,62,headcount,mean3,level,winsor_minmax,subgroup,env_led,31.5789
CO-13,G3,62,headcount,mean3,level,winsor_minmax,subgroup,social_led,15.7895
CO-13,G3,62,headcount,mean3,level,winsor_minmax,subgroup,finance_led,10.5263
CO-13,G3,63,headcount,mean3,level,winsor_minmax,sector,equal,31.5789
CO-13,G3,63,headcount,mean3,level,winsor_minmax,sector,env_led,42.1053
CO-13,G3,63,headcount,mean3,level,winsor_minmax,sector,social_led,26.3158
CO-13,G3,63,headcount,mean3,level,winsor_minmax,sector,finance_led,21.0526
CO-13,G3,64,headcount,mean3,level,log_minmax,subgroup,equal,15.7895
CO-13,G3,64,headcount,mean3,level,log_minmax,subgroup,env_led,36.8421
CO-13,G3,64,headcount,mean3,level,log_minmax,subgroup,social_led,10.5263
CO-13,G3,64,headcount,mean3,level,log_minmax,subgroup,finance_led,10.5263
CO-13,G3,65,headcount,mean3,level,log_minmax,sector,equal,26.3158
CO-13,G3,65,headcount,mean3,level,log_minmax,sector,env_led,47.3684
CO-13,G3,65,headcount,mean3,level,log_minmax,sector,social_led,26.3158
CO-13,G3,65,headcount,mean3,level,log_minmax,sector,finance_led,21.0526
CO-13,G3,66,headcount,mean3,change,percentile,subgroup,equal,63.1579
CO-13,G3,66,headcount,mean3,change,percentile,subgroup,env_led,63.1579
CO-13,G3,66,headcount,mean3,change,percentile,subgroup,social_led,57.8947
CO-13,G3,66,headcount,mean3,change,percentile,subgroup,finance_led,63.1579
CO-13,G3,67,headcount,mean3,change,percentile,sector,equal,31.5789
CO-13,G3,67,headcount,mean3,change,percentile,sector,env_led,31.5789
CO-13,G3,67,headcount,mean3,change,percentile,sector,social_led,31.5789
CO-13,G3,67,headcount,mean3,change,percentile,sector,finance_led,26.3158
CO-13,G3,68,headcount,mean3,change,winsor_minmax,subgroup,equal,63.1579
CO-13,G3,68,headcount,mean3,change,winsor_minmax,subgroup,env_led,63.1579
CO-13,G3,68,headcount,mean3,change,winsor_minmax,subgroup,social_led,57.8947
CO-13,G3,68,headcount,mean3,change,winsor_minmax,subgroup,finance_led,57.8947
CO-13,G3,69,headcount,mean3,change,winsor_minmax,sector,equal,31.5789
CO-13,G3,69,headcount,mean3,change,winsor_minmax,sector,env_led,31.5789
CO-13,G3,69,headcount,mean3,change,winsor_minmax,sector,social_led,36.8421
CO-13,G3,69,headcount,mean3,change,winsor_minmax,sector,finance_led,31.5789
CO-13,G3,70,headcount,mean3,change,log_minmax,subgroup,equal,68.4211
CO-13,G3,70,headcount,mean3,change,log_minmax,subgroup,env_led,68.4211
CO-13,G3,70,headcount,mean3,change,log_minmax,subgroup,social_led,68.4211
CO-13,G3,70,headcount,mean3,change,log_minmax,subgroup,finance_led,52.6316
CO-13,G3,71,headcount,mean3,change,log_minmax,sector,equal,21.0526
CO-13,G3,71,headcount,mean3,change,log_minmax,sector,env_led,21.0526
CO-13,G3,71,headcount,mean3,change,log_minmax,sector,social_led,26.3158
CO-13,G3,71,headcount,mean3,change,log_minmax,sector,finance_led,0.0
CO-14,G3,0,revenue,latest,level,percentile,subgroup,equal,89.4737
CO-14,G3,0,revenue,latest,level,percentile,subgroup,env_led,94.7368
CO-14,G3,0,revenue,latest,level,percentile,subgroup,social_led,100.0
CO-14,G3,0,revenue,latest,level,percentile,subgroup,finance_led,78.9474
CO-14,G3,1,revenue,latest,level,percentile,sector,equal,68.4211
CO-14,G3,1,revenue,latest,level,percentile,sector,env_led,68.4211
CO-14,G3,1,revenue,latest,level,percentile,sector,social_led,73.6842
CO-14,G3,1,revenue,latest,level,percentile,sector,finance_led,78.9474
CO-14,G3,2,revenue,latest,level,winsor_minmax,subgroup,equal,89.4737
CO-14,G3,2,revenue,latest,level,winsor_minmax,subgroup,env_led,89.4737
CO-14,G3,2,revenue,latest,level,winsor_minmax,subgroup,social_led,94.7368
CO-14,G3,2,revenue,latest,level,winsor_minmax,subgroup,finance_led,84.2105
CO-14,G3,3,revenue,latest,level,winsor_minmax,sector,equal,73.6842
CO-14,G3,3,revenue,latest,level,winsor_minmax,sector,env_led,63.1579
CO-14,G3,3,revenue,latest,level,winsor_minmax,sector,social_led,84.2105
CO-14,G3,3,revenue,latest,level,winsor_minmax,sector,finance_led,73.6842
CO-14,G3,4,revenue,latest,level,log_minmax,subgroup,equal,94.7368
CO-14,G3,4,revenue,latest,level,log_minmax,subgroup,env_led,94.7368
CO-14,G3,4,revenue,latest,level,log_minmax,subgroup,social_led,100.0
CO-14,G3,4,revenue,latest,level,log_minmax,subgroup,finance_led,89.4737
CO-14,G3,5,revenue,latest,level,log_minmax,sector,equal,63.1579
CO-14,G3,5,revenue,latest,level,log_minmax,sector,env_led,63.1579
CO-14,G3,5,revenue,latest,level,log_minmax,sector,social_led,73.6842
CO-14,G3,5,revenue,latest,level,log_minmax,sector,finance_led,57.8947
CO-14,G3,6,revenue,latest,change,percentile,subgroup,equal,47.3684
CO-14,G3,6,revenue,latest,change,percentile,subgroup,env_led,47.3684
CO-14,G3,6,revenue,latest,change,percentile,subgroup,social_led,73.6842
CO-14,G3,6,revenue,latest,change,percentile,subgroup,finance_led,10.5263
CO-14,G3,7,revenue,latest,change,percentile,sector,equal,47.3684
CO-14,G3,7,revenue,latest,change,percentile,sector,env_led,47.3684
CO-14,G3,7,revenue,latest,change,percentile,sector,social_led,68.4211
CO-14,G3,7,revenue,latest,change,percentile,sector,finance_led,5.2632
CO-14,G3,8,revenue,latest,change,winsor_minmax,subgroup,equal,63.1579
CO-14,G3,8,revenue,latest,change,winsor_minmax,subgroup,env_led,63.1579
CO-14,G3,8,revenue,latest,change,winsor_minmax,subgroup,social_led,73.6842
CO-14,G3,8,revenue,latest,change,winsor_minmax,subgroup,finance_led,10.5263
CO-14,G3,9,revenue,latest,change,winsor_minmax,sector,equal,42.1053
CO-14,G3,9,revenue,latest,change,winsor_minmax,sector,env_led,52.6316
CO-14,G3,9,revenue,latest,change,winsor_minmax,sector,social_led,52.6316
CO-14,G3,9,revenue,latest,change,winsor_minmax,sector,finance_led,21.0526
CO-14,G3,10,revenue,latest,change,log_minmax,subgroup,equal,78.9474
CO-14,G3,10,revenue,latest,change,log_minmax,subgroup,env_led,73.6842
CO-14,G3,10,revenue,latest,change,log_minmax,subgroup,social_led,84.2105
CO-14,G3,10,revenue,latest,change,log_minmax,subgroup,finance_led,36.8421
CO-14,G3,11,revenue,latest,change,log_minmax,sector,equal,10.5263
CO-14,G3,11,revenue,latest,change,log_minmax,sector,env_led,21.0526
CO-14,G3,11,revenue,latest,change,log_minmax,sector,social_led,10.5263
CO-14,G3,11,revenue,latest,change,log_minmax,sector,finance_led,5.2632
CO-14,G3,12,revenue,mean3,level,percentile,subgroup,equal,89.4737
CO-14,G3,12,revenue,mean3,level,percentile,subgroup,env_led,89.4737
CO-14,G3,12,revenue,mean3,level,percentile,subgroup,social_led,89.4737
CO-14,G3,12,revenue,mean3,level,percentile,subgroup,finance_led,78.9474
CO-14,G3,13,revenue,mean3,level,percentile,sector,equal,73.6842
CO-14,G3,13,revenue,mean3,level,percentile,sector,env_led,73.6842
CO-14,G3,13,revenue,mean3,level,percentile,sector,social_led,68.4211
CO-14,G3,13,revenue,mean3,level,percentile,sector,finance_led,73.6842
CO-14,G3,14,revenue,mean3,level,winsor_minmax,subgroup,equal,68.4211
CO-14,G3,14,revenue,mean3,level,winsor_minmax,subgroup,env_led,68.4211
CO-14,G3,14,revenue,mean3,level,winsor_minmax,subgroup,social_led,73.6842
CO-14,G3,14,revenue,mean3,level,winsor_minmax,subgroup,finance_led,57.8947
CO-14,G3,15,revenue,mean3,level,winsor_minmax,sector,equal,68.4211
CO-14,G3,15,revenue,mean3,level,winsor_minmax,sector,env_led,78.9474
CO-14,G3,15,revenue,mean3,level,winsor_minmax,sector,social_led,73.6842
CO-14,G3,15,revenue,mean3,level,winsor_minmax,sector,finance_led,73.6842
CO-14,G3,16,revenue,mean3,level,log_minmax,subgroup,equal,89.4737
CO-14,G3,16,revenue,mean3,level,log_minmax,subgroup,env_led,89.4737
CO-14,G3,16,revenue,mean3,level,log_minmax,subgroup,social_led,84.2105
CO-14,G3,16,revenue,mean3,level,log_minmax,subgroup,finance_led,84.2105
CO-14,G3,17,revenue,mean3,level,log_minmax,sector,equal,73.6842
CO-14,G3,17,revenue,mean3,level,log_minmax,sector,env_led,73.6842
CO-14,G3,17,revenue,mean3,level,log_minmax,sector,social_led,73.6842
CO-14,G3,17,revenue,mean3,level,log_minmax,sector,finance_led,68.4211
CO-14,G3,18,revenue,mean3,change,percentile,subgroup,equal,84.2105
CO-14,G3,18,revenue,mean3,change,percentile,subgroup,env_led,84.2105
CO-14,G3,18,revenue,mean3,change,percentile,subgroup,social_led,94.7368
CO-14,G3,18,revenue,mean3,change,percentile,subgroup,finance_led,78.9474
CO-14,G3,19,revenue,mean3,change,percentile,sector,equal,63.1579
CO-14,G3,19,revenue,mean3,change,percentile,sector,env_led,63.1579
CO-14,G3,19,revenue,mean3,change,percentile,sector,social_led,63.1579
CO-14,G3,19,revenue,mean3,change,percentile,sector,finance_led,63.1579
CO-14,G3,20,revenue,mean3,change,winsor_minmax,subgroup,equal,89.4737
CO-14,G3,20,revenue,mean3,change,winsor_minmax,subgroup,env_led,89.4737
CO-14,G3,20,revenue,mean3,change,winsor_minmax,subgroup,social_led,89.4737
CO-14,G3,20,revenue,mean3,change,winsor_minmax,subgroup,finance_led,78.9474
CO-14,G3,21,revenue,mean3,change,winsor_minmax,sector,equal,68.4211
CO-14,G3,21,revenue,mean3,change,winsor_minmax,sector,env_led,68.4211
CO-14,G3,21,revenue,mean3,change,winsor_minmax,sector,social_led,52.6316
CO-14,G3,21,revenue,mean3,change,winsor_minmax,sector,finance_led,68.4211
CO-14,G3,22,revenue,mean3,change,log_minmax,subgroup,equal,89.4737
CO-14,G3,22,revenue,mean3,change,log_minmax,subgroup,env_led,89.4737
CO-14,G3,22,revenue,mean3,change,log_minmax,subgroup,social_led,89.4737
CO-14,G3,22,revenue,mean3,change,log_minmax,subgroup,finance_led,89.4737
CO-14,G3,23,revenue,mean3,change,log_minmax,sector,equal,42.1053
CO-14,G3,23,revenue,mean3,change,log_minmax,sector,env_led,47.3684
CO-14,G3,23,revenue,mean3,change,log_minmax,sector,social_led,42.1053
CO-14,G3,23,revenue,mean3,change,log_minmax,sector,finance_led,36.8421
CO-14,G3,24,volume,latest,level,percentile,subgroup,equal,89.4737
CO-14,G3,24,volume,latest,level,percentile,subgroup,env_led,94.7368
CO-14,G3,24,volume,latest,level,percentile,subgroup,social_led,100.0
CO-14,G3,24,volume,latest,level,percentile,subgroup,finance_led,84.2105
CO-14,G3,25,volume,latest,level,percentile,sector,equal,63.1579
CO-14,G3,25,volume,latest,level,percentile,sector,env_led,73.6842
CO-14,G3,25,volume,latest,level,percentile,sector,social_led,68.4211
CO-14,G3,25,volume,latest,level,percentile,sector,finance_led,52.6316
CO-14,G3,26,volume,latest,level,winsor_minmax,subgroup,equal,89.4737
CO-14,G3,26,volume,latest,level,winsor_minmax,subgroup,env_led,89.4737
CO-14,G3,26,volume,latest,level,winsor_minmax,subgroup,social_led,94.7368
CO-14,G3,26,volume,latest,level,winsor_minmax,subgroup,finance_led,84.2105
CO-14,G3,27,volume,latest,level,winsor_minmax,sector,equal,68.4211
CO-14,G3,27,volume,latest,level,winsor_minmax,sector,env_led,73.6842
CO-14,G3,27,volume,latest,level,winsor_minmax,sector,social_led,78.9474
CO-14,G3,27,volume,latest,level,winsor_minmax,sector,finance_led,73.6842
CO-14,G3,28,volume,latest,level,log_minmax,subgroup,equal,89.4737
CO-14,G3,28,volume,latest,level,log_minmax,subgroup,env_led,94.7368
CO-14,G3,28,volume,latest,level,log_minmax,subgroup,social_led,94.7368
CO-14,G3,28,volume,latest,level,log_minmax,subgroup,finance_led,89.4737
CO-14,G3,29,volume,latest,level,log_minmax,sector,equal,68.4211
CO-14,G3,29,volume,latest,level,log_minmax,sector,env_led,63.1579
CO-14,G3,29,volume,latest,level,log_minmax,sector,social_led,68.4211
CO-14,G3,29,volume,latest,level,log_minmax,sector,finance_led,57.8947
CO-14,G3,30,volume,latest,change,percentile,subgroup,equal,42.1053
CO-14,G3,30,volume,latest,change,percentile,subgroup,env_led,47.3684
CO-14,G3,30,volume,latest,change,percentile,subgroup,social_led,73.6842
CO-14,G3,30,volume,latest,change,percentile,subgroup,finance_led,10.5263
CO-14,G3,31,volume,latest,change,percentile,sector,equal,26.3158
CO-14,G3,31,volume,latest,change,percentile,sector,env_led,42.1053
CO-14,G3,31,volume,latest,change,percentile,sector,social_led,47.3684
CO-14,G3,31,volume,latest,change,percentile,sector,finance_led,10.5263
CO-14,G3,32,volume,latest,change,winsor_minmax,subgroup,equal,63.1579
CO-14,G3,32,volume,latest,change,winsor_minmax,subgroup,env_led,63.1579
CO-14,G3,32,volume,latest,change,winsor_minmax,subgroup,social_led,73.6842
CO-14,G3,32,volume,latest,change,winsor_minmax,subgroup,finance_led,15.7895
CO-14,G3,33,volume,latest,change,winsor_minmax,sector,equal,26.3158
CO-14,G3,33,volume,latest,change,winsor_minmax,sector,env_led,42.1053
CO-14,G3,33,volume,latest,change,winsor_minmax,sector,social_led,26.3158
CO-14,G3,33,volume,latest,change,winsor_minmax,sector,finance_led,15.7895
CO-14,G3,34,volume,latest,change,log_minmax,subgroup,equal,78.9474
CO-14,G3,34,volume,latest,change,log_minmax,subgroup,env_led,73.6842
CO-14,G3,34,volume,latest,change,log_minmax,subgroup,social_led,84.2105
CO-14,G3,34,volume,latest,change,log_minmax,subgroup,finance_led,47.3684
CO-14,G3,35,volume,latest,change,log_minmax,sector,equal,0.0
CO-14,G3,35,volume,latest,change,log_minmax,sector,env_led,10.5263
CO-14,G3,35,volume,latest,change,log_minmax,sector,social_led,0.0
CO-14,G3,35,volume,latest,change,log_minmax,sector,finance_led,0.0
CO-14,G3,36,volume,mean3,level,percentile,subgroup,equal,78.9474
CO-14,G3,36,volume,mean3,level,percentile,subgroup,env_led,84.2105
CO-14,G3,36,volume,mean3,level,percentile,subgroup,social_led,78.9474
CO-14,G3,36,volume,mean3,level,percentile,subgroup,finance_led,73.6842
CO-14,G3,37,volume,mean3,level,percentile,sector,equal,73.6842
CO-14,G3,37,volume,mean3,level,percentile,sector,env_led,73.6842
CO-14,G3,37,volume,mean3,level,percentile,sector,social_led,68.4211
CO-14,G3,37,volume,mean3,level,percentile,sector,finance_led,78.9474
CO-14,G3,38,volume,mean3,level,winsor_minmax,subgroup,equal,73.6842
CO-14,G3,38,volume,mean3,level,winsor_minmax,subgroup,env_led,73.6842
CO-14,G3,38,volume,mean3,level,winsor_minmax,subgroup,social_led,73.6842
CO-14,G3,38,volume,mean3,level,winsor_minmax,subgroup,finance_led,57.8947
CO-14,G3,39,volume,mean3,level,winsor_minmax,sector,equal,73.6842
CO-14,G3,39,volume,mean3,level,winsor_minmax,sector,env_led,73.6842
CO-14,G3,39,volume,mean3,level,winsor_minmax,sector,social_led,73.6842
CO-14,G3,39,volume,mean3,level,winsor_minmax,sector,finance_led,94.7368
CO-14,G3,40,volume,mean3,level,log_minmax,subgroup,equal,84.2105
CO-14,G3,40,volume,mean3,level,log_minmax,subgroup,env_led,84.2105
CO-14,G3,40,volume,mean3,level,log_minmax,subgroup,social_led,78.9474
CO-14,G3,40,volume,mean3,level,log_minmax,subgroup,finance_led,84.2105
CO-14,G3,41,volume,mean3,level,log_minmax,sector,equal,73.6842
CO-14,G3,41,volume,mean3,level,log_minmax,sector,env_led,73.6842
CO-14,G3,41,volume,mean3,level,log_minmax,sector,social_led,73.6842
CO-14,G3,41,volume,mean3,level,log_minmax,sector,finance_led,68.4211
CO-14,G3,42,volume,mean3,change,percentile,subgroup,equal,94.7368
CO-14,G3,42,volume,mean3,change,percentile,subgroup,env_led,89.4737
CO-14,G3,42,volume,mean3,change,percentile,subgroup,social_led,100.0
CO-14,G3,42,volume,mean3,change,percentile,subgroup,finance_led,94.7368
CO-14,G3,43,volume,mean3,change,percentile,sector,equal,73.6842
CO-14,G3,43,volume,mean3,change,percentile,sector,env_led,73.6842
CO-14,G3,43,volume,mean3,change,percentile,sector,social_led,68.4211
CO-14,G3,43,volume,mean3,change,percentile,sector,finance_led,73.6842
CO-14,G3,44,volume,mean3,change,winsor_minmax,subgroup,equal,89.4737
CO-14,G3,44,volume,mean3,change,winsor_minmax,subgroup,env_led,89.4737
CO-14,G3,44,volume,mean3,change,winsor_minmax,subgroup,social_led,89.4737
CO-14,G3,44,volume,mean3,change,winsor_minmax,subgroup,finance_led,89.4737
CO-14,G3,45,volume,mean3,change,winsor_minmax,sector,equal,57.8947
CO-14,G3,45,volume,mean3,change,winsor_minmax,sector,env_led,68.4211
CO-14,G3,45,volume,mean3,change,winsor_minmax,sector,social_led,47.3684
CO-14,G3,45,volume,mean3,change,winsor_minmax,sector,finance_led,57.8947
CO-14,G3,46,volume,mean3,change,log_minmax,subgroup,equal,89.4737
CO-14,G3,46,volume,mean3,change,log_minmax,subgroup,env_led,94.7368
CO-14,G3,46,volume,mean3,change,log_minmax,subgroup,social_led,89.4737
CO-14,G3,46,volume,mean3,change,log_minmax,subgroup,finance_led,89.4737
CO-14,G3,47,volume,mean3,change,log_minmax,sector,equal,42.1053
CO-14,G3,47,volume,mean3,change,log_minmax,sector,env_led,47.3684
CO-14,G3,47,volume,mean3,change,log_minmax,sector,social_led,42.1053
CO-14,G3,47,volume,mean3,change,log_minmax,sector,finance_led,21.0526
CO-14,G3,48,headcount,latest,level,percentile,subgroup,equal,94.7368
CO-14,G3,48,headcount,latest,level,percentile,subgroup,env_led,94.7368
CO-14,G3,48,headcount,latest,level,percentile,subgroup,social_led,100.0
CO-14,G3,48,headcount,latest,level,percentile,subgroup,finance_led,84.2105
CO-14,G3,49,headcount,latest,level,percentile,sector,equal,57.8947
CO-14,G3,49,headcount,latest,level,percentile,sector,env_led,63.1579
CO-14,G3,49,headcount,latest,level,percentile,sector,social_led,63.1579
CO-14,G3,49,headcount,latest,level,percentile,sector,finance_led,57.8947
CO-14,G3,50,headcount,latest,level,winsor_minmax,subgroup,equal,89.4737
CO-14,G3,50,headcount,latest,level,winsor_minmax,subgroup,env_led,89.4737
CO-14,G3,50,headcount,latest,level,winsor_minmax,subgroup,social_led,94.7368
CO-14,G3,50,headcount,latest,level,winsor_minmax,subgroup,finance_led,84.2105
CO-14,G3,51,headcount,latest,level,winsor_minmax,sector,equal,73.6842
CO-14,G3,51,headcount,latest,level,winsor_minmax,sector,env_led,63.1579
CO-14,G3,51,headcount,latest,level,winsor_minmax,sector,social_led,84.2105
CO-14,G3,51,headcount,latest,level,winsor_minmax,sector,finance_led,68.4211
CO-14,G3,52,headcount,latest,level,log_minmax,subgroup,equal,94.7368
CO-14,G3,52,headcount,latest,level,log_minmax,subgroup,env_led,94.7368
CO-14,G3,52,headcount,latest,level,log_minmax,subgroup,social_led,100.0
CO-14,G3,52,headcount,latest,level,log_minmax,subgroup,finance_led,89.4737
CO-14,G3,53,headcount,latest,level,log_minmax,sector,equal,68.4211
CO-14,G3,53,headcount,latest,level,log_minmax,sector,env_led,57.8947
CO-14,G3,53,headcount,latest,level,log_minmax,sector,social_led,68.4211
CO-14,G3,53,headcount,latest,level,log_minmax,sector,finance_led,57.8947
CO-14,G3,54,headcount,latest,change,percentile,subgroup,equal,42.1053
CO-14,G3,54,headcount,latest,change,percentile,subgroup,env_led,47.3684
CO-14,G3,54,headcount,latest,change,percentile,subgroup,social_led,73.6842
CO-14,G3,54,headcount,latest,change,percentile,subgroup,finance_led,10.5263
CO-14,G3,55,headcount,latest,change,percentile,sector,equal,42.1053
CO-14,G3,55,headcount,latest,change,percentile,sector,env_led,42.1053
CO-14,G3,55,headcount,latest,change,percentile,sector,social_led,52.6316
CO-14,G3,55,headcount,latest,change,percentile,sector,finance_led,10.5263
CO-14,G3,56,headcount,latest,change,winsor_minmax,subgroup,equal,63.1579
CO-14,G3,56,headcount,latest,change,winsor_minmax,subgroup,env_led,57.8947
CO-14,G3,56,headcount,latest,change,winsor_minmax,subgroup,social_led,73.6842
CO-14,G3,56,headcount,latest,change,winsor_minmax,subgroup,finance_led,10.5263
CO-14,G3,57,headcount,latest,change,winsor_minmax,sector,equal,26.3158
CO-14,G3,57,headcount,latest,change,winsor_minmax,sector,env_led,42.1053
CO-14,G3,57,headcount,latest,change,winsor_minmax,sector,social_led,31.5789
CO-14,G3,57,headcount,latest,change,winsor_minmax,sector,finance_led,15.7895
CO-14,G3,58,headcount,latest,change,log_minmax,subgroup,equal,78.9474
CO-14,G3,58,headcount,latest,change,log_minmax,subgroup,env_led,73.6842
CO-14,G3,58,headcount,latest,change,log_minmax,subgroup,social_led,78.9474
CO-14,G3,58,headcount,latest,change,log_minmax,subgroup,finance_led,42.1053
CO-14,G3,59,headcount,latest,change,log_minmax,sector,equal,5.2632
CO-14,G3,59,headcount,latest,change,log_minmax,sector,env_led,10.5263
CO-14,G3,59,headcount,latest,change,log_minmax,sector,social_led,5.2632
CO-14,G3,59,headcount,latest,change,log_minmax,sector,finance_led,5.2632
CO-14,G3,60,headcount,mean3,level,percentile,subgroup,equal,84.2105
CO-14,G3,60,headcount,mean3,level,percentile,subgroup,env_led,84.2105
CO-14,G3,60,headcount,mean3,level,percentile,subgroup,social_led,84.2105
CO-14,G3,60,headcount,mean3,level,percentile,subgroup,finance_led,78.9474
CO-14,G3,61,headcount,mean3,level,percentile,sector,equal,68.4211
CO-14,G3,61,headcount,mean3,level,percentile,sector,env_led,73.6842
CO-14,G3,61,headcount,mean3,level,percentile,sector,social_led,68.4211
CO-14,G3,61,headcount,mean3,level,percentile,sector,finance_led,68.4211
CO-14,G3,62,headcount,mean3,level,winsor_minmax,subgroup,equal,68.4211
CO-14,G3,62,headcount,mean3,level,winsor_minmax,subgroup,env_led,63.1579
CO-14,G3,62,headcount,mean3,level,winsor_minmax,subgroup,social_led,73.6842
CO-14,G3,62,headcount,mean3,level,winsor_minmax,subgroup,finance_led,52.6316
CO-14,G3,63,headcount,mean3,level,winsor_minmax,sector,equal,68.4211
CO-14,G3,63,headcount,mean3,level,winsor_minmax,sector,env_led,73.6842
CO-14,G3,63,headcount,mean3,level,winsor_minmax,sector,social_led,73.6842
CO-14,G3,63,headcount,mean3,level,winsor_minmax,sector,finance_led,89.4737
CO-14,G3,64,headcount,mean3,level,log_minmax,subgroup,equal,84.2105
CO-14,G3,64,headcount,mean3,level,log_minmax,subgroup,env_led,84.2105
CO-14,G3,64,headcount,mean3,level,log_minmax,subgroup,social_led,84.2105
CO-14,G3,64,headcount,mean3,level,log_minmax,subgroup,finance_led,84.2105
CO-14,G3,65,headcount,mean3,level,log_minmax,sector,equal,73.6842
CO-14,G3,65,headcount,mean3,level,log_minmax,sector,env_led,73.6842
CO-14,G3,65,headcount,mean3,level,log_minmax,sector,social_led,73.6842
CO-14,G3,65,headcount,mean3,level,log_minmax,sector,finance_led,68.4211
CO-14,G3,66,headcount,mean3,change,percentile,subgroup,equal,89.4737
CO-14,G3,66,headcount,mean3,change,percentile,subgroup,env_led,89.4737
CO-14,G3,66,headcount,mean3,change,percentile,subgroup,social_led,97.3684
CO-14,G3,66,headcount,mean3,change,percentile,subgroup,finance_led,78.9474
CO-14,G3,67,headcount,mean3,change,percentile,sector,equal,68.4211
CO-14,G3,67,headcount,mean3,change,percentile,sector,env_led,68.4211
CO-14,G3,67,headcount,mean3,change,percentile,sector,social_led,68.4211
CO-14,G3,67,headcount,mean3,change,percentile,sector,finance_led,68.4211
CO-14,G3,68,headcount,mean3,change,winsor_minmax,subgroup,equal,89.4737
CO-14,G3,68,headcount,mean3,change,winsor_minmax,subgroup,env_led,89.4737
CO-14,G3,68,headcount,mean3,change,winsor_minmax,subgroup,social_led,89.4737
CO-14,G3,68,headcount,mean3,change,winsor_minmax,subgroup,finance_led,84.2105
CO-14,G3,69,headcount,mean3,change,winsor_minmax,sector,equal,57.8947
CO-14,G3,69,headcount,mean3,change,winsor_minmax,sector,env_led,68.4211
CO-14,G3,69,headcount,mean3,change,winsor_minmax,sector,social_led,52.6316
CO-14,G3,69,headcount,mean3,change,winsor_minmax,sector,finance_led,63.1579
CO-14,G3,70,headcount,mean3,change,log_minmax,subgroup,equal,89.4737
CO-14,G3,70,headcount,mean3,change,log_minmax,subgroup,env_led,94.7368
CO-14,G3,70,headcount,mean3,change,log_minmax,subgroup,social_led,89.4737
CO-14,G3,70,headcount,mean3,change,log_minmax,subgroup,finance_led,89.4737
CO-14,G3,71,headcount,mean3,change,log_minmax,sector,equal,42.1053
CO-14,G3,71,headcount,mean3,change,log_minmax,sector,env_led,47.3684
CO-14,G3,71,headcount,mean3,change,log_minmax,sector,social_led,42.1053
CO-14,G3,71,headcount,mean3,change,log_minmax,sector,finance_led,31.5789
CO-15,G4,0,revenue,latest,level,percentile,subgroup,equal,42.1053
CO-15,G4,0,revenue,latest,level,percentile,subgroup,env_led,42.1053
CO-15,G4,0,revenue,latest,level,percentile,subgroup,social_led,36.8421
CO-15,G4,0,revenue,latest,level,percentile,subgroup,finance_led,31.5789
CO-15,G4,1,revenue,latest,level,percentile,sector,equal,31.5789
CO-15,G4,1,revenue,latest,level,percentile,sector,env_led,36.8421
CO-15,G4,1,revenue,latest,level,percentile,sector,social_led,31.5789
CO-15,G4,1,revenue,latest,level,percentile,sector,finance_led,26.3158
CO-15,G4,2,revenue,latest,level,winsor_minmax,subgroup,equal,42.1053
CO-15,G4,2,revenue,latest,level,winsor_minmax,subgroup,env_led,42.1053
CO-15,G4,2,revenue,latest,level,winsor_minmax,subgroup,social_led,47.3684
CO-15,G4,2,revenue,latest,level,winsor_minmax,subgroup,finance_led,42.1053
CO-15,G4,3,revenue,latest,level,winsor_minmax,sector,equal,42.1053
CO-15,G4,3,revenue,latest,level,winsor_minmax,sector,env_led,42.1053
CO-15,G4,3,revenue,latest,level,winsor_minmax,sector,social_led,36.8421
CO-15,G4,3,revenue,latest,level,winsor_minmax,sector,finance_led,36.8421
CO-15,G4,4,revenue,latest,level,log_minmax,subgroup,equal,10.5263
CO-15,G4,4,revenue,latest,level,log_minmax,subgroup,env_led,26.3158
CO-15,G4,4,revenue,latest,level,log_minmax,subgroup,social_led,26.3158
CO-15,G4,4,revenue,latest,level,log_minmax,subgroup,finance_led,10.5263
CO-15,G4,5,revenue,latest,level,log_minmax,sector,equal,36.8421
CO-15,G4,5,revenue,latest,level,log_minmax,sector,env_led,42.1053
CO-15,G4,5,revenue,latest,level,log_minmax,sector,social_led,42.1053
CO-15,G4,5,revenue,latest,level,log_minmax,sector,finance_led,42.1053
CO-15,G4,6,revenue,latest,change,percentile,subgroup,equal,36.8421
CO-15,G4,6,revenue,latest,change,percentile,subgroup,env_led,42.1053
CO-15,G4,6,revenue,latest,change,percentile,subgroup,social_led,36.8421
CO-15,G4,6,revenue,latest,change,percentile,subgroup,finance_led,26.3158
CO-15,G4,7,revenue,latest,change,percentile,sector,equal,42.1053
CO-15,G4,7,revenue,latest,change,percentile,sector,env_led,42.1053
CO-15,G4,7,revenue,latest,change,percentile,sector,social_led,42.1053
CO-15,G4,7,revenue,latest,change,percentile,sector,finance_led,31.5789
CO-15,G4,8,revenue,latest,change,winsor_minmax,subgroup,equal,15.7895
CO-15,G4,8,revenue,latest,change,winsor_minmax,subgroup,env_led,21.0526
CO-15,G4,8,revenue,latest,change,winsor_minmax,subgroup,social_led,15.7895
CO-15,G4,8,revenue,latest,change,winsor_minmax,subgroup,finance_led,15.7895
CO-15,G4,9,revenue,latest,change,winsor_minmax,sector,equal,15.7895
CO-15,G4,9,revenue,latest,change,winsor_minmax,sector,env_led,21.0526
CO-15,G4,9,revenue,latest,change,winsor_minmax,sector,social_led,15.7895
CO-15,G4,9,revenue,latest,change,winsor_minmax,sector,finance_led,10.5263
CO-15,G4,10,revenue,latest,change,log_minmax,subgroup,equal,0.0
CO-15,G4,10,revenue,latest,change,log_minmax,subgroup,env_led,0.0
CO-15,G4,10,revenue,latest,change,log_minmax,subgroup,social_led,0.0
CO-15,G4,10,revenue,latest,change,log_minmax,subgroup,finance_led,0.0
CO-15,G4,11,revenue,latest,change,log_minmax,sector,equal,0.0
CO-15,G4,11,revenue,latest,change,log_minmax,sector,env_led,0.0
CO-15,G4,11,revenue,latest,change,log_minmax,sector,social_led,0.0
CO-15,G4,11,revenue,latest,change,log_minmax,sector,finance_led,0.0
CO-15,G4,12,revenue,mean3,level,percentile,subgroup,equal,31.5789
CO-15,G4,12,revenue,mean3,level,percentile,subgroup,env_led,36.8421
CO-15,G4,12,revenue,mean3,level,percentile,subgroup,social_led,36.8421
CO-15,G4,12,revenue,mean3,level,percentile,subgroup,finance_led,31.5789
CO-15,G4,13,revenue,mean3,level,percentile,sector,equal,42.1053
CO-15,G4,13,revenue,mean3,level,percentile,sector,env_led,42.1053
CO-15,G4,13,revenue,mean3,level,percentile,sector,social_led,42.1053
CO-15,G4,13,revenue,mean3,level,percentile,sector,finance_led,36.8421
CO-15,G4,14,revenue,mean3,level,winsor_minmax,subgroup,equal,42.1053
CO-15,G4,14,revenue,mean3,level,winsor_minmax,subgroup,env_led,42.1053
CO-15,G4,14,revenue,mean3,level,winsor_minmax,subgroup,social_led,42.1053
CO-15,G4,14,revenue,mean3,level,winsor_minmax,subgroup,finance_led,42.1053
CO-15,G4,15,revenue,mean3,level,winsor_minmax,sector,equal,42.1053
CO-15,G4,15,revenue,mean3,level,winsor_minmax,sector,env_led,42.1053
CO-15,G4,15,revenue,mean3,level,winsor_minmax,sector,social_led,42.1053
CO-15,G4,15,revenue,mean3,level,winsor_minmax,sector,finance_led,42.1053
CO-15,G4,16,revenue,mean3,level,log_minmax,subgroup,equal,36.8421
CO-15,G4,16,revenue,mean3,level,log_minmax,subgroup,env_led,42.1053
CO-15,G4,16,revenue,mean3,level,log_minmax,subgroup,social_led,42.1053
CO-15,G4,16,revenue,mean3,level,log_minmax,subgroup,finance_led,15.7895
CO-15,G4,17,revenue,mean3,level,log_minmax,sector,equal,42.1053
CO-15,G4,17,revenue,mean3,level,log_minmax,sector,env_led,42.1053
CO-15,G4,17,revenue,mean3,level,log_minmax,sector,social_led,42.1053
CO-15,G4,17,revenue,mean3,level,log_minmax,sector,finance_led,36.8421
CO-15,G4,18,revenue,mean3,change,percentile,subgroup,equal,47.3684
CO-15,G4,18,revenue,mean3,change,percentile,subgroup,env_led,42.1053
CO-15,G4,18,revenue,mean3,change,percentile,subgroup,social_led,42.1053
CO-15,G4,18,revenue,mean3,change,percentile,subgroup,finance_led,47.3684
CO-15,G4,19,revenue,mean3,change,percentile,sector,equal,42.1053
CO-15,G4,19,revenue,mean3,change,percentile,sector,env_led,42.1053
CO-15,G4,19,revenue,mean3,change,percentile,sector,social_led,47.3684
CO-15,G4,19,revenue,mean3,change,percentile,sector,finance_led,52.6316
CO-15,G4,20,revenue,mean3,change,winsor_minmax,subgroup,equal,42.1053
CO-15,G4,20,revenue,mean3,change,winsor_minmax,subgroup,env_led,42.1053
CO-15,G4,20,revenue,mean3,change,winsor_minmax,subgroup,social_led,42.1053
CO-15,G4,20,revenue,mean3,change,winsor_minmax,subgroup,finance_led,47.3684
CO-15,G4,21,revenue,mean3,change,winsor_minmax,sector,equal,52.6316
CO-15,G4,21,revenue,mean3,change,winsor_minmax,sector,env_led,52.6316
CO-15,G4,21,revenue,mean3,change,winsor_minmax,sector,social_led,47.3684
CO-15,G4,21,revenue,mean3,change,winsor_minmax,sector,finance_led,52.6316
CO-15,G4,22,revenue,mean3,change,log_minmax,subgroup,equal,26.3158
CO-15,G4,22,revenue,mean3,change,log_minmax,subgroup,env_led,42.1053
CO-15,G4,22,revenue,mean3,change,log_minmax,subgroup,social_led,21.0526
CO-15,G4,22,revenue,mean3,change,log_minmax,subgroup,finance_led,31.5789
CO-15,G4,23,revenue,mean3,change,log_minmax,sector,equal,68.4211
CO-15,G4,23,revenue,mean3,change,log_minmax,sector,env_led,73.6842
CO-15,G4,23,revenue,mean3,change,log_minmax,sector,social_led,73.6842
CO-15,G4,23,revenue,mean3,change,log_minmax,sector,finance_led,63.1579
CO-15,G4,24,volume,latest,level,percentile,subgroup,equal,31.5789
CO-15,G4,24,volume,latest,level,percentile,subgroup,env_led,36.8421
CO-15,G4,24,volume,latest,level,percentile,subgroup,social_led,31.5789
CO-15,G4,24,volume,latest,level,percentile,subgroup,finance_led,15.7895
CO-15,G4,25,volume,latest,level,percentile,sector,equal,31.5789
CO-15,G4,25,volume,latest,level,percentile,sector,env_led,31.5789
CO-15,G4,25,volume,latest,level,percentile,sector,social_led,36.8421
CO-15,G4,25,volume,latest,level,percentile,sector,finance_led,21.0526
CO-15,G4,26,volume,latest,level,winsor_minmax,subgroup,equal,42.1053
CO-15,G4,26,volume,latest,level,winsor_minmax,subgroup,env_led,42.1053
CO-15,G4,26,volume,latest,level,winsor_minmax,subgroup,social_led,42.1053
CO-15,G4,26,volume,latest,level,winsor_minmax,subgroup,finance_led,52.6316
CO-15,G4,27,volume,latest,level,winsor_minmax,sector,equal,42.1053
CO-15,G4,27,volume,latest,level,winsor_minmax,sector,env_led,42.1053
CO-15,G4,27,volume,latest,level,winsor_minmax,sector,social_led,42.1053
CO-15,G4,27,volume,latest,level,winsor_minmax,sector,finance_led,31.5789
CO-15,G4,28,volume,latest,level,log_minmax,subgroup,equal,21.0526
CO-15,G4,28,volume,latest,level,log_minmax,subgroup,env_led,26.3158
CO-15,G4,28,volume,latest,level,log_minmax,subgroup,social_led,31.5789
CO-15,G4,28,volume,latest,level,log_minmax,subgroup,finance_led,10.5263
CO-15,G4,29,volume,latest,level,log_minmax,sector,equal,36.8421
CO-15,G4,29,volume,latest,level,log_minmax,sector,env_led,47.3684
CO-15,G4,29,volume,latest,level,log_minmax,sector,social_led,42.1053
CO-15,G4,29,volume,latest,level,log_minmax,sector,finance_led,36.8421
CO-15,G4,30,volume,latest,change,percentile,subgroup,equal,36.8421
CO-15,G4,30,volume,latest,change,percentile,subgroup,env_led,36.8421
CO-15,G4,30,volume,latest,change,percentile,subgroup,social_led,36.8421
CO-15,G4,30,volume,latest,change,percentile,subgroup,finance_led,36.8421
CO-15,G4,31,volume,latest,change,percentile,sector,equal,47.3684
CO-15,G4,31,volume,latest,change,percentile,sector,env_led,47.3684
CO-15,G4,31,volume,latest,change,percentile,sector,social_led,42.1053
CO-15,G4,31,volume,latest,change,percentile,sector,finance_led,36.8421
CO-15,G4,32,volume,latest,change,winsor_minmax,subgroup,equal,15.7895
CO-15,G4,32,volume,latest,change,winsor_minmax,subgroup,env_led,21.0526
CO-15,G4,32,volume,latest,change,winsor_minmax,subgroup,social_led,26.3158
CO-15,G4,32,volume,latest,change,winsor_minmax,subgroup,finance_led,21.0526
CO-15,G4,33,volume,latest,change,winsor_minmax,sector,equal,15.7895
CO-15,G4,33,volume,latest,change,winsor_minmax,sector,env_led,26.3158
CO-15,G4,33,volume,latest,change,winsor_minmax,sector,social_led,36.8421
CO-15,G4,33,volume,latest,change,winsor_minmax,sector,finance_led,10.5263
CO-15,G4,34,volume,latest,change,log_minmax,subgroup,equal,0.0
CO-15,G4,34,volume,latest,change,log_minmax,subgroup,env_led,5.2632
CO-15,G4,34,volume,latest,change,log_minmax,subgroup,social_led,5.2632
CO-15,G4,34,volume,latest,change,log_minmax,subgroup,finance_led,5.2632
CO-15,G4,35,volume,latest,change,log_minmax,sector,equal,5.2632
CO-15,G4,35,volume,latest,change,log_minmax,sector,env_led,0.0
CO-15,G4,35,volume,latest,change,log_minmax,sector,social_led,10.5263
CO-15,G4,35,volume,latest,change,log_minmax,sector,finance_led,15.7895
CO-15,G4,36,volume,mean3,level,percentile,subgroup,equal,42.1053
CO-15,G4,36,volume,mean3,level,percentile,subgroup,env_led,36.8421
CO-15,G4,36,volume,mean3,level,percentile,subgroup,social_led,31.5789
CO-15,G4,36,volume,mean3,level,percentile,subgroup,finance_led,26.3158
CO-15,G4,37,volume,mean3,level,percentile,sector,equal,42.1053
CO-15,G4,37,volume,mean3,level,percentile,sector,env_led,36.8421
CO-15,G4,37,volume,mean3,level,percentile,sector,social_led,42.1053
CO-15,G4,37,volume,mean3,level,percentile,sector,finance_led,36.8421
CO-15,G4,38,volume,mean3,level,winsor_minmax,subgroup,equal,42.1053
CO-15,G4,38,volume,mean3,level,winsor_minmax,subgroup,env_led,42.1053
CO-15,G4,38,volume,mean3,level,winsor_minmax,subgroup,social_led,47.3684
CO-15,G4,38,volume,mean3,level,winsor_minmax,subgroup,finance_led,47.3684
CO-15,G4,39,volume,mean3,level,winsor_minmax,sector,equal,42.1053
CO-15,G4,39,volume,mean3,level,winsor_minmax,sector,env_led,42.1053
CO-15,G4,39,volume,mean3,level,winsor_minmax,sector,social_led,47.3684
CO-15,G4,39,volume,mean3,level,winsor_minmax,sector,finance_led,42.1053
CO-15,G4,40,volume,mean3,level,log_minmax,subgroup,equal,31.5789
CO-15,G4,40,volume,mean3,level,log_minmax,subgroup,env_led,36.8421
CO-15,G4,40,volume,mean3,level,log_minmax,subgroup,social_led,36.8421
CO-15,G4,40,volume,mean3,level,log_minmax,subgroup,finance_led,10.5263
CO-15,G4,41,volume,mean3,level,log_minmax,sector,equal,47.3684
CO-15,G4,41,volume,mean3,level,log_minmax,sector,env_led,42.1053
CO-15,G4,41,volume,mean3,level,log_minmax,sector,social_led,47.3684
CO-15,G4,41,volume,mean3,level,log_minmax,sector,finance_led,42.1053
CO-15,G4,42,volume,mean3,change,percentile,subgroup,equal,36.8421
CO-15,G4,42,volume,mean3,change,percentile,subgroup,env_led,36.8421
CO-15,G4,42,volume,mean3,change,percentile,subgroup,social_led,47.3684
CO-15,G4,42,volume,mean3,change,percentile,subgroup,finance_led,36.8421
CO-15,G4,43,volume,mean3,change,percentile,sector,equal,42.1053
CO-15,G4,43,volume,mean3,change,percentile,sector,env_led,47.3684
CO-15,G4,43,volume,mean3,change,percentile,sector,social_led,42.1053
CO-15,G4,43,volume,mean3,change,percentile,sector,finance_led,42.1053
CO-15,G4,44,volume,mean3,change,winsor_minmax,subgroup,equal,42.1053
CO-15,G4,44,volume,mean3,change,winsor_minmax,subgroup,env_led,42.1053
CO-15,G4,44,volume,mean3,change,winsor_minmax,subgroup,social_led,42.1053
CO-15,G4,44,volume,mean3,change,winsor_minmax,subgroup,finance_led,42.1053
CO-15,G4,45,volume,mean3,change,winsor_minmax,sector,equal,52.6316
CO-15,G4,45,volume,mean3,change,winsor_minmax,sector,env_led,52.6316
CO-15,G4,45,volume,mean3,change,winsor_minmax,sector,social_led,52.6316
CO-15,G4,45,volume,mean3,change,winsor_minmax,sector,finance_led,42.1053
CO-15,G4,46,volume,mean3,change,log_minmax,subgroup,equal,21.0526
CO-15,G4,46,volume,mean3,change,log_minmax,subgroup,env_led,47.3684
CO-15,G4,46,volume,mean3,change,log_minmax,subgroup,social_led,26.3158
CO-15,G4,46,volume,mean3,change,log_minmax,subgroup,finance_led,21.0526
CO-15,G4,47,volume,mean3,change,log_minmax,sector,equal,68.4211
CO-15,G4,47,volume,mean3,change,log_minmax,sector,env_led,73.6842
CO-15,G4,47,volume,mean3,change,log_minmax,sector,social_led,73.6842
CO-15,G4,47,volume,mean3,change,log_minmax,sector,finance_led,63.1579
CO-15,G4,48,headcount,latest,level,percentile,subgroup,equal,26.3158
CO-15,G4,48,headcount,latest,level,percentile,subgroup,env_led,31.5789
CO-15,G4,48,headcount,latest,level,percentile,subgroup,social_led,31.5789
CO-15,G4,48,headcount,latest,level,percentile,subgroup,finance_led,15.7895
CO-15,G4,49,headcount,latest,level,percentile,sector,equal,26.3158
CO-15,G4,49,headcount,latest,level,percentile,sector,env_led,15.7895
CO-15,G4,49,headcount,latest,level,percentile,sector,social_led,31.5789
CO-15,G4,49,headcount,latest,level,percentile,sector,finance_led,21.0526
CO-15,G4,50,headcount,latest,level,winsor_minmax,subgroup,equal,47.3684
CO-15,G4,50,headcount,latest,level,winsor_minmax,subgroup,env_led,42.1053
CO-15,G4,50,headcount,latest,level,winsor_minmax,subgroup,social_led,47.3684
CO-15,G4,50,headcount,latest,level,winsor_minmax,subgroup,finance_led,42.1053
CO-15,G4,51,headcount,latest,level,winsor_minmax,sector,equal,26.3158
CO-15,G4,51,headcount,latest,level,winsor_minmax,sector,env_led,21.0526
CO-15,G4,51,headcount,latest,level,winsor_minmax,sector,social_led,42.1053
CO-15,G4,51,headcount,latest,level,winsor_minmax,sector,finance_led,26.3158
CO-15,G4,52,headcount,latest,level,log_minmax,subgroup,equal,10.5263
CO-15,G4,52,headcount,latest,level,log_minmax,subgroup,env_led,26.3158
CO-15,G4,52,headcount,latest,level,log_minmax,subgroup,social_led,26.3158
CO-15,G4,52,headcount,latest,level,log_minmax,subgroup,finance_led,10.5263
CO-15,G4,53,headcount,latest,level,log_minmax,sector,equal,36.8421
CO-15,G4,53,headcount,latest,level,log_minmax,sector,env_led,31.5789
CO-15,G4,53,headcount,latest,level,log_minmax,sector,social_led,42.1053
CO-15,G4,53,headcount,latest,level,log_minmax,sector,finance_led,31.5789
CO-15,G4,54,headcount,latest,change,percentile,subgroup,equal,36.8421
CO-15,G4,54,headcount,latest,change,percentile,subgroup,env_led,36.8421
CO-15,G4,54,headcount,latest,change,percentile,subgroup,social_led,36.8421
CO-15,G4,54,headcount,latest,change,percentile,subgroup,finance_led,36.8421
CO-15,G4,55,headcount,latest,change,percentile,sector,equal,47.3684
CO-15,G4,55,headcount,latest,change,percentile,sector,env_led,47.3684
CO-15,G4,55,headcount,latest,change,percentile,sector,social_led,36.8421
CO-15,G4,55,headcount,latest,change,percentile,sector,finance_led,42.1053
CO-15,G4,56,headcount,latest,change,winsor_minmax,subgroup,equal,15.7895
CO-15,G4,56,headcount,latest,change,winsor_minmax,subgroup,env_led,21.0526
CO-15,G4,56,headcount,latest,change,winsor_minmax,subgroup,social_led,21.0526
CO-15,G4,56,headcount,latest,change,winsor_minmax,subgroup,finance_led,15.7895
CO-15,G4,57,headcount,latest,change,winsor_minmax,sector,equal,15.7895
CO-15,G4,57,headcount,latest,change,winsor_minmax,sector,env_led,26.3158
CO-15,G4,57,headcount,latest,change,winsor_minmax,sector,social_led,15.7895
CO-15,G4,57,headcount,latest,change,winsor_minmax,sector,finance_led,10.5263
CO-15,G4,58,headcount,latest,change,log_minmax,subgroup,equal,0.0
CO-15,G4,58,headcount,latest,change,log_minmax,subgroup,env_led,0.0
CO-15,G4,58,headcount,latest,change,log_minmax,subgroup,social_led,0.0
CO-15,G4,58,headcount,latest,change,log_minmax,subgroup,finance_led,0.0
CO-15,G4,59,headcount,latest,change,log_minmax,sector,equal,0.0
CO-15,G4,59,headcount,latest,change,log_minmax,sector,env_led,0.0
CO-15,G4,59,headcount,latest,change,log_minmax,sector,social_led,0.0
CO-15,G4,59,headcount,latest,change,log_minmax,sector,finance_led,0.0
CO-15,G4,60,headcount,mean3,level,percentile,subgroup,equal,36.8421
CO-15,G4,60,headcount,mean3,level,percentile,subgroup,env_led,26.3158
CO-15,G4,60,headcount,mean3,level,percentile,subgroup,social_led,36.8421
CO-15,G4,60,headcount,mean3,level,percentile,subgroup,finance_led,21.0526
CO-15,G4,61,headcount,mean3,level,percentile,sector,equal,21.0526
CO-15,G4,61,headcount,mean3,level,percentile,sector,env_led,15.7895
CO-15,G4,61,headcount,mean3,level,percentile,sector,social_led,42.1053
CO-15,G4,61,headcount,mean3,level,percentile,sector,finance_led,21.0526
CO-15,G4,62,headcount,mean3,level,winsor_minmax,subgroup,equal,42.1053
CO-15,G4,62,headcount,mean3,level,winsor_minmax,subgroup,env_led,36.8421
CO-15,G4,62,headcount,mean3,level,winsor_minmax,subgroup,social_led,42.1053
CO-15,G4,62,headcount,mean3,level,winsor_minmax,subgroup,finance_led,42.1053
CO-15,G4,63,headcount,mean3,level,winsor_minmax,sector,equal,36.8421
CO-15,G4,63,headcount,mean3,level,winsor_minmax,sector,env_led,15.7895
CO-15,G4,63,headcount,mean3,level,winsor_minmax,sector,social_led,42.1053
CO-15,G4,63,headcount,mean3,level,winsor_minmax,sector,finance_led,31.5789
CO-15,G4,64,headcount,mean3,level,log_minmax,subgroup,equal,36.8421
CO-15,G4,64,headcount,mean3,level,log_minmax,subgroup,env_led,31.5789
CO-15,G4,64,headcount,mean3,level,log_minmax,subgroup,social_led,42.1053
CO-15,G4,64,headcount,mean3,level,log_minmax,subgroup,finance_led,5.2632
CO-15,G4,65,headcount,mean3,level,log_minmax,sector,equal,36.8421
CO-15,G4,65,headcount,mean3,level,log_minmax,sector,env_led,21.0526
CO-15,G4,65,headcount,mean3,level,log_minmax,sector,social_led,47.3684
CO-15,G4,65,headcount,mean3,level,log_minmax,sector,finance_led,36.8421
CO-15,G4,66,headcount,mean3,change,percentile,subgroup,equal,36.8421
CO-15,G4,66,headcount,mean3,change,percentile,subgroup,env_led,36.8421
CO-15,G4,66,headcount,mean3,change,percentile,subgroup,social_led,42.1053
CO-15,G4,66,headcount,mean3,change,percentile,subgroup,finance_led,36.8421
CO-15,G4,67,headcount,mean3,change,percentile,sector,equal,42.1053
CO-15,G4,67,headcount,mean3,change,percentile,sector,env_led,42.1053
CO-15,G4,67,headcount,mean3,change,percentile,sector,social_led,42.1053
CO-15,G4,67,headcount,mean3,change,percentile,sector,finance_led,36.8421
CO-15,G4,68,headcount,mean3,change,winsor_minmax,subgroup,equal,42.1053
CO-15,G4,68,headcount,mean3,change,winsor_minmax,subgroup,env_led,42.1053
CO-15,G4,68,headcount,mean3,change,winsor_minmax,subgroup,social_led,42.1053
CO-15,G4,68,headcount,mean3,change,winsor_minmax,subgroup,finance_led,47.3684
CO-15,G4,69,headcount,mean3,change,winsor_minmax,sector,equal,52.6316
CO-15,G4,69,headcount,mean3,change,winsor_minmax,sector,env_led,52.6316
CO-15,G4,69,headcount,mean3,change,winsor_minmax,sector,social_led,47.3684
CO-15,G4,69,headcount,mean3,change,winsor_minmax,sector,finance_led,47.3684
CO-15,G4,70,headcount,mean3,change,log_minmax,subgroup,equal,26.3158
CO-15,G4,70,headcount,mean3,change,log_minmax,subgroup,env_led,42.1053
CO-15,G4,70,headcount,mean3,change,log_minmax,subgroup,social_led,26.3158
CO-15,G4,70,headcount,mean3,change,log_minmax,subgroup,finance_led,31.5789
CO-15,G4,71,headcount,mean3,change,log_minmax,sector,equal,68.4211
CO-15,G4,71,headcount,mean3,change,log_minmax,sector,env_led,73.6842
CO-15,G4,71,headcount,mean3,change,log_minmax,sector,social_led,73.6842
CO-15,G4,71,headcount,mean3,change,log_minmax,sector,finance_led,63.1579
CO-16,G4,0,revenue,latest,level,percentile,subgroup,equal,5.2632
CO-16,G4,0,revenue,latest,level,percentile,subgroup,env_led,10.5263
CO-16,G4,0,revenue,latest,level,percentile,subgroup,social_led,0.0
CO-16,G4,0,revenue,latest,level,percentile,subgroup,finance_led,5.2632
CO-16,G4,1,revenue,latest,level,percentile,sector,equal,5.2632
CO-16,G4,1,revenue,latest,level,percentile,sector,env_led,5.2632
CO-16,G4,1,revenue,latest,level,percentile,sector,social_led,5.2632
CO-16,G4,1,revenue,latest,level,percentile,sector,finance_led,5.2632
CO-16,G4,2,revenue,latest,level,winsor_minmax,subgroup,equal,5.2632
CO-16,G4,2,revenue,latest,level,winsor_minmax,subgroup,env_led,15.7895
CO-16,G4,2,revenue,latest,level,winsor_minmax,subgroup,social_led,15.7895
CO-16,G4,2,revenue,latest,level,winsor_minmax,subgroup,finance_led,5.2632
CO-16,G4,3,revenue,latest,level,winsor_minmax,sector,equal,5.2632
CO-16,G4,3,revenue,latest,level,winsor_minmax,sector,env_led,10.5263
CO-16,G4,3,revenue,latest,level,winsor_minmax,sector,social_led,5.2632
CO-16,G4,3,revenue,latest,level,winsor_minmax,sector,finance_led,5.2632
CO-16,G4,4,revenue,latest,level,log_minmax,subgroup,equal,5.2632
CO-16,G4,4,revenue,latest,level,log_minmax,subgroup,env_led,5.2632
CO-16,G4,4,revenue,latest,level,log_minmax,subgroup,social_led,5.2632
CO-16,G4,4,revenue,latest,level,log_minmax,subgroup,finance_led,5.2632
CO-16,G4,5,revenue,latest,level,log_minmax,sector,equal,5.2632
CO-16,G4,5,revenue,latest,level,log_minmax,sector,env_led,5.2632
CO-16,G4,5,revenue,latest,level,log_minmax,sector,social_led,5.2632
CO-16,G4,5,revenue,latest,level,log_minmax,sector,finance_led,5.2632
CO-16,G4,6,revenue,latest,change,percentile,subgroup,equal,15.7895
CO-16,G4,6,revenue,latest,change,percentile,subgroup,env_led,15.7895
CO-16,G4,6,revenue,latest,change,percentile,subgroup,social_led,15.7895
CO-16,G4,6,revenue,latest,change,percentile,subgroup,finance_led,21.0526
CO-16,G4,7,revenue,latest,change,percentile,sector,equal,10.5263
CO-16,G4,7,revenue,latest,change,percentile,sector,env_led,5.2632
CO-16,G4,7,revenue,latest,change,percentile,sector,social_led,15.7895
CO-16,G4,7,revenue,latest,change,percentile,sector,finance_led,26.3158
CO-16,G4,8,revenue,latest,change,winsor_minmax,subgroup,equal,5.2632
CO-16,G4,8,revenue,latest,change,winsor_minmax,subgroup,env_led,10.5263
CO-16,G4,8,revenue,latest,change,winsor_minmax,subgroup,social_led,5.2632
CO-16,G4,8,revenue,latest,change,winsor_minmax,subgroup,finance_led,26.3158
CO-16,G4,9,revenue,latest,change,winsor_minmax,sector,equal,10.5263
CO-16,G4,9,revenue,latest,change,winsor_minmax,sector,env_led,5.2632
CO-16,G4,9,revenue,latest,change,winsor_minmax,sector,social_led,5.2632
CO-16,G4,9,revenue,latest,change,winsor_minmax,sector,finance_led,15.7895
CO-16,G4,10,revenue,latest,change,log_minmax,subgroup,equal,31.5789
CO-16,G4,10,revenue,latest,change,log_minmax,subgroup,env_led,26.3158
CO-16,G4,10,revenue,latest,change,log_minmax,subgroup,social_led,26.3158
CO-16,G4,10,revenue,latest,change,log_minmax,subgroup,finance_led,57.8947
CO-16,G4,11,revenue,latest,change,log_minmax,sector,equal,84.2105
CO-16,G4,11,revenue,latest,change,log_minmax,sector,env_led,73.6842
CO-16,G4,11,revenue,latest,change,log_minmax,sector,social_led,78.9474
CO-16,G4,11,revenue,latest,change,log_minmax,sector,finance_led,84.2105
CO-16,G4,12,revenue,mean3,level,percentile,subgroup,equal,5.2632
CO-16,G4,12,revenue,mean3,level,percentile,subgroup,env_led,5.2632
CO-16,G4,12,revenue,mean3,level,percentile,subgroup,social_led,5.2632
CO-16,G4,12,revenue,mean3,level,percentile,subgroup,finance_led,0.0
CO-16,G4,13,revenue,mean3,level,percentile,sector,equal,5.2632
CO-16,G4,13,revenue,mean3,level,percentile,sector,env_led,5.2632
CO-16,G4,13,revenue,mean3,level,percentile,sector,social_led,5.2632
CO-16,G4,13,revenue,mean3,level,percentile,sector,finance_led,0.0
CO-16,G4,14,revenue,mean3,level,winsor_minmax,subgroup,equal,10.5263
CO-16,G4,14,revenue,mean3,level,winsor_minmax,subgroup,env_led,10.5263
CO-16,G4,14,revenue,mean3,level,winsor_minmax,subgroup,social_led,10.5263
CO-16,G4,14,revenue,mean3,level,winsor_minmax,subgroup,finance_led,10.5263
CO-16,G4,15,revenue,mean3,level,winsor_minmax,sector,equal,5.2632
CO-16,G4,15,revenue,mean3,level,winsor_minmax,sector,env_led,5.2632
CO-16,G4,15,revenue,mean3,level,winsor_minmax,sector,social_led,5.2632
CO-16,G4,15,revenue,mean3,level,winsor_minmax,sector,finance_led,0.0
CO-16,G4,16,revenue,mean3,level,log_minmax,subgroup,equal,5.2632
CO-16,G4,16,revenue,mean3,level,log_minmax,subgroup,env_led,10.5263
CO-16,G4,16,revenue,mean3,level,log_minmax,subgroup,social_led,5.2632
CO-16,G4,16,revenue,mean3,level,log_minmax,subgroup,finance_led,0.0
CO-16,G4,17,revenue,mean3,level,log_minmax,sector,equal,0.0
CO-16,G4,17,revenue,mean3,level,log_minmax,sector,env_led,0.0
CO-16,G4,17,revenue,mean3,level,log_minmax,sector,social_led,5.2632
CO-16,G4,17,revenue,mean3,level,log_minmax,sector,finance_led,0.0
CO-16,G4,18,revenue,mean3,change,percentile,subgroup,equal,5.2632
CO-16,G4,18,revenue,mean3,change,percentile,subgroup,env_led,15.7895
CO-16,G4,18,revenue,mean3,change,percentile,subgroup,social_led,10.5263
CO-16,G4,18,revenue,mean3,change,percentile,subgroup,finance_led,0.0
CO-16,G4,19,revenue,mean3,change,percentile,sector,equal,0.0
CO-16,G4,19,revenue,mean3,change,percentile,sector,env_led,5.2632
CO-16,G4,19,revenue,mean3,change,percentile,sector,social_led,5.2632
CO-16,G4,19,revenue,mean3,change,percentile,sector,finance_led,0.0
CO-16,G4,20,revenue,mean3,change,winsor_minmax,subgroup,equal,0.0
CO-16,G4,20,revenue,mean3,change,winsor_minmax,subgroup,env_led,5.2632
CO-16,G4,20,revenue,mean3,change,winsor_minmax,subgroup,social_led,5.2632
CO-16,G4,20,revenue,mean3,change,winsor_minmax,subgroup,finance_led,5.2632
CO-16,G4,21,revenue,mean3,change,winsor_minmax,sector,equal,5.2632
CO-16,G4,21,revenue,mean3,change,winsor_minmax,sector,env_led,5.2632
CO-16,G4,21,revenue,mean3,change,winsor_minmax,sector,social_led,5.2632
CO-16,G4,21,revenue,mean3,change,winsor_minmax,sector,finance_led,0.0
CO-16,G4,22,revenue,mean3,change,log_minmax,subgroup,equal,5.2632
CO-16,G4,22,revenue,mean3,change,log_minmax,subgroup,env_led,0.0
CO-16,G4,22,revenue,mean3,change,log_minmax,subgroup,social_led,5.2632
CO-16,G4,22,revenue,mean3,change,log_minmax,subgroup,finance_led,5.2632
CO-16,G4,23,revenue,mean3,change,log_minmax,sector,equal,0.0
CO-16,G4,23,revenue,mean3,change,log_minmax,sector,env_led,0.0
CO-16,G4,23,revenue,mean3,change,log_minmax,sector,social_led,5.2632
CO-16,G4,23,revenue,mean3,change,log_minmax,sector,finance_led,26.3158
CO-16,G4,24,volume,latest,level,percentile,subgroup,equal,0.0
CO-16,G4,24,volume,latest,level,percentile,subgroup,env_led,5.2632
CO-16,G4,24,volume,latest,level,percentile,subgroup,social_led,5.2632
CO-16,G4,24,volume,latest,level,percentile,subgroup,finance_led,0.0
CO-16,G4,25,volume,latest,level,percentile,sector,equal,0.0
CO-16,G4,25,volume,latest,level,percentile,sector,env_led,0.0
CO-16,G4,25,volume,latest,level,percentile,sector,social_led,0.0
CO-16,G4,25,volume,latest,level,percentile,sector,finance_led,0.0
CO-16,G4,26,volume,latest,level,winsor_minmax,subgroup,equal,5.2632
CO-16,G4,26,volume,latest,level,winsor_minmax,subgroup,env_led,10.5263
CO-16,G4,26,volume,latest,level,winsor_minmax,subgroup,social_led,10.5263
CO-16,G4,26,volume,latest,level,winsor_minmax,subgroup,finance_led,0.0
CO-16,G4,27,volume,latest,level,winsor_minmax,sector,equal,0.0
CO-16,G4,27,volume,latest,level,winsor_minmax,sector,env_led,5.2632
CO-16,G4,27,volume,latest,level,winsor_minmax,sector,social_led,5.2632
CO-16,G4,27,volume,latest,level,winsor_minmax,sector,finance_led,0.0
CO-16,G4,28,volume,latest,level,log_minmax,subgroup,equal,0.0
CO-16,G4,28,volume,latest,level,log_minmax,subgroup,env_led,0.0
CO-16,G4,28,volume,latest,level,log_minmax,subgroup,social_led,0.0
CO-16,G4,28,volume,latest,level,log_minmax,subgroup,finance_led,0.0
CO-16,G4,29,volume,latest,level,log_minmax,sector,equal,0.0
CO-16,G4,29,volume,latest,level,log_minmax,sector,env_led,0.0
CO-16,G4,29,volume,latest,level,log_minmax,sector,social_led,0.0
CO-16,G4,29,volume,latest,level,log_minmax,sector,finance_led,0.0
CO-16,G4,30,volume,latest,change,percentile,subgroup,equal,21.0526
CO-16,G4,30,volume,latest,change,percentile,subgroup,env_led,15.7895
CO-16,G4,30,volume,latest,change,percentile,subgroup,social_led,21.0526
CO-16,G4,30,volume,latest,change,percentile,subgroup,finance_led,31.5789
CO-16,G4,31,volume,latest,change,percentile,sector,equal,10.5263
CO-16,G4,31,volume,latest,change,percentile,sector,env_led,10.5263
CO-16,G4,31,volume,latest,change,percentile,sector,social_led,15.7895
CO-16,G4,31,volume,latest,change,percentile,sector,finance_led,26.3158
CO-16,G4,32,volume,latest,change,winsor_minmax,subgroup,equal,10.5263
CO-16,G4,32,volume,latest,change,winsor_minmax,subgroup,env_led,10.5263
CO-16,G4,32,volume,latest,change,winsor_minmax,subgroup,social_led,5.2632
CO-16,G4,32,volume,latest,change,winsor_minmax,subgroup,finance_led,36.8421
CO-16,G4,33,volume,latest,change,winsor_minmax,sector,equal,10.5263
CO-16,G4,33,volume,latest,change,winsor_minmax,sector,env_led,5.2632
CO-16,G4,33,volume,latest,change,winsor_minmax,sector,social_led,5.2632
CO-16,G4,33,volume,latest,change,winsor_minmax,sector,finance_led,31.5789
CO-16,G4,34,volume,latest,change,log_minmax,subgroup,equal,26.3158
CO-16,G4,34,volume,latest,change,log_minmax,subgroup,env_led,26.3158
CO-16,G4,34,volume,latest,change,log_minmax,subgroup,social_led,21.0526
CO-16,G4,34,volume,latest,change,log_minmax,subgroup,finance_led,52.6316
CO-16,G4,35,volume,latest,change,log_minmax,sector,equal,78.9474
CO-16,G4,35,volume,latest,change,log_minmax,sector,env_led,68.4211
CO-16,G4,35,volume,latest,change,log_minmax,sector,social_led,57.8947
CO-16,G4,35,volume,latest,change,log_minmax,sector,finance_led,78.9474
CO-16,G4,36,volume,mean3,level,percentile,subgroup,equal,5.2632
CO-16,G4,36,volume,mean3,level,percentile,subgroup,env_led,5.2632
CO-16,G4,36,volume,mean3,level,percentile,subgroup,social_led,5.2632
CO-16,G4,36,volume,mean3,level,percentile,subgroup,finance_led,0.0
CO-16,G4,37,volume,mean3,level,percentile,sector,equal,5.2632
CO-16,G4,37,volume,mean3,level,percentile,sector,env_led,5.2632
CO-16,G4,37,volume,mean3,level,percentile,sector,social_led,5.2632
CO-16,G4,37,volume,mean3,level,percentile,sector,finance_led,0.0
CO-16,G4,38,volume,mean3,level,winsor_minmax,subgroup,equal,5.2632
CO-16,G4,38,volume,mean3,level,winsor_minmax,subgroup,env_led,5.2632
CO-16,G4,38,volume,mean3,level,winsor_minmax,subgroup,social_led,5.2632
CO-16,G4,38,volume,mean3,level,winsor_minmax,subgroup,finance_led,5.2632
CO-16,G4,39,volume,mean3,level,winsor_minmax,sector,equal,5.2632
CO-16,G4,39,volume,mean3,level,winsor_minmax,sector,env_led,5.2632
CO-16,G4,39,volume,mean3,level,winsor_minmax,sector,social_led,5.2632
CO-16,G4,39,volume,mean3,level,winsor_minmax,sector,finance_led,0.0
CO-16,G4,40,volume,mean3,level,log_minmax,subgroup,equal,0.0
CO-16,G4,40,volume,mean3,level,log_minmax,subgroup,env_led,0.0
CO-16,G4,40,volume,mean3,level,log_minmax,subgroup,social_led,0.0
CO-16,G4,40,volume,mean3,level,log_minmax,subgroup,finance_led,0.0
CO-16,G4,41,volume,mean3,level,log_minmax,sector,equal,0.0
CO-16,G4,41,volume,mean3,level,log_minmax,sector,env_led,0.0
CO-16,G4,41,volume,mean3,level,log_minmax,sector,social_led,0.0
CO-16,G4,41,volume,mean3,level,log_minmax,sector,finance_led,0.0
CO-16,G4,42,volume,mean3,change,percentile,subgroup,equal,15.7895
CO-16,G4,42,volume,mean3,change,percentile,subgroup,env_led,15.7895
CO-16,G4,42,volume,mean3,change,percentile,subgroup,social_led,10.5263
CO-16,G4,42,volume,mean3,change,percentile,subgroup,finance_led,5.2632
CO-16,G4,43,volume,mean3,change,percentile,sector,equal,5.2632
CO-16,G4,43,volume,mean3,change,percentile,sector,env_led,5.2632
CO-16,G4,43,volume,mean3,change,percentile,sector,social_led,5.2632
CO-16,G4,43,volume,mean3,change,percentile,sector,finance_led,0.0
CO-16,G4,44,volume,mean3,change,winsor_minmax,subgroup,equal,10.5263
CO-16,G4,44,volume,mean3,change,winsor_minmax,subgroup,env_led,10.5263
CO-16,G4,44,volume,mean3,change,winsor_minmax,subgroup,social_led,10.5263
CO-16,G4,44,volume,mean3,change,winsor_minmax,subgroup,finance_led,0.0
CO-16,G4,45,volume,mean3,change,winsor_minmax,sector,equal,5.2632
CO-16,G4,45,volume,mean3,change,winsor_minmax,sector,env_led,5.2632
CO-16,G4,45,volume,mean3,change,winsor_minmax,sector,social_led,5.2632
CO-16,G4,45,volume,mean3,change,winsor_minmax,sector,finance_led,0.0
CO-16,G4,46,volume,mean3,change,log_minmax,subgroup,equal,0.0
CO-16,G4,46,volume,mean3,change,log_minmax,subgroup,env_led,0.0
CO-16,G4,46,volume,mean3,change,log_minmax,subgroup,social_led,0.0
CO-16,G4,46,volume,mean3,change,log_minmax,subgroup,finance_led,10.5263
CO-16,G4,47,volume,mean3,change,log_minmax,sector,equal,10.5263
CO-16,G4,47,volume,mean3,change,log_minmax,sector,env_led,0.0
CO-16,G4,47,volume,mean3,change,log_minmax,sector,social_led,0.0
CO-16,G4,47,volume,mean3,change,log_minmax,sector,finance_led,57.8947
CO-16,G4,48,headcount,latest,level,percentile,subgroup,equal,0.0
CO-16,G4,48,headcount,latest,level,percentile,subgroup,env_led,0.0
CO-16,G4,48,headcount,latest,level,percentile,subgroup,social_led,0.0
CO-16,G4,48,headcount,latest,level,percentile,subgroup,finance_led,0.0
CO-16,G4,49,headcount,latest,level,percentile,sector,equal,0.0
CO-16,G4,49,headcount,latest,level,percentile,sector,env_led,0.0
CO-16,G4,49,headcount,latest,level,percentile,sector,social_led,0.0
CO-16,G4,49,headcount,latest,level,percentile,sector,finance_led,0.0
CO-16,G4,50,headcount,latest,level,winsor_minmax,subgroup,equal,0.0
CO-16,G4,50,headcount,latest,level,winsor_minmax,subgroup,env_led,5.2632
CO-16,G4,50,headcount,latest,level,winsor_minmax,subgroup,social_led,10.5263
CO-16,G4,50,headcount,latest,level,winsor_minmax,subgroup,finance_led,0.0
CO-16,G4,51,headcount,latest,level,winsor_minmax,sector,equal,0.0
CO-16,G4,51,headcount,latest,level,winsor_minmax,sector,env_led,5.2632
CO-16,G4,51,headcount,latest,level,winsor_minmax,sector,social_led,5.2632
CO-16,G4,51,headcount,latest,level,winsor_minmax,sector,finance_led,0.0
CO-16,G4,52,headcount,latest,level,log_minmax,subgroup,equal,0.0
CO-16,G4,52,headcount,latest,level,log_minmax,subgroup,env_led,0.0
CO-16,G4,52,headcount,latest,level,log_minmax,subgroup,social_led,0.0
CO-16,G4,52,headcount,latest,level,log_minmax,subgroup,finance_led,0.0
CO-16,G4,53,headcount,latest,level,log_minmax,sector,equal,0.0
CO-16,G4,53,headcount,latest,level,log_minmax,sector,env_led,0.0
CO-16,G4,53,headcount,latest,level,log_minmax,sector,social_led,0.0
CO-16,G4,53,headcount,latest,level,log_minmax,sector,finance_led,0.0
CO-16,G4,54,headcount,latest,change,percentile,subgroup,equal,21.0526
CO-16,G4,54,headcount,latest,change,percentile,subgroup,env_led,15.7895
CO-16,G4,54,headcount,latest,change,percentile,subgroup,social_led,15.7895
CO-16,G4,54,headcount,latest,change,percentile,subgroup,finance_led,31.5789
CO-16,G4,55,headcount,latest,change,percentile,sector,equal,10.5263
CO-16,G4,55,headcount,latest,change,percentile,sector,env_led,5.2632
CO-16,G4,55,headcount,latest,change,percentile,sector,social_led,15.7895
CO-16,G4,55,headcount,latest,change,percentile,sector,finance_led,21.0526
CO-16,G4,56,headcount,latest,change,winsor_minmax,subgroup,equal,5.2632
CO-16,G4,56,headcount,latest,change,winsor_minmax,subgroup,env_led,10.5263
CO-16,G4,56,headcount,latest,change,winsor_minmax,subgroup,social_led,5.2632
CO-16,G4,56,headcount,latest,change,winsor_minmax,subgroup,finance_led,26.3158
CO-16,G4,57,headcount,latest,change,winsor_minmax,sector,equal,10.5263
CO-16,G4,57,headcount,latest,change,winsor_minmax,sector,env_led,5.2632
CO-16,G4,57,headcount,latest,change,winsor_minmax,sector,social_led,5.2632
CO-16,G4,57,headcount,latest,change,winsor_minmax,sector,finance_led,21.0526
CO-16,G4,58,headcount,latest,change,log_minmax,subgroup,equal,26.3158
CO-16,G4,58,headcount,latest,change,log_minmax,subgroup,env_led,26.3158
CO-16,G4,58,headcount,latest,change,log_minmax,subgroup,social_led,15.7895
CO-16,G4,58,headcount,latest,change,log_minmax,subgroup,finance_led,52.6316
CO-16,G4,59,headcount,latest,change,log_minmax,sector,equal,84.2105
CO-16,G4,59,headcount,latest,change,log_minmax,sector,env_led,73.6842
CO-16,G4,59,headcount,latest,change,log_minmax,sector,social_led,68.4211
CO-16,G4,59,headcount,latest,change,log_minmax,sector,finance_led,84.2105
CO-16,G4,60,headcount,mean3,level,percentile,subgroup,equal,5.2632
CO-16,G4,60,headcount,mean3,level,percentile,subgroup,env_led,5.2632
CO-16,G4,60,headcount,mean3,level,percentile,subgroup,social_led,5.2632
CO-16,G4,60,headcount,mean3,level,percentile,subgroup,finance_led,0.0
CO-16,G4,61,headcount,mean3,level,percentile,sector,equal,5.2632
CO-16,G4,61,headcount,mean3,level,percentile,sector,env_led,5.2632
CO-16,G4,61,headcount,mean3,level,percentile,sector,social_led,5.2632
CO-16,G4,61,headcount,mean3,level,percentile,sector,finance_led,0.0
CO-16,G4,62,headcount,mean3,level,winsor_minmax,subgroup,equal,5.2632
CO-16,G4,62,headcount,mean3,level,winsor_minmax,subgroup,env_led,5.2632
CO-16,G4,62,headcount,mean3,level,winsor_minmax,subgroup,social_led,5.2632
CO-16,G4,62,headcount,mean3,level,winsor_minmax,subgroup,finance_led,0.0
CO-16,G4,63,headcount,mean3,level,winsor_minmax,sector,equal,5.2632
CO-16,G4,63,headcount,mean3,level,winsor_minmax,sector,env_led,5.2632
CO-16,G4,63,headcount,mean3,level,winsor_minmax,sector,social_led,5.2632
CO-16,G4,63,headcount,mean3,level,winsor_minmax,sector,finance_led,0.0
CO-16,G4,64,headcount,mean3,level,log_minmax,subgroup,equal,0.0
CO-16,G4,64,headcount,mean3,level,log_minmax,subgroup,env_led,5.2632
CO-16,G4,64,headcount,mean3,level,log_minmax,subgroup,social_led,0.0
CO-16,G4,64,headcount,mean3,level,log_minmax,subgroup,finance_led,0.0
CO-16,G4,65,headcount,mean3,level,log_minmax,sector,equal,0.0
CO-16,G4,65,headcount,mean3,level,log_minmax,sector,env_led,0.0
CO-16,G4,65,headcount,mean3,level,log_minmax,sector,social_led,0.0
CO-16,G4,65,headcount,mean3,level,log_minmax,sector,finance_led,0.0
CO-16,G4,66,headcount,mean3,change,percentile,subgroup,equal,10.5263
CO-16,G4,66,headcount,mean3,change,percentile,subgroup,env_led,10.5263
CO-16,G4,66,headcount,mean3,change,percentile,subgroup,social_led,10.5263
CO-16,G4,66,headcount,mean3,change,percentile,subgroup,finance_led,0.0
CO-16,G4,67,headcount,mean3,change,percentile,sector,equal,5.2632
CO-16,G4,67,headcount,mean3,change,percentile,sector,env_led,5.2632
CO-16,G4,67,headcount,mean3,change,percentile,sector,social_led,5.2632
CO-16,G4,67,headcount,mean3,change,percentile,sector,finance_led,0.0
CO-16,G4,68,headcount,mean3,change,winsor_minmax,subgroup,equal,5.2632
CO-16,G4,68,headcount,mean3,change,winsor_minmax,subgroup,env_led,10.5263
CO-16,G4,68,headcount,mean3,change,winsor_minmax,subgroup,social_led,5.2632
CO-16,G4,68,headcount,mean3,change,winsor_minmax,subgroup,finance_led,0.0
CO-16,G4,69,headcount,mean3,change,winsor_minmax,sector,equal,5.2632
CO-16,G4,69,headcount,mean3,change,winsor_minmax,sector,env_led,5.2632
CO-16,G4,69,headcount,mean3,change,winsor_minmax,sector,social_led,5.2632
CO-16,G4,69,headcount,mean3,change,winsor_minmax,sector,finance_led,0.0
CO-16,G4,70,headcount,mean3,change,log_minmax,subgroup,equal,0.0
CO-16,G4,70,headcount,mean3,change,log_minmax,subgroup,env_led,0.0
CO-16,G4,70,headcount,mean3,change,log_minmax,subgroup,social_led,0.0
CO-16,G4,70,headcount,mean3,change,log_minmax,subgroup,finance_led,5.2632
CO-16,G4,71,headcount,mean3,change,log_minmax,sector,equal,0.0
CO-16,G4,71,headcount,mean3,change,log_minmax,sector,env_led,0.0
CO-16,G4,71,headcount,mean3,change,log_minmax,sector,social_led,0.0
CO-16,G4,71,headcount,mean3,change,log_minmax,sector,finance_led,42.1053
CO-17,G4,0,revenue,latest,level,percentile,subgroup,equal,84.2105
CO-17,G4,0,revenue,latest,level,percentile,subgroup,env_led,78.9474
CO-17,G4,0,revenue,latest,level,percentile,subgroup,social_led,73.6842
CO-17,G4,0,revenue,latest,level,percentile,subgroup,finance_led,89.4737
CO-17,G4,1,revenue,latest,level,percentile,sector,equal,94.7368
CO-17,G4,1,revenue,latest,level,percentile,sector,env_led,89.4737
CO-17,G4,1,revenue,latest,level,percentile,sector,social_led,89.4737
CO-17,G4,1,revenue,latest,level,percentile,sector,finance_led,94.7368
CO-17,G4,2,revenue,latest,level,winsor_minmax,subgroup,equal,84.2105
CO-17,G4,2,revenue,latest,level,winsor_minmax,subgroup,env_led,84.2105
CO-17,G4,2,revenue,latest,level,winsor_minmax,subgroup,social_led,78.9474
CO-17,G4,2,revenue,latest,level,winsor_minmax,subgroup,finance_led,89.4737
CO-17,G4,3,revenue,latest,level,winsor_minmax,sector,equal,94.7368
CO-17,G4,3,revenue,latest,level,winsor_minmax,sector,env_led,94.7368
CO-17,G4,3,revenue,latest,level,winsor_minmax,sector,social_led,89.4737
CO-17,G4,3,revenue,latest,level,winsor_minmax,sector,finance_led,89.4737
CO-17,G4,4,revenue,latest,level,log_minmax,subgroup,equal,73.6842
CO-17,G4,4,revenue,latest,level,log_minmax,subgroup,env_led,73.6842
CO-17,G4,4,revenue,latest,level,log_minmax,subgroup,social_led,73.6842
CO-17,G4,4,revenue,latest,level,log_minmax,subgroup,finance_led,84.2105
CO-17,G4,5,revenue,latest,level,log_minmax,sector,equal,89.4737
CO-17,G4,5,revenue,latest,level,log_minmax,sector,env_led,89.4737
CO-17,G4,5,revenue,latest,level,log_minmax,sector,social_led,89.4737
CO-17,G4,5,revenue,latest,level,log_minmax,sector,finance_led,94.7368
CO-17,G4,6,revenue,latest,change,percentile,subgroup,equal,94.7368
CO-17,G4,6,revenue,latest,change,percentile,subgroup,env_led,89.4737
CO-17,G4,6,revenue,latest,change,percentile,subgroup,social_led,94.7368
CO-17,G4,6,revenue,latest,change,percentile,subgroup,finance_led,84.2105
CO-17,G4,7,revenue,latest,change,percentile,sector,equal,100.0
CO-17,G4,7,revenue,latest,change,percentile,sector,env_led,100.0
CO-17,G4,7,revenue,latest,change,percentile,sector,social_led,100.0
CO-17,G4,7,revenue,latest,change,percentile,sector,finance_led,94.7368
CO-17,G4,8,revenue,latest,change,winsor_minmax,subgroup,equal,84.2105
CO-17,G4,8,revenue,latest,change,winsor_minmax,subgroup,env_led,78.9474
CO-17,G4,8,revenue,latest,change,winsor_minmax,subgroup,social_led,84.2105
CO-17,G4,8,revenue,latest,change,winsor_minmax,subgroup,finance_led,81.5789
CO-17,G4,9,revenue,latest,change,winsor_minmax,sector,equal,94.7368
CO-17,G4,9,revenue,latest,change,winsor_minmax,sector,env_led,94.7368
CO-17,G4,9,revenue,latest,change,winsor_minmax,sector,social_led,94.7368
CO-17,G4,9,revenue,latest,change,winsor_minmax,sector,finance_led,94.7368
CO-17,G4,10,revenue,latest,change,log_minmax,subgroup,equal,94.7368
CO-17,G4,10,revenue,latest,change,log_minmax,subgroup,env_led,89.4737
CO-17,G4,10,revenue,latest,change,log_minmax,subgroup,social_led,94.7368
CO-17,G4,10,revenue,latest,change,log_minmax,subgroup,finance_led,92.1053
CO-17,G4,11,revenue,latest,change,log_minmax,sector,equal,100.0
CO-17,G4,11,revenue,latest,change,log_minmax,sector,env_led,100.0
CO-17,G4,11,revenue,latest,change,log_minmax,sector,social_led,100.0
CO-17,G4,11,revenue,latest,change,log_minmax,sector,finance_led,100.0
CO-17,G4,12,revenue,mean3,level,percentile,subgroup,equal,73.6842
CO-17,G4,12,revenue,mean3,level,percentile,subgroup,env_led,73.6842
CO-17,G4,12,revenue,mean3,level,percentile,subgroup,social_led,73.6842
CO-17,G4,12,revenue,mean3,level,percentile,subgroup,finance_led,73.6842
CO-17,G4,13,revenue,mean3,level,percentile,sector,equal,89.4737
CO-17,G4,13,revenue,mean3,level,percentile,sector,env_led,89.4737
CO-17,G4,13,revenue,mean3,level,percentile,sector,social_led,89.4737
CO-17,G4,13,revenue,mean3,level,percentile,sector,finance_led,84.2105
CO-17,G4,14,revenue,mean3,level,winsor_minmax,subgroup,equal,84.2105
CO-17,G4,14,revenue,mean3,level,winsor_minmax,subgroup,env_led,84.2105
CO-17,G4,14,revenue,mean3,level,winsor_minmax,subgroup,social_led,84.2105
CO-17,G4,14,revenue,mean3,level,winsor_minmax,subgroup,finance_led,84.2105
CO-17,G4,15,revenue,mean3,level,winsor_minmax,sector,equal,89.4737
CO-17,G4,15,revenue,mean3,level,winsor_minmax,sector,env_led,89.4737
CO-17,G4,15,revenue,mean3,level,winsor_minmax,sector,social_led,89.4737
CO-17,G4,15,revenue,mean3,level,winsor_minmax,sector,finance_led,78.9474
CO-17,G4,16,revenue,mean3,level,log_minmax,subgroup,equal,68.4211
CO-17,G4,16,revenue,mean3,level,log_minmax,subgroup,env_led,63.1579
CO-17,G4,16,revenue,mean3,level,log_minmax,subgroup,social_led,73.6842
CO-17,G4,16,revenue,mean3,level,log_minmax,subgroup,finance_led,73.6842
CO-17,G4,17,revenue,mean3,level,log_minmax,sector,equal,89.4737
CO-17,G4,17,revenue,mean3,level,log_minmax,sector,env_led,89.4737
CO-17,G4,17,revenue,mean3,level,log_minmax,sector,social_led,89.4737
CO-17,G4,17,revenue,mean3,level,log_minmax,sector,finance_led,89.4737
CO-17,G4,18,revenue,mean3,change,percentile,subgroup,equal,78.9474
CO-17,G4,18,revenue,mean3,change,percentile,subgroup,env_led,78.9474
CO-17,G4,18,revenue,mean3,change,percentile,subgroup,social_led,78.9474
CO-17,G4,18,revenue,mean3,change,percentile,subgroup,finance_led,84.2105
CO-17,G4,19,revenue,mean3,change,percentile,sector,equal,94.7368
CO-17,G4,19,revenue,mean3,change,percentile,sector,env_led,94.7368
CO-17,G4,19,revenue,mean3,change,percentile,sector,social_led,94.7368
CO-17,G4,19,revenue,mean3,change,percentile,sector,finance_led,89.4737
CO-17,G4,20,revenue,mean3,change,winsor_minmax,subgroup,equal,78.9474
CO-17,G4,20,revenue,mean3,change,winsor_minmax,subgroup,env_led,78.9474
CO-17,G4,20,revenue,mean3,change,winsor_minmax,subgroup,social_led,78.9474
CO-17,G4,20,revenue,mean3,change,winsor_minmax,subgroup,finance_led,89.4737
CO-17,G4,21,revenue,mean3,change,winsor_minmax,sector,equal,94.7368
CO-17,G4,21,revenue,mean3,change,winsor_minmax,sector,env_led,94.7368
CO-17,G4,21,revenue,mean3,change,winsor_minmax,sector,social_led,94.7368
CO-17,G4,21,revenue,mean3,change,winsor_minmax,sector,finance_led,94.7368
CO-17,G4,22,revenue,mean3,change,log_minmax,subgroup,equal,78.9474
CO-17,G4,22,revenue,mean3,change,log_minmax,subgroup,env_led,78.9474
CO-17,G4,22,revenue,mean3,change,log_minmax,subgroup,social_led,78.9474
CO-17,G4,22,revenue,mean3,change,log_minmax,subgroup,finance_led,57.8947
CO-17,G4,23,revenue,mean3,change,log_minmax,sector,equal,94.7368
CO-17,G4,23,revenue,mean3,change,log_minmax,sector,env_led,94.7368
CO-17,G4,23,revenue,mean3,change,log_minmax,sector,social_led,94.7368
CO-17,G4,23,revenue,mean3,change,log_minmax,sector,finance_led,84.2105
CO-17,G4,24,volume,latest,level,percentile,subgroup,equal,73.6842
CO-17,G4,24,volume,latest,level,percentile,subgroup,env_led,73.6842
CO-17,G4,24,volume,latest,level,percentile,subgroup,social_led,73.6842
CO-17,G4,24,volume,latest,level,percentile,subgroup,finance_led,89.4737
CO-17,G4,25,volume,latest,level,percentile,sector,equal,89.4737
CO-17,G4,25,volume,latest,level,percentile,sector,env_led,89.4737
CO-17,G4,25,volume,latest,level,percentile,sector,social_led,84.2105
CO-17,G4,25,volume,latest,level,percentile,sector,finance_led,94.7368
CO-17,G4,26,volume,latest,level,winsor_minmax,subgroup,equal,84.2105
CO-17,G4,26,volume,latest,level,winsor_minmax,subgroup,env_led,84.2105
CO-17,G4,26,volume,latest,level,winsor_minmax,subgroup,social_led,78.9474
CO-17,G4,26,volume,latest,level,winsor_minmax,subgroup,finance_led,89.4737
CO-17,G4,27,volume,latest,level,winsor_minmax,sector,equal,94.7368
CO-17,G4,27,volume,latest,level,winsor_minmax,sector,env_led,94.7368
CO-17,G4,27,volume,latest,level,winsor_minmax,sector,social_led,89.4737
CO-17,G4,27,volume,latest,level,winsor_minmax,sector,finance_led,89.4737
CO-17,G4,28,volume,latest,level,log_minmax,subgroup,equal,73.6842
CO-17,G4,28,volume,latest,level,log_minmax,subgroup,env_led,73.6842
CO-17,G4,28,volume,latest,level,log_minmax,subgroup,social_led,73.6842
CO-17,G4,28,volume,latest,level,log_minmax,subgroup,finance_led,84.2105
CO-17,G4,29,volume,latest,level,log_minmax,sector,equal,89.4737
CO-17,G4,29,volume,latest,level,log_minmax,sector,env_led,89.4737
CO-17,G4,29,volume,latest,level,log_minmax,sector,social_led,89.4737
CO-17,G4,29,volume,latest,level,log_minmax,sector,finance_led,94.7368
CO-17,G4,30,volume,latest,change,percentile,subgroup,equal,84.2105
CO-17,G4,30,volume,latest,change,percentile,subgroup,env_led,84.2105
CO-17,G4,30,volume,latest,change,percentile,subgroup,social_led,94.7368
CO-17,G4,30,volume,latest,change,percentile,subgroup,finance_led,73.6842
CO-17,G4,31,volume,latest,change,percentile,sector,equal,94.7368
CO-17,G4,31,volume,latest,change,percentile,sector,env_led,100.0
CO-17,G4,31,volume,latest,change,percentile,sector,social_led,100.0
CO-17,G4,31,volume,latest,change,percentile,sector,finance_led,84.2105
CO-17,G4,32,volume,latest,change,winsor_minmax,subgroup,equal,84.2105
CO-17,G4,32,volume,latest,change,winsor_minmax,subgroup,env_led,78.9474
CO-17,G4,32,volume,latest,change,winsor_minmax,subgroup,social_led,84.2105
CO-17,G4,32,volume,latest,change,winsor_minmax,subgroup,finance_led,73.6842
CO-17,G4,33,volume,latest,change,winsor_minmax,sector,equal,94.7368
CO-17,G4,33,volume,latest,change,winsor_minmax,sector,env_led,89.4737
CO-17,G4,33,volume,latest,change,winsor_minmax,sector,social_led,94.7368
CO-17,G4,33,volume,latest,change,winsor_minmax,sector,finance_led,89.4737
CO-17,G4,34,volume,latest,change,log_minmax,subgroup,equal,84.2105
CO-17,G4,34,volume,latest,change,log_minmax,subgroup,env_led,84.2105
CO-17,G4,34,volume,latest,change,log_minmax,subgroup,social_led,89.4737
CO-17,G4,34,volume,latest,change,log_minmax,subgroup,finance_led,68.4211
CO-17,G4,35,volume,latest,change,log_minmax,sector,equal,100.0
CO-17,G4,35,volume,latest,change,log_minmax,sector,env_led,100.0
CO-17,G4,35,volume,latest,change,log_minmax,sector,social_led,100.0
CO-17,G4,35,volume,latest,change,log_minmax,sector,finance_led,89.4737
CO-17,G4,36,volume,mean3,level,percentile,subgroup,equal,73.6842
CO-17,G4,36,volume,mean3,level,percentile,subgroup,env_led,73.6842
CO-17,G4,36,volume,mean3,level,percentile,subgroup,social_led,73.6842
CO-17,G4,36,volume,mean3,level,percentile,subgroup,finance_led,78.9474
CO-17,G4,37,volume,mean3,level,percentile,sector,equal,89.4737
CO-17,G4,37,volume,mean3,level,percentile,sector,env_led,89.4737
CO-17,G4,37,volume,mean3,level,percentile,sector,social_led,89.4737
CO-17,G4,37,volume,mean3,level,percentile,sector,finance_led,84.2105
CO-17,G4,38,volume,mean3,level,winsor_minmax,subgroup,equal,84.2105
CO-17,G4,38,volume,mean3,level,winsor_minmax,subgroup,env_led,78.9474
CO-17,G4,38,volume,mean3,level,winsor_minmax,subgroup,social_led,84.2105
CO-17,G4,38,volume,mean3,level,winsor_minmax,subgroup,finance_led,84.2105
CO-17,G4,39,volume,mean3,level,winsor_minmax,sector,equal,89.4737
CO-17,G4,39,volume,mean3,level,winsor_minmax,sector,env_led,89.4737
CO-17,G4,39,volume,mean3,level,winsor_minmax,sector,social_led,89.4737
CO-17,G4,39,volume,mean3,level,winsor_minmax,sector,finance_led,78.9474
CO-17,G4,40,volume,mean3,level,log_minmax,subgroup,equal,73.6842
CO-17,G4,40,volume,mean3,level,log_minmax,subgroup,env_led,73.6842
CO-17,G4,40,volume,mean3,level,log_minmax,subgroup,social_led,73.6842
CO-17,G4,40,volume,mean3,level,log_minmax,subgroup,finance_led,73.6842
CO-17,G4,41,volume,mean3,level,log_minmax,sector,equal,89.4737
CO-17,G4,41,volume,mean3,level,log_minmax,sector,env_led,89.4737
CO-17,G4,41,volume,mean3,level,log_minmax,sector,social_led,89.4737
CO-17,G4,41,volume,mean3,level,log_minmax,sector,finance_led,89.4737
CO-17,G4,42,volume,mean3,change,percentile,subgroup,equal,78.9474
CO-17,G4,42,volume,mean3,change,percentile,subgroup,env_led,78.9474
CO-17,G4,42,volume,mean3,change,percentile,subgroup,social_led,78.9474
CO-17,G4,42,volume,mean3,change,percentile,subgroup,finance_led,78.9474
CO-17,G4,43,volume,mean3,change,percentile,sector,equal,94.7368
CO-17,G4,43,volume,mean3,change,percentile,sector,env_led,94.7368
CO-17,G4,43,volume,mean3,change,percentile,sector,social_led,94.7368
CO-17,G4,43,volume,mean3,change,percentile,sector,finance_led,89.4737
CO-17,G4,44,volume,mean3,change,winsor_minmax,subgroup,equal,78.9474
CO-17,G4,44,volume,mean3,change,winsor_minmax,subgroup,env_led,78.9474
CO-17,G4,44,volume,mean3,change,winsor_minmax,subgroup,social_led,78.9474
CO-17,G4,44,volume,mean3,change,winsor_minmax,subgroup,finance_led,78.9474
CO-17,G4,45,volume,mean3,change,winsor_minmax,sector,equal,94.7368
CO-17,G4,45,volume,mean3,change,winsor_minmax,sector,env_led,94.7368
CO-17,G4,45,volume,mean3,change,winsor_minmax,sector,social_led,94.7368
CO-17,G4,45,volume,mean3,change,winsor_minmax,sector,finance_led,89.4737
CO-17,G4,46,volume,mean3,change,log_minmax,subgroup,equal,78.9474
CO-17,G4,46,volume,mean3,change,log_minmax,subgroup,env_led,78.9474
CO-17,G4,46,volume,mean3,change,log_minmax,subgroup,social_led,78.9474
CO-17,G4,46,volume,mean3,change,log_minmax,subgroup,finance_led,63.1579
CO-17,G4,47,volume,mean3,change,log_minmax,sector,equal,94.7368
CO-17,G4,47,volume,mean3,change,log_minmax,sector,env_led,94.7368
CO-17,G4,47,volume,mean3,change,log_minmax,sector,social_led,94.7368
CO-17,G4,47,volume,mean3,change,log_minmax,sector,finance_led,84.2105
CO-17,G4,48,headcount,latest,level,percentile,subgroup,equal,78.9474
CO-17,G4,48,headcount,latest,level,percentile,subgroup,env_led,73.6842
CO-17,G4,48,headcount,latest,level,percentile,subgroup,social_led,73.6842
CO-17,G4,48,headcount,latest,level,percentile,subgroup,finance_led,89.4737
CO-17,G4,49,headcount,latest,level,percentile,sector,equal,94.7368
CO-17,G4,49,headcount,latest,level,percentile,sector,env_led,89.4737
CO-17,G4,49,headcount,latest,level,percentile,sector,social_led,89.4737
CO-17,G4,49,headcount,latest,level,percentile,sector,finance_led,94.7368
CO-17,G4,50,headcount,latest,level,winsor_minmax,subgroup,equal,84.2105
CO-17,G4,50,headcount,latest,level,winsor_minmax,subgroup,env_led,84.2105
CO-17,G4,50,headcount,latest,level,winsor_minmax,subgroup,social_led,78.9474
CO-17,G4,50,headcount,latest,level,winsor_minmax,subgroup,finance_led,89.4737
CO-17,G4,51,headcount,latest,level,winsor_minmax,sector,equal,94.7368
CO-17,G4,51,headcount,latest,level,winsor_minmax,sector,env_led,94.7368
CO-17,G4,51,headcount,latest,level,winsor_minmax,sector,social_led,89.4737
CO-17,G4,51,headcount,latest,level,winsor_minmax,sector,finance_led,89.4737
CO-17,G4,52,headcount,latest,level,log_minmax,subgroup,equal,73.6842
CO-17,G4,52,headcount,latest,level,log_minmax,subgroup,env_led,78.9474
CO-17,G4,52,headcount,latest,level,log_minmax,subgroup,social_led,73.6842
CO-17,G4,52,headcount,latest,level,log_minmax,subgroup,finance_led,84.2105
CO-17,G4,53,headcount,latest,level,log_minmax,sector,equal,89.4737
CO-17,G4,53,headcount,latest,level,log_minmax,sector,env_led,94.7368
CO-17,G4,53,headcount,latest,level,log_minmax,sector,social_led,89.4737
CO-17,G4,53,headcount,latest,level,log_minmax,sector,finance_led,94.7368
CO-17,G4,54,headcount,latest,change,percentile,subgroup,equal,84.2105
CO-17,G4,54,headcount,latest,change,percentile,subgroup,env_led,84.2105
CO-17,G4,54,headcount,latest,change,percentile,subgroup,social_led,94.7368
CO-17,G4,54,headcount,latest,change,percentile,subgroup,finance_led,78.9474
CO-17,G4,55,headcount,latest,change,percentile,sector,equal,94.7368
CO-17,G4,55,headcount,latest,change,percentile,sector,env_led,100.0
CO-17,G4,55,headcount,latest,change,percentile,sector,social_led,100.0
CO-17,G4,55,headcount,latest,change,percentile,sector,finance_led,89.4737
CO-17,G4,56,headcount,latest,change,winsor_minmax,subgroup,equal,84.2105
CO-17,G4,56,headcount,latest,change,winsor_minmax,subgroup,env_led,78.9474
CO-17,G4,56,headcount,latest,change,winsor_minmax,subgroup,social_led,84.2105
CO-17,G4,56,headcount,latest,change,winsor_minmax,subgroup,finance_led,73.6842
CO-17,G4,57,headcount,latest,change,winsor_minmax,sector,equal,94.7368
CO-17,G4,57,headcount,latest,change,winsor_minmax,sector,env_led,89.4737
CO-17,G4,57,headcount,latest,change,winsor_minmax,sector,social_led,94.7368
CO-17,G4,57,headcount,latest,change,winsor_minmax,sector,finance_led,94.7368
CO-17,G4,58,headcount,latest,change,log_minmax,subgroup,equal,84.2105
CO-17,G4,58,headcount,latest,change,log_minmax,subgroup,env_led,84.2105
CO-17,G4,58,headcount,latest,change,log_minmax,subgroup,social_led,84.2105
CO-17,G4,58,headcount,latest,change,log_minmax,subgroup,finance_led,78.9474
CO-17,G4,59,headcount,latest,change,log_minmax,sector,equal,100.0
CO-17,G4,59,headcount,latest,change,log_minmax,sector,env_led,100.0
CO-17,G4,59,headcount,latest,change,log_minmax,sector,social_led,100.0
CO-17,G4,59,headcount,latest,change,log_minmax,sector,finance_led,100.0
CO-17,G4,60,headcount,mean3,level,percentile,subgroup,equal,78.9474
CO-17,G4,60,headcount,mean3,level,percentile,subgroup,env_led,78.9474
CO-17,G4,60,headcount,mean3,level,percentile,subgroup,social_led,73.6842
CO-17,G4,60,headcount,mean3,level,percentile,subgroup,finance_led,84.2105
CO-17,G4,61,headcount,mean3,level,percentile,sector,equal,94.7368
CO-17,G4,61,headcount,mean3,level,percentile,sector,env_led,94.7368
CO-17,G4,61,headcount,mean3,level,percentile,sector,social_led,89.4737
CO-17,G4,61,headcount,mean3,level,percentile,sector,finance_led,94.7368
CO-17,G4,62,headcount,mean3,level,winsor_minmax,subgroup,equal,89.4737
CO-17,G4,62,headcount,mean3,level,winsor_minmax,subgroup,env_led,89.4737
CO-17,G4,62,headcount,mean3,level,winsor_minmax,subgroup,social_led,84.2105
CO-17,G4,62,headcount,mean3,level,winsor_minmax,subgroup,finance_led,94.7368
CO-17,G4,63,headcount,mean3,level,winsor_minmax,sector,equal,94.7368
CO-17,G4,63,headcount,mean3,level,winsor_minmax,sector,env_led,94.7368
CO-17,G4,63,headcount,mean3,level,winsor_minmax,sector,social_led,89.4737
CO-17,G4,63,headcount,mean3,level,winsor_minmax,sector,finance_led,78.9474
CO-17,G4,64,headcount,mean3,level,log_minmax,subgroup,equal,73.6842
CO-17,G4,64,headcount,mean3,level,log_minmax,subgroup,env_led,78.9474
CO-17,G4,64,headcount,mean3,level,log_minmax,subgroup,social_led,73.6842
CO-17,G4,64,headcount,mean3,level,log_minmax,subgroup,finance_led,73.6842
CO-17,G4,65,headcount,mean3,level,log_minmax,sector,equal,89.4737
CO-17,G4,65,headcount,mean3,level,log_minmax,sector,env_led,94.7368
CO-17,G4,65,headcount,mean3,level,log_minmax,sector,social_led,89.4737
CO-17,G4,65,headcount,mean3,level,log_minmax,sector,finance_led,89.4737
CO-17,G4,66,headcount,mean3,change,percentile,subgroup,equal,78.9474
CO-17,G4,66,headcount,mean3,change,percentile,subgroup,env_led,78.9474
CO-17,G4,66,headcount,mean3,change,percentile,subgroup,social_led,78.9474
CO-17,G4,66,headcount,mean3,change,percentile,subgroup,finance_led,84.2105
CO-17,G4,67,headcount,mean3,change,percentile,sector,equal,94.7368
CO-17,G4,67,headcount,mean3,change,percentile,sector,env_led,94.7368
CO-17,G4,67,headcount,mean3,change,percentile,sector,social_led,94.7368
CO-17,G4,67,headcount,mean3,change,percentile,sector,finance_led,89.4737
CO-17,G4,68,headcount,mean3,change,winsor_minmax,subgroup,equal,78.9474
CO-17,G4,68,headcount,mean3,change,winsor_minmax,subgroup,env_led,78.9474
CO-17,G4,68,headcount,mean3,change,winsor_minmax,subgroup,social_led,78.9474
CO-17,G4,68,headcount,mean3,change,winsor_minmax,subgroup,finance_led,89.4737
CO-17,G4,69,headcount,mean3,change,winsor_minmax,sector,equal,94.7368
CO-17,G4,69,headcount,mean3,change,winsor_minmax,sector,env_led,94.7368
CO-17,G4,69,headcount,mean3,change,winsor_minmax,sector,social_led,94.7368
CO-17,G4,69,headcount,mean3,change,winsor_minmax,sector,finance_led,94.7368
CO-17,G4,70,headcount,mean3,change,log_minmax,subgroup,equal,78.9474
CO-17,G4,70,headcount,mean3,change,log_minmax,subgroup,env_led,78.9474
CO-17,G4,70,headcount,mean3,change,log_minmax,subgroup,social_led,78.9474
CO-17,G4,70,headcount,mean3,change,log_minmax,subgroup,finance_led,57.8947
CO-17,G4,71,headcount,mean3,change,log_minmax,sector,equal,94.7368
CO-17,G4,71,headcount,mean3,change,log_minmax,sector,env_led,94.7368
CO-17,G4,71,headcount,mean3,change,log_minmax,sector,social_led,94.7368
CO-17,G4,71,headcount,mean3,change,log_minmax,sector,finance_led,84.2105
CO-18,G5,0,revenue,latest,level,percentile,subgroup,equal,52.6316
CO-18,G5,0,revenue,latest,level,percentile,subgroup,env_led,57.8947
CO-18,G5,0,revenue,latest,level,percentile,subgroup,social_led,52.6316
CO-18,G5,0,revenue,latest,level,percentile,subgroup,finance_led,36.8421
CO-18,G5,1,revenue,latest,level,percentile,sector,equal,57.8947
CO-18,G5,1,revenue,latest,level,percentile,sector,env_led,63.1579
CO-18,G5,1,revenue,latest,level,percentile,sector,social_led,57.8947
CO-18,G5,1,revenue,latest,level,percentile,sector,finance_led,42.1053
CO-18,G5,2,revenue,latest,level,winsor_minmax,subgroup,equal,57.8947
CO-18,G5,2,revenue,latest,level,winsor_minmax,subgroup,env_led,63.1579
CO-18,G5,2,revenue,latest,level,winsor_minmax,subgroup,social_led,57.8947
CO-18,G5,2,revenue,latest,level,winsor_minmax,subgroup,finance_led,57.8947
CO-18,G5,3,revenue,latest,level,winsor_minmax,sector,equal,52.6316
CO-18,G5,3,revenue,latest,level,winsor_minmax,sector,env_led,57.8947
CO-18,G5,3,revenue,latest,level,winsor_minmax,sector,social_led,52.6316
CO-18,G5,3,revenue,latest,level,winsor_minmax,sector,finance_led,57.8947
CO-18,G5,4,revenue,latest,level,log_minmax,subgroup,equal,36.8421
CO-18,G5,4,revenue,latest,level,log_minmax,subgroup,env_led,52.6316
CO-18,G5,4,revenue,latest,level,log_minmax,subgroup,social_led,42.1053
CO-18,G5,4,revenue,latest,level,log_minmax,subgroup,finance_led,26.3158
CO-18,G5,5,revenue,latest,level,log_minmax,sector,equal,57.8947
CO-18,G5,5,revenue,latest,level,log_minmax,sector,env_led,57.8947
CO-18,G5,5,revenue,latest,level,log_minmax,sector,social_led,57.8947
CO-18,G5,5,revenue,latest,level,log_minmax,sector,finance_led,52.6316
CO-18,G5,6,revenue,latest,change,percentile,subgroup,equal,57.8947
CO-18,G5,6,revenue,latest,change,percentile,subgroup,env_led,52.6316
CO-18,G5,6,revenue,latest,change,percentile,subgroup,social_led,52.6316
CO-18,G5,6,revenue,latest,change,percentile,subgroup,finance_led,57.8947
CO-18,G5,7,revenue,latest,change,percentile,sector,equal,68.4211
CO-18,G5,7,revenue,latest,change,percentile,sector,env_led,68.4211
CO-18,G5,7,revenue,latest,change,percentile,sector,social_led,63.1579
CO-18,G5,7,revenue,latest,change,percentile,sector,finance_led,68.4211
CO-18,G5,8,revenue,latest,change,winsor_minmax,subgroup,equal,36.8421
CO-18,G5,8,revenue,latest,change,winsor_minmax,subgroup,env_led,52.6316
CO-18,G5,8,revenue,latest,change,winsor_minmax,subgroup,social_led,31.5789
CO-18,G5,8,revenue,latest,change,winsor_minmax,subgroup,finance_led,36.8421
CO-18,G5,9,revenue,latest,change,winsor_minmax,sector,equal,57.8947
CO-18,G5,9,revenue,latest,change,winsor_minmax,sector,env_led,68.4211
CO-18,G5,9,revenue,latest,change,winsor_minmax,sector,social_led,57.8947
CO-18,G5,9,revenue,latest,change,winsor_minmax,sector,finance_led,42.1053
CO-18,G5,10,revenue,latest,change,log_minmax,subgroup,equal,10.5263
CO-18,G5,10,revenue,latest,change,log_minmax,subgroup,env_led,15.7895
CO-18,G5,10,revenue,latest,change,log_minmax,subgroup,social_led,5.2632
CO-18,G5,10,revenue,latest,change,log_minmax,subgroup,finance_led,5.2632
CO-18,G5,11,revenue,latest,change,log_minmax,sector,equal,31.5789
CO-18,G5,11,revenue,latest,change,log_minmax,sector,env_led,63.1579
CO-18,G5,11,revenue,latest,change,log_minmax,sector,social_led,26.3158
CO-18,G5,11,revenue,latest,change,log_minmax,sector,finance_led,26.3158
CO-18,G5,12,revenue,mean3,level,percentile,subgroup,equal,57.8947
CO-18,G5,12,revenue,mean3,level,percentile,subgroup,env_led,63.1579
CO-18,G5,12,revenue,mean3,level,percentile,subgroup,social_led,57.8947
CO-18,G5,12,revenue,mean3,level,percentile,subgroup,finance_led,63.1579
CO-18,G5,13,revenue,mean3,level,percentile,sector,equal,63.1579
CO-18,G5,13,revenue,mean3,level,percentile,sector,env_led,57.8947
CO-18,G5,13,revenue,mean3,level,percentile,sector,social_led,63.1579
CO-18,G5,13,revenue,mean3,level,percentile,sector,finance_led,47.3684
CO-18,G5,14,revenue,mean3,level,winsor_minmax,subgroup,equal,52.6316
CO-18,G5,14,revenue,mean3,level,winsor_minmax,subgroup,env_led,52.6316
CO-18,G5,14,revenue,mean3,level,winsor_minmax,subgroup,social_led,63.1579
CO-18,G5,14,revenue,mean3,level,winsor_minmax,subgroup,finance_led,52.6316
CO-18,G5,15,revenue,mean3,level,winsor_minmax,sector,equal,57.8947
CO-18,G5,15,revenue,mean3,level,winsor_minmax,sector,env_led,57.8947
CO-18,G5,15,revenue,mean3,level,winsor_minmax,sector,social_led,63.1579
CO-18,G5,15,revenue,mean3,level,winsor_minmax,sector,finance_led,47.3684
CO-18,G5,16,revenue,mean3,level,log_minmax,subgroup,equal,47.3684
CO-18,G5,16,revenue,mean3,level,log_minmax,subgroup,env_led,47.3684
CO-18,G5,16,revenue,mean3,level,log_minmax,subgroup,social_led,52.6316
CO-18,G5,16,revenue,mean3,level,log_minmax,subgroup,finance_led,31.5789
CO-18,G5,17,revenue,mean3,level,log_minmax,sector,equal,57.8947
CO-18,G5,17,revenue,mean3,level,log_minmax,sector,env_led,57.8947
CO-18,G5,17,revenue,mean3,level,log_minmax,sector,social_led,63.1579
CO-18,G5,17,revenue,mean3,level,log_minmax,sector,finance_led,52.6316
CO-18,G5,18,revenue,mean3,change,percentile,subgroup,equal,52.6316
CO-18,G5,18,revenue,mean3,change,percentile,subgroup,env_led,52.6316
CO-18,G5,18,revenue,mean3,change,percentile,subgroup,social_led,52.6316
CO-18,G5,18,revenue,mean3,change,percentile,subgroup,finance_led,52.6316
CO-18,G5,19,revenue,mean3,change,percentile,sector,equal,57.8947
CO-18,G5,19,revenue,mean3,change,percentile,sector,env_led,57.8947
CO-18,G5,19,revenue,mean3,change,percentile,sector,social_led,57.8947
CO-18,G5,19,revenue,mean3,change,percentile,sector,finance_led,57.8947
CO-18,G5,20,revenue,mean3,change,winsor_minmax,subgroup,equal,47.3684
CO-18,G5,20,revenue,mean3,change,winsor_minmax,subgroup,env_led,47.3684
CO-18,G5,20,revenue,mean3,change,winsor_minmax,subgroup,social_led,47.3684
CO-18,G5,20,revenue,mean3,change,winsor_minmax,subgroup,finance_led,52.6316
CO-18,G5,21,revenue,mean3,change,winsor_minmax,sector,equal,63.1579
CO-18,G5,21,revenue,mean3,change,winsor_minmax,sector,env_led,63.1579
CO-18,G5,21,revenue,mean3,change,winsor_minmax,sector,social_led,73.6842
CO-18,G5,21,revenue,mean3,change,winsor_minmax,sector,finance_led,63.1579
CO-18,G5,22,revenue,mean3,change,log_minmax,subgroup,equal,15.7895
CO-18,G5,22,revenue,mean3,change,log_minmax,subgroup,env_led,21.0526
CO-18,G5,22,revenue,mean3,change,log_minmax,subgroup,social_led,15.7895
CO-18,G5,22,revenue,mean3,change,log_minmax,subgroup,finance_led,15.7895
CO-18,G5,23,revenue,mean3,change,log_minmax,sector,equal,57.8947
CO-18,G5,23,revenue,mean3,change,log_minmax,sector,env_led,52.6316
CO-18,G5,23,revenue,mean3,change,log_minmax,sector,social_led,63.1579
CO-18,G5,23,revenue,mean3,change,log_minmax,sector,finance_led,57.8947
CO-18,G5,24,volume,latest,level,percentile,subgroup,equal,52.6316
CO-18,G5,24,volume,latest,level,percentile,subgroup,env_led,52.6316
CO-18,G5,24,volume,latest,level,percentile,subgroup,social_led,52.6316
CO-18,G5,24,volume,latest,level,percentile,subgroup,finance_led,36.8421
CO-18,G5,25,volume,latest,level,percentile,sector,equal,52.6316
CO-18,G5,25,volume,latest,level,percentile,sector,env_led,52.6316
CO-18,G5,25,volume,latest,level,percentile,sector,social_led,52.6316
CO-18,G5,25,volume,latest,level,percentile,sector,finance_led,31.5789
CO-18,G5,26,volume,latest,level,winsor_minmax,subgroup,equal,63.1579
CO-18,G5,26,volume,latest,level,winsor_minmax,subgroup,env_led,68.4211
CO-18,G5,26,volume,latest,level,winsor_minmax,subgroup,social_led,63.1579
CO-18,G5,26,volume,latest,level,winsor_minmax,subgroup,finance_led,68.4211
CO-18,G5,27,volume,latest,level,winsor_minmax,sector,equal,52.6316
CO-18,G5,27,volume,latest,level,winsor_minmax,sector,env_led,52.6316
CO-18,G5,27,volume,latest,level,winsor_minmax,sector,social_led,47.3684
CO-18,G5,27,volume,latest,level,winsor_minmax,sector,finance_led,57.8947
CO-18,G5,28,volume,latest,level,log_minmax,subgroup,equal,31.5789
CO-18,G5,28,volume,latest,level,log_minmax,subgroup,env_led,42.1053
CO-18,G5,28,volume,latest,level,log_minmax,subgroup,social_led,36.8421
CO-18,G5,28,volume,latest,level,log_minmax,subgroup,finance_led,15.7895
CO-18,G5,29,volume,latest,level,log_minmax,sector,equal,52.6316
CO-18,G5,29,volume,latest,level,log_minmax,sector,env_led,52.6316
CO-18,G5,29,volume,latest,level,log_minmax,sector,social_led,47.3684
CO-18,G5,29,volume,latest,level,log_minmax,sector,finance_led,52.6316
CO-18,G5,30,volume,latest,change,percentile,subgroup,equal,47.3684
CO-18,G5,30,volume,latest,change,percentile,subgroup,env_led,52.6316
CO-18,G5,30,volume,latest,change,percentile,subgroup,social_led,47.3684
CO-18,G5,30,volume,latest,change,percentile,subgroup,finance_led,42.1053
CO-18,G5,31,volume,latest,change,percentile,sector,equal,57.8947
CO-18,G5,31,volume,latest,change,percentile,sector,env_led,57.8947
CO-18,G5,31,volume,latest,change,percentile,sector,social_led,52.6316
CO-18,G5,31,volume,latest,change,percentile,sector,finance_led,42.1053
CO-18,G5,32,volume,latest,change,winsor_minmax,subgroup,equal,26.3158
CO-18,G5,32,volume,latest,change,winsor_minmax,subgroup,env_led,47.3684
CO-18,G5,32,volume,latest,change,winsor_minmax,subgroup,social_led,21.0526
CO-18,G5,32,volume,latest,change,winsor_minmax,subgroup,finance_led,26.3158
CO-18,G5,33,volume,latest,change,winsor_minmax,sector,equal,31.5789
CO-18,G5,33,volume,latest,change,winsor_minmax,sector,env_led,63.1579
CO-18,G5,33,volume,latest,change,winsor_minmax,sector,social_led,31.5789
CO-18,G5,33,volume,latest,change,winsor_minmax,sector,finance_led,21.0526
CO-18,G5,34,volume,latest,change,log_minmax,subgroup,equal,10.5263
CO-18,G5,34,volume,latest,change,log_minmax,subgroup,env_led,15.7895
CO-18,G5,34,volume,latest,change,log_minmax,subgroup,social_led,0.0
CO-18,G5,34,volume,latest,change,log_minmax,subgroup,finance_led,0.0
CO-18,G5,35,volume,latest,change,log_minmax,sector,equal,10.5263
CO-18,G5,35,volume,latest,change,log_minmax,sector,env_led,52.6316
CO-18,G5,35,volume,latest,change,log_minmax,sector,social_led,5.2632
CO-18,G5,35,volume,latest,change,log_minmax,sector,finance_led,10.5263
CO-18,G5,36,volume,mean3,level,percentile,subgroup,equal,63.1579
CO-18,G5,36,volume,mean3,level,percentile,subgroup,env_led,63.1579
CO-18,G5,36,volume,mean3,level,percentile,subgroup,social_led,52.6316
CO-18,G5,36,volume,mean3,level,percentile,subgroup,finance_led,47.3684
CO-18,G5,37,volume,mean3,level,percentile,sector,equal,52.6316
CO-18,G5,37,volume,mean3,level,percentile,sector,env_led,52.6316
CO-18,G5,37,volume,mean3,level,percentile,sector,social_led,52.6316
CO-18,G5,37,volume,mean3,level,percentile,sector,finance_led,47.3684
CO-18,G5,38,volume,mean3,level,winsor_minmax,subgroup,equal,52.6316
CO-18,G5,38,volume,mean3,level,winsor_minmax,subgroup,env_led,52.6316
CO-18,G5,38,volume,mean3,level,winsor_minmax,subgroup,social_led,52.6316
CO-18,G5,38,volume,mean3,level,winsor_minmax,subgroup,finance_led,52.6316
CO-18,G5,39,volume,mean3,level,winsor_minmax,sector,equal,52.6316
CO-18,G5,39,volume,mean3,level,winsor_minmax,sector,env_led,52.6316
CO-18,G5,39,volume,mean3,level,winsor_minmax,sector,social_led,52.6316
CO-18,G5,39,volume,mean3,level,winsor_minmax,sector,finance_led,47.3684
CO-18,G5,40,volume,mean3,level,log_minmax,subgroup,equal,47.3684
CO-18,G5,40,volume,mean3,level,log_minmax,subgroup,env_led,47.3684
CO-18,G5,40,volume,mean3,level,log_minmax,subgroup,social_led,52.6316
CO-18,G5,40,volume,mean3,level,log_minmax,subgroup,finance_led,26.3158
CO-18,G5,41,volume,mean3,level,log_minmax,sector,equal,52.6316
CO-18,G5,41,volume,mean3,level,log_minmax,sector,env_led,52.6316
CO-18,G5,41,volume,mean3,level,log_minmax,sector,social_led,52.6316
CO-18,G5,41,volume,mean3,level,log_minmax,sector,finance_led,47.3684
CO-18,G5,42,volume,mean3,change,percentile,subgroup,equal,52.6316
CO-18,G5,42,volume,mean3,change,percentile,subgroup,env_led,52.6316
CO-18,G5,42,volume,mean3,change,percentile,subgroup,social_led,52.6316
CO-18,G5,42,volume,mean3,change,percentile,subgroup,finance_led,47.3684
CO-18,G5,43,volume,mean3,change,percentile,sector,equal,57.8947
CO-18,G5,43,volume,mean3,change,percentile,sector,env_led,57.8947
CO-18,G5,43,volume,mean3,change,percentile,sector,social_led,63.1579
CO-18,G5,43,volume,mean3,change,percentile,sector,finance_led,52.6316
CO-18,G5,44,volume,mean3,change,winsor_minmax,subgroup,equal,52.6316
CO-18,G5,44,volume,mean3,change,winsor_minmax,subgroup,env_led,47.3684
CO-18,G5,44,volume,mean3,change,winsor_minmax,subgroup,social_led,52.6316
CO-18,G5,44,volume,mean3,change,winsor_minmax,subgroup,finance_led,52.6316
CO-18,G5,45,volume,mean3,change,winsor_minmax,sector,equal,68.4211
CO-18,G5,45,volume,mean3,change,winsor_minmax,sector,env_led,63.1579
CO-18,G5,45,volume,mean3,change,winsor_minmax,sector,social_led,73.6842
CO-18,G5,45,volume,mean3,change,winsor_minmax,sector,finance_led,68.4211
CO-18,G5,46,volume,mean3,change,log_minmax,subgroup,equal,10.5263
CO-18,G5,46,volume,mean3,change,log_minmax,subgroup,env_led,26.3158
CO-18,G5,46,volume,mean3,change,log_minmax,subgroup,social_led,15.7895
CO-18,G5,46,volume,mean3,change,log_minmax,subgroup,finance_led,5.2632
CO-18,G5,47,volume,mean3,change,log_minmax,sector,equal,57.8947
CO-18,G5,47,volume,mean3,change,log_minmax,sector,env_led,52.6316
CO-18,G5,47,volume,mean3,change,log_minmax,sector,social_led,63.1579
CO-18,G5,47,volume,mean3,change,log_minmax,sector,finance_led,47.3684
CO-18,G5,48,headcount,latest,level,percentile,subgroup,equal,42.1053
CO-18,G5,48,headcount,latest,level,percentile,subgroup,env_led,57.8947
CO-18,G5,48,headcount,latest,level,percentile,subgroup,social_led,52.6316
CO-18,G5,48,headcount,latest,level,percentile,subgroup,finance_led,31.5789
CO-18,G5,49,headcount,latest,level,percentile,sector,equal,52.6316
CO-18,G5,49,headcount,latest,level,percentile,sector,env_led,52.6316
CO-18,G5,49,headcount,latest,level,percentile,sector,social_led,52.6316
CO-18,G5,49,headcount,latest,level,percentile,sector,finance_led,26.3158
CO-18,G5,50,headcount,latest,level,winsor_minmax,subgroup,equal,63.1579
CO-18,G5,50,headcount,latest,level,winsor_minmax,subgroup,env_led,68.4211
CO-18,G5,50,headcount,latest,level,winsor_minmax,subgroup,social_led,52.6316
CO-18,G5,50,headcount,latest,level,winsor_minmax,subgroup,finance_led,68.4211
CO-18,G5,51,headcount,latest,level,winsor_minmax,sector,equal,52.6316
CO-18,G5,51,headcount,latest,level,winsor_minmax,sector,env_led,52.6316
CO-18,G5,51,headcount,latest,level,winsor_minmax,sector,social_led,52.6316
CO-18,G5,51,headcount,latest,level,winsor_minmax,sector,finance_led,57.8947
CO-18,G5,52,headcount,latest,level,log_minmax,subgroup,equal,36.8421
CO-18,G5,52,headcount,latest,level,log_minmax,subgroup,env_led,42.1053
CO-18,G5,52,headcount,latest,level,log_minmax,subgroup,social_led,42.1053
CO-18,G5,52,headcount,latest,level,log_minmax,subgroup,finance_led,15.7895
CO-18,G5,53,headcount,latest,level,log_minmax,sector,equal,52.6316
CO-18,G5,53,headcount,latest,level,log_minmax,sector,env_led,52.6316
CO-18,G5,53,headcount,latest,level,log_minmax,sector,social_led,52.6316
CO-18,G5,53,headcount,latest,level,log_minmax,sector,finance_led,47.3684
CO-18,G5,54,headcount,latest,change,percentile,subgroup,equal,47.3684
CO-18,G5,54,headcount,latest,change,percentile,subgroup,env_led,52.6316
CO-18,G5,54,headcount,latest,change,percentile,subgroup,social_led,47.3684
CO-18,G5,54,headcount,latest,change,percentile,subgroup,finance_led,42.1053
CO-18,G5,55,headcount,latest,change,percentile,sector,equal,57.8947
CO-18,G5,55,headcount,latest,change,percentile,sector,env_led,63.1579
CO-18,G5,55,headcount,latest,change,percentile,sector,social_led,63.1579
CO-18,G5,55,headcount,latest,change,percentile,sector,finance_led,47.3684
CO-18,G5,56,headcount,latest,change,winsor_minmax,subgroup,equal,26.3158
CO-18,G5,56,headcount,latest,change,winsor_minmax,subgroup,env_led,47.3684
CO-18,G5,56,headcount,latest,change,winsor_minmax,subgroup,social_led,26.3158
CO-18,G5,56,headcount,latest,change,winsor_minmax,subgroup,finance_led,31.5789
CO-18,G5,57,headcount,latest,change,winsor_minmax,sector,equal,36.8421
CO-18,G5,57,headcount,latest,change,winsor_minmax,sector,env_led,68.4211
CO-18,G5,57,headcount,latest,change,winsor_minmax,sector,social_led,42.1053
CO-18,G5,57,headcount,latest,change,winsor_minmax,sector,finance_led,26.3158
CO-18,G5,58,headcount,latest,change,log_minmax,subgroup,equal,10.5263
CO-18,G5,58,headcount,latest,change,log_minmax,subgroup,env_led,10.5263
CO-18,G5,58,headcount,latest,change,log_minmax,subgroup,social_led,5.2632
CO-18,G5,58,headcount,latest,change,log_minmax,subgroup,finance_led,5.2632
CO-18,G5,59,headcount,latest,change,log_minmax,sector,equal,15.7895
CO-18,G5,59,headcount,latest,change,log_minmax,sector,env_led,52.6316
CO-18,G5,59,headcount,latest,change,log_minmax,sector,social_led,10.5263
CO-18,G5,59,headcount,latest,change,log_minmax,sector,finance_led,15.7895
CO-18,G5,60,headcount,mean3,level,percentile,subgroup,equal,52.6316
CO-18,G5,60,headcount,mean3,level,percentile,subgroup,env_led,57.8947
CO-18,G5,60,headcount,mean3,level,percentile,subgroup,social_led,63.1579
CO-18,G5,60,headcount,mean3,level,percentile,subgroup,finance_led,52.6316
CO-18,G5,61,headcount,mean3,level,percentile,sector,equal,52.6316
CO-18,G5,61,headcount,mean3,level,percentile,sector,env_led,52.6316
CO-18,G5,61,headcount,mean3,level,percentile,sector,social_led,52.6316
CO-18,G5,61,headcount,mean3,level,percentile,sector,finance_led,42.1053
CO-18,G5,62,headcount,mean3,level,winsor_minmax,subgroup,equal,52.6316
CO-18,G5,62,headcount,mean3,level,winsor_minmax,subgroup,env_led,52.6316
CO-18,G5,62,headcount,mean3,level,winsor_minmax,subgroup,social_led,52.6316
CO-18,G5,62,headcount,mean3,level,winsor_minmax,subgroup,finance_led,57.8947
CO-18,G5,63,headcount,mean3,level,winsor_minmax,sector,equal,52.6316
CO-18,G5,63,headcount,mean3,level,winsor_minmax,sector,env_led,52.6316
CO-18,G5,63,headcount,mean3,level,winsor_minmax,sector,social_led,57.8947
CO-18,G5,63,headcount,mean3,level,winsor_minmax,sector,finance_led,42.1053
CO-18,G5,64,headcount,mean3,level,log_minmax,subgroup,equal,52.6316
CO-18,G5,64,headcount,mean3,level,log_minmax,subgroup,env_led,52.6316
CO-18,G5,64,headcount,mean3,level,log_minmax,subgroup,social_led,52.6316
CO-18,G5,64,headcount,mean3,level,log_minmax,subgroup,finance_led,31.5789
CO-18,G5,65,headcount,mean3,level,log_minmax,sector,equal,52.6316
CO-18,G5,65,headcount,mean3,level,log_minmax,sector,env_led,52.6316
CO-18,G5,65,headcount,mean3,level,log_minmax,sector,social_led,52.6316
CO-18,G5,65,headcount,mean3,level,log_minmax,sector,finance_led,47.3684
CO-18,G5,66,headcount,mean3,change,percentile,subgroup,equal,52.6316
CO-18,G5,66,headcount,mean3,change,percentile,subgroup,env_led,52.6316
CO-18,G5,66,headcount,mean3,change,percentile,subgroup,social_led,52.6316
CO-18,G5,66,headcount,mean3,change,percentile,subgroup,finance_led,52.6316
CO-18,G5,67,headcount,mean3,change,percentile,sector,equal,57.8947
CO-18,G5,67,headcount,mean3,change,percentile,sector,env_led,57.8947
CO-18,G5,67,headcount,mean3,change,percentile,sector,social_led,63.1579
CO-18,G5,67,headcount,mean3,change,percentile,sector,finance_led,52.6316
CO-18,G5,68,headcount,mean3,change,winsor_minmax,subgroup,equal,52.6316
CO-18,G5,68,headcount,mean3,change,winsor_minmax,subgroup,env_led,47.3684
CO-18,G5,68,headcount,mean3,change,winsor_minmax,subgroup,social_led,52.6316
CO-18,G5,68,headcount,mean3,change,winsor_minmax,subgroup,finance_led,52.6316
CO-18,G5,69,headcount,mean3,change,winsor_minmax,sector,equal,68.4211
CO-18,G5,69,headcount,mean3,change,winsor_minmax,sector,env_led,63.1579
CO-18,G5,69,headcount,mean3,change,winsor_minmax,sector,social_led,73.6842
CO-18,G5,69,headcount,mean3,change,winsor_minmax,sector,finance_led,68.4211
CO-18,G5,70,headcount,mean3,change,log_minmax,subgroup,equal,15.7895
CO-18,G5,70,headcount,mean3,change,log_minmax,subgroup,env_led,21.0526
CO-18,G5,70,headcount,mean3,change,log_minmax,subgroup,social_led,15.7895
CO-18,G5,70,headcount,mean3,change,log_minmax,subgroup,finance_led,10.5263
CO-18,G5,71,headcount,mean3,change,log_minmax,sector,equal,63.1579
CO-18,G5,71,headcount,mean3,change,log_minmax,sector,env_led,57.8947
CO-18,G5,71,headcount,mean3,change,log_minmax,sector,social_led,63.1579
CO-18,G5,71,headcount,mean3,change,log_minmax,sector,finance_led,57.8947
CO-19,G5,0,revenue,latest,level,percentile,subgroup,equal,78.9474
CO-19,G5,0,revenue,latest,level,percentile,subgroup,env_led,84.2105
CO-19,G5,0,revenue,latest,level,percentile,subgroup,social_led,84.2105
CO-19,G5,0,revenue,latest,level,percentile,subgroup,finance_led,52.6316
CO-19,G5,1,revenue,latest,level,percentile,sector,equal,89.4737
CO-19,G5,1,revenue,latest,level,percentile,sector,env_led,94.7368
CO-19,G5,1,revenue,latest,level,percentile,sector,social_led,94.7368
CO-19,G5,1,revenue,latest,level,percentile,sector,finance_led,68.4211
CO-19,G5,2,revenue,latest,level,winsor_minmax,subgroup,equal,78.9474
CO-19,G5,2,revenue,latest,level,winsor_minmax,subgroup,env_led,78.9474
CO-19,G5,2,revenue,latest,level,winsor_minmax,subgroup,social_led,73.6842
CO-19,G5,2,revenue,latest,level,winsor_minmax,subgroup,finance_led,47.3684
CO-19,G5,3,revenue,latest,level,winsor_minmax,sector,equal,78.9474
CO-19,G5,3,revenue,latest,level,winsor_minmax,sector,env_led,89.4737
CO-19,G5,3,revenue,latest,level,winsor_minmax,sector,social_led,78.9474
CO-19,G5,3,revenue,latest,level,winsor_minmax,sector,finance_led,47.3684
CO-19,G5,4,revenue,latest,level,log_minmax,subgroup,equal,84.2105
CO-19,G5,4,revenue,latest,level,log_minmax,subgroup,env_led,89.4737
CO-19,G5,4,revenue,latest,level,log_minmax,subgroup,social_led,84.2105
CO-19,G5,4,revenue,latest,level,log_minmax,subgroup,finance_led,73.6842
CO-19,G5,5,revenue,latest,level,log_minmax,sector,equal,94.7368
CO-19,G5,5,revenue,latest,level,log_minmax,sector,env_led,100.0
CO-19,G5,5,revenue,latest,level,log_minmax,sector,social_led,94.7368
CO-19,G5,5,revenue,latest,level,log_minmax,sector,finance_led,89.4737
CO-19,G5,6,revenue,latest,change,percentile,subgroup,equal,63.1579
CO-19,G5,6,revenue,latest,change,percentile,subgroup,env_led,73.6842
CO-19,G5,6,revenue,latest,change,percentile,subgroup,social_led,63.1579
CO-19,G5,6,revenue,latest,change,percentile,subgroup,finance_led,47.3684
CO-19,G5,7,revenue,latest,change,percentile,sector,equal,78.9474
CO-19,G5,7,revenue,latest,change,percentile,sector,env_led,84.2105
CO-19,G5,7,revenue,latest,change,percentile,sector,social_led,78.9474
CO-19,G5,7,revenue,latest,change,percentile,sector,finance_led,63.1579
CO-19,G5,8,revenue,latest,change,winsor_minmax,subgroup,equal,68.4211
CO-19,G5,8,revenue,latest,change,winsor_minmax,subgroup,env_led,73.6842
CO-19,G5,8,revenue,latest,change,winsor_minmax,subgroup,social_led,63.1579
CO-19,G5,8,revenue,latest,change,winsor_minmax,subgroup,finance_led,42.1053
CO-19,G5,9,revenue,latest,change,winsor_minmax,sector,equal,78.9474
CO-19,G5,9,revenue,latest,change,winsor_minmax,sector,env_led,78.9474
CO-19,G5,9,revenue,latest,change,winsor_minmax,sector,social_led,78.9474
CO-19,G5,9,revenue,latest,change,winsor_minmax,sector,finance_led,63.1579
CO-19,G5,10,revenue,latest,change,log_minmax,subgroup,equal,15.7895
CO-19,G5,10,revenue,latest,change,log_minmax,subgroup,env_led,47.3684
CO-19,G5,10,revenue,latest,change,log_minmax,subgroup,social_led,21.0526
CO-19,G5,10,revenue,latest,change,log_minmax,subgroup,finance_led,15.7895
CO-19,G5,11,revenue,latest,change,log_minmax,sector,equal,63.1579
CO-19,G5,11,revenue,latest,change,log_minmax,sector,env_led,84.2105
CO-19,G5,11,revenue,latest,change,log_minmax,sector,social_led,68.4211
CO-19,G5,11,revenue,latest,change,log_minmax,sector,finance_led,42.1053
CO-19,G5,12,revenue,mean3,level,percentile,subgroup,equal,94.7368
CO-19,G5,12,revenue,mean3,level,percentile,subgroup,env_led,94.7368
CO-19,G5,12,revenue,mean3,level,percentile,subgroup,social_led,94.7368
CO-19,G5,12,revenue,mean3,level,percentile,subgroup,finance_led,84.2105
CO-19,G5,13,revenue,mean3,level,percentile,sector,equal,100.0
CO-19,G5,13,revenue,mean3,level,percentile,sector,env_led,100.0
CO-19,G5,13,revenue,mean3,level,percentile,sector,social_led,100.0
CO-19,G5,13,revenue,mean3,level,percentile,sector,finance_led,89.4737
CO-19,G5,14,revenue,mean3,level,winsor_minmax,subgroup,equal,94.7368
CO-19,G5,14,revenue,mean3,level,winsor_minmax,subgroup,env_led,94.7368
CO-19,G5,14,revenue,mean3,level,winsor_minmax,subgroup,social_led,94.7368
CO-19,G5,14,revenue,mean3,level,winsor_minmax,subgroup,finance_led,89.4737
CO-19,G5,15,revenue,mean3,level,winsor_minmax,sector,equal,100.0
CO-19,G5,15,revenue,mean3,level,winsor_minmax,sector,env_led,100.0
CO-19,G5,15,revenue,mean3,level,winsor_minmax,sector,social_led,100.0
CO-19,G5,15,revenue,mean3,level,winsor_minmax,sector,finance_led,84.2105
CO-19,G5,16,revenue,mean3,level,log_minmax,subgroup,equal,94.7368
CO-19,G5,16,revenue,mean3,level,log_minmax,subgroup,env_led,94.7368
CO-19,G5,16,revenue,mean3,level,log_minmax,subgroup,social_led,94.7368
CO-19,G5,16,revenue,mean3,level,log_minmax,subgroup,finance_led,94.7368
CO-19,G5,17,revenue,mean3,level,log_minmax,sector,equal,100.0
CO-19,G5,17,revenue,mean3,level,log_minmax,sector,env_led,100.0
CO-19,G5,17,revenue,mean3,level,log_minmax,sector,social_led,100.0
CO-19,G5,17,revenue,mean3,level,log_minmax,sector,finance_led,100.0
CO-19,G5,18,revenue,mean3,change,percentile,subgroup,equal,89.4737
CO-19,G5,18,revenue,mean3,change,percentile,subgroup,env_led,89.4737
CO-19,G5,18,revenue,mean3,change,percentile,subgroup,social_led,84.2105
CO-19,G5,18,revenue,mean3,change,percentile,subgroup,finance_led,94.7368
CO-19,G5,19,revenue,mean3,change,percentile,sector,equal,100.0
CO-19,G5,19,revenue,mean3,change,percentile,sector,env_led,100.0
CO-19,G5,19,revenue,mean3,change,percentile,sector,social_led,100.0
CO-19,G5,19,revenue,mean3,change,percentile,sector,finance_led,94.7368
CO-19,G5,20,revenue,mean3,change,winsor_minmax,subgroup,equal,84.2105
CO-19,G5,20,revenue,mean3,change,winsor_minmax,subgroup,env_led,84.2105
CO-19,G5,20,revenue,mean3,change,winsor_minmax,subgroup,social_led,84.2105
CO-19,G5,20,revenue,mean3,change,winsor_minmax,subgroup,finance_led,84.2105
CO-19,G5,21,revenue,mean3,change,winsor_minmax,sector,equal,100.0
CO-19,G5,21,revenue,mean3,change,winsor_minmax,sector,env_led,100.0
CO-19,G5,21,revenue,mean3,change,winsor_minmax,sector,social_led,100.0
CO-19,G5,21,revenue,mean3,change,winsor_minmax,sector,finance_led,89.4737
CO-19,G5,22,revenue,mean3,change,log_minmax,subgroup,equal,84.2105
CO-19,G5,22,revenue,mean3,change,log_minmax,subgroup,env_led,84.2105
CO-19,G5,22,revenue,mean3,change,log_minmax,subgroup,social_led,84.2105
CO-19,G5,22,revenue,mean3,change,log_minmax,subgroup,finance_led,84.2105
CO-19,G5,23,revenue,mean3,change,log_minmax,sector,equal,100.0
CO-19,G5,23,revenue,mean3,change,log_minmax,sector,env_led,100.0
CO-19,G5,23,revenue,mean3,change,log_minmax,sector,social_led,100.0
CO-19,G5,23,revenue,mean3,change,log_minmax,sector,finance_led,100.0
CO-19,G5,24,volume,latest,level,percentile,subgroup,equal,78.9474
CO-19,G5,24,volume,latest,level,percentile,subgroup,env_led,78.9474
CO-19,G5,24,volume,latest,level,percentile,subgroup,social_led,84.2105
CO-19,G5,24,volume,latest,level,percentile,subgroup,finance_led,68.4211
CO-19,G5,25,volume,latest,level,percentile,sector,equal,94.7368
CO-19,G5,25,volume,latest,level,percentile,sector,env_led,94.7368
CO-19,G5,25,volume,latest,level,percentile,sector,social_led,94.7368
CO-19,G5,25,volume,latest,level,percentile,sector,finance_led,73.6842
CO-19,G5,26,volume,latest,level,winsor_minmax,subgroup,equal,78.9474
CO-19,G5,26,volume,latest,level,winsor_minmax,subgroup,env_led,78.9474
CO-19,G5,26,volume,latest,level,winsor_minmax,subgroup,social_led,73.6842
CO-19,G5,26,volume,latest,level,winsor_minmax,subgroup,finance_led,63.1579
CO-19,G5,27,volume,latest,level,winsor_minmax,sector,equal,78.9474
CO-19,G5,27,volume,latest,level,winsor_minmax,sector,env_led,89.4737
CO-19,G5,27,volume,latest,level,winsor_minmax,sector,social_led,84.2105
CO-19,G5,27,volume,latest,level,winsor_minmax,sector,finance_led,47.3684
CO-19,G5,28,volume,latest,level,log_minmax,subgroup,equal,78.9474
CO-19,G5,28,volume,latest,level,log_minmax,subgroup,env_led,78.9474
CO-19,G5,28,volume,latest,level,log_minmax,subgroup,social_led,84.2105
CO-19,G5,28,volume,latest,level,log_minmax,subgroup,finance_led,73.6842
CO-19,G5,29,volume,latest,level,log_minmax,sector,equal,94.7368
CO-19,G5,29,volume,latest,level,log_minmax,sector,env_led,94.7368
CO-19,G5,29,volume,latest,level,log_minmax,sector,social_led,94.7368
CO-19,G5,29,volume,latest,level,log_minmax,sector,finance_led,89.4737
CO-19,G5,30,volume,latest,change,percentile,subgroup,equal,63.1579
CO-19,G5,30,volume,latest,change,percentile,subgroup,env_led,68.4211
CO-19,G5,30,volume,latest,change,percentile,subgroup,social_led,63.1579
CO-19,G5,30,volume,latest,change,percentile,subgroup,finance_led,52.6316
CO-19,G5,31,volume,latest,change,percentile,sector,equal,78.9474
CO-19,G5,31,volume,latest,change,percentile,sector,env_led,84.2105
CO-19,G5,31,volume,latest,change,percentile,sector,social_led,78.9474
CO-19,G5,31,volume,latest,change,percentile,sector,finance_led,63.1579
CO-19,G5,32,volume,latest,change,winsor_minmax,subgroup,equal,73.6842
CO-19,G5,32,volume,latest,change,winsor_minmax,subgroup,env_led,73.6842
CO-19,G5,32,volume,latest,change,winsor_minmax,subgroup,social_led,68.4211
CO-19,G5,32,volume,latest,change,winsor_minmax,subgroup,finance_led,57.8947
CO-19,G5,33,volume,latest,change,winsor_minmax,sector,equal,78.9474
CO-19,G5,33,volume,latest,change,winsor_minmax,sector,env_led,78.9474
CO-19,G5,33,volume,latest,change,winsor_minmax,sector,social_led,78.9474
CO-19,G5,33,volume,latest,change,winsor_minmax,sector,finance_led,63.1579
CO-19,G5,34,volume,latest,change,log_minmax,subgroup,equal,21.0526
CO-19,G5,34,volume,latest,change,log_minmax,subgroup,env_led,42.1053
CO-19,G5,34,volume,latest,change,log_minmax,subgroup,social_led,26.3158
CO-19,G5,34,volume,latest,change,log_minmax,subgroup,finance_led,21.0526
CO-19,G5,35,volume,latest,change,log_minmax,sector,equal,68.4211
CO-19,G5,35,volume,latest,change,log_minmax,sector,env_led,84.2105
CO-19,G5,35,volume,latest,change,log_minmax,sector,social_led,73.6842
CO-19,G5,35,volume,latest,change,log_minmax,sector,finance_led,31.5789
CO-19,G5,36,volume,mean3,level,percentile,subgroup,equal,89.4737
CO-19,G5,36,volume,mean3,level,percentile,subgroup,env_led,89.4737
CO-19,G5,36,volume,mean3,level,percentile,subgroup,social_led,89.4737
CO-19,G5,36,volume,mean3,level,percentile,subgroup,finance_led,89.4737
CO-19,G5,37,volume,mean3,level,percentile,sector,equal,100.0
CO-19,G5,37,volume,mean3,level,percentile,sector,env_led,100.0
CO-19,G5,37,volume,mean3,level,percentile,sector,social_led,100.0
CO-19,G5,37,volume,mean3,level,percentile,sector,finance_led,100.0
CO-19,G5,38,volume,mean3,level,winsor_minmax,subgroup,equal,94.7368
CO-19,G5,38,volume,mean3,level,winsor_minmax,subgroup,env_led,94.7368
CO-19,G5,38,volume,mean3,level,winsor_minmax,subgroup,social_led,94.7368
CO-19,G5,38,volume,mean3,level,winsor_minmax,subgroup,finance_led,89.4737
CO-19,G5,39,volume,mean3,level,winsor_minmax,sector,equal,100.0
CO-19,G5,39,volume,mean3,level,winsor_minmax,sector,env_led,100.0
CO-19,G5,39,volume,mean3,level,winsor_minmax,sector,social_led,100.0
CO-19,G5,39,volume,mean3,level,winsor_minmax,sector,finance_led,84.2105
CO-19,G5,40,volume,mean3,level,log_minmax,subgroup,equal,94.7368
CO-19,G5,40,volume,mean3,level,log_minmax,subgroup,env_led,94.7368
CO-19,G5,40,volume,mean3,level,log_minmax,subgroup,social_led,94.7368
CO-19,G5,40,volume,mean3,level,log_minmax,subgroup,finance_led,89.4737
CO-19,G5,41,volume,mean3,level,log_minmax,sector,equal,100.0
CO-19,G5,41,volume,mean3,level,log_minmax,sector,env_led,100.0
CO-19,G5,41,volume,mean3,level,log_minmax,sector,social_led,100.0
CO-19,G5,41,volume,mean3,level,log_minmax,sector,finance_led,100.0
CO-19,G5,42,volume,mean3,change,percentile,subgroup,equal,84.2105
CO-19,G5,42,volume,mean3,change,percentile,subgroup,env_led,84.2105
CO-19,G5,42,volume,mean3,change,percentile,subgroup,social_led,84.2105
CO-19,G5,42,volume,mean3,change,percentile,subgroup,finance_led,89.4737
CO-19,G5,43,volume,mean3,change,percentile,sector,equal,100.0
CO-19,G5,43,volume,mean3,change,percentile,sector,env_led,100.0
CO-19,G5,43,volume,mean3,change,percentile,sector,social_led,100.0
CO-19,G5,43,volume,mean3,change,percentile,sector,finance_led,94.7368
CO-19,G5,44,volume,mean3,change,winsor_minmax,subgroup,equal,84.2105
CO-19,G5,44,volume,mean3,change,winsor_minmax,subgroup,env_led,84.2105
CO-19,G5,44,volume,mean3,change,winsor_minmax,subgroup,social_led,84.2105
CO-19,G5,44,volume,mean3,change,winsor_minmax,subgroup,finance_led,84.2105
CO-19,G5,45,volume,mean3,change,winsor_minmax,sector,equal,100.0
CO-19,G5,45,volume,mean3,change,winsor_minmax,sector,env_led,100.0
CO-19,G5,45,volume,mean3,change,winsor_minmax,sector,social_led,100.0
CO-19,G5,45,volume,mean3,change,winsor_minmax,sector,finance_led,94.7368
CO-19,G5,46,volume,mean3,change,log_minmax,subgroup,equal,84.2105
CO-19,G5,46,volume,mean3,change,log_minmax,subgroup,env_led,84.2105
CO-19,G5,46,volume,mean3,change,log_minmax,subgroup,social_led,84.2105
CO-19,G5,46,volume,mean3,change,log_minmax,subgroup,finance_led,84.2105
CO-19,G5,47,volume,mean3,change,log_minmax,sector,equal,100.0
CO-19,G5,47,volume,mean3,change,log_minmax,sector,env_led,100.0
CO-19,G5,47,volume,mean3,change,log_minmax,sector,social_led,100.0
CO-19,G5,47,volume,mean3,change,log_minmax,sector,finance_led,100.0
CO-19,G5,48,headcount,latest,level,percentile,subgroup,equal,73.6842
CO-19,G5,48,headcount,latest,level,percentile,subgroup,env_led,84.2105
CO-19,G5,48,headcount,latest,level,percentile,subgroup,social_led,84.2105
CO-19,G5,48,headcount,latest,level,percentile,subgroup,finance_led,68.4211
CO-19,G5,49,headcount,latest,level,percentile,sector,equal,89.4737
CO-19,G5,49,headcount,latest,level,percentile,sector,env_led,100.0
CO-19,G5,49,headcount,latest,level,percentile,sector,social_led,94.7368
CO-19,G5,49,headcount,latest,level,percentile,sector,finance_led,63.1579
CO-19,G5,50,headcount,latest,level,winsor_minmax,subgroup,equal,73.6842
CO-19,G5,50,headcount,latest,level,winsor_minmax,subgroup,env_led,78.9474
CO-19,G5,50,headcount,latest,level,winsor_minmax,subgroup,social_led,73.6842
CO-19,G5,50,headcount,latest,level,winsor_minmax,subgroup,finance_led,57.8947
CO-19,G5,51,headcount,latest,level,winsor_minmax,sector,equal,78.9474
CO-19,G5,51,headcount,latest,level,winsor_minmax,sector,env_led,84.2105
CO-19,G5,51,headcount,latest,level,winsor_minmax,sector,social_led,78.9474
CO-19,G5,51,headcount,latest,level,winsor_minmax,sector,finance_led,36.8421
CO-19,G5,52,headcount,latest,level,log_minmax,subgroup,equal,78.9474
CO-19,G5,52,headcount,latest,level,log_minmax,subgroup,env_led,84.2105
CO-19,G5,52,headcount,latest,level,log_minmax,subgroup,social_led,84.2105
CO-19,G5,52,headcount,latest,level,log_minmax,subgroup,finance_led,73.6842
CO-19,G5,53,headcount,latest,level,log_minmax,sector,equal,94.7368
CO-19,G5,53,headcount,latest,level,log_minmax,sector,env_led,100.0
CO-19,G5,53,headcount,latest,level,log_minmax,sector,social_led,94.7368
CO-19,G5,53,headcount,latest,level,log_minmax,sector,finance_led,89.4737
CO-19,G5,54,headcount,latest,change,percentile,subgroup,equal,63.1579
CO-19,G5,54,headcount,latest,change,percentile,subgroup,env_led,68.4211
CO-19,G5,54,headcount,latest,change,percentile,subgroup,social_led,57.8947
CO-19,G5,54,headcount,latest,change,percentile,subgroup,finance_led,47.3684
CO-19,G5,55,headcount,latest,change,percentile,sector,equal,78.9474
CO-19,G5,55,headcount,latest,change,percentile,sector,env_led,84.2105
CO-19,G5,55,headcount,latest,change,percentile,sector,social_led,78.9474
CO-19,G5,55,headcount,latest,change,percentile,sector,finance_led,63.1579
CO-19,G5,56,headcount,latest,change,winsor_minmax,subgroup,equal,73.6842
CO-19,G5,56,headcount,latest,change,winsor_minmax,subgroup,env_led,73.6842
CO-19,G5,56,headcount,latest,change,winsor_minmax,subgroup,social_led,63.1579
CO-19,G5,56,headcount,latest,change,winsor_minmax,subgroup,finance_led,47.3684
CO-19,G5,57,headcount,latest,change,winsor_minmax,sector,equal,78.9474
CO-19,G5,57,headcount,latest,change,winsor_minmax,sector,env_led,78.9474
CO-19,G5,57,headcount,latest,change,winsor_minmax,sector,social_led,78.9474
CO-19,G5,57,headcount,latest,change,winsor_minmax,sector,finance_led,63.1579
CO-19,G5,58,headcount,latest,change,log_minmax,subgroup,equal,15.7895
CO-19,G5,58,headcount,latest,change,log_minmax,subgroup,env_led,42.1053
CO-19,G5,58,headcount,latest,change,log_minmax,subgroup,social_led,21.0526
CO-19,G5,58,headcount,latest,change,log_minmax,subgroup,finance_led,15.7895
CO-19,G5,59,headcount,latest,change,log_minmax,sector,equal,68.4211
CO-19,G5,59,headcount,latest,change,log_minmax,sector,env_led,84.2105
CO-19,G5,59,headcount,latest,change,log_minmax,sector,social_led,78.9474
CO-19,G5,59,headcount,latest,change,log_minmax,sector,finance_led,42.1053
CO-19,G5,60,headcount,mean3,level,percentile,subgroup,equal,94.7368
CO-19,G5,60,headcount,mean3,level,percentile,subgroup,env_led,94.7368
CO-19,G5,60,headcount,mean3,level,percentile,subgroup,social_led,89.4737
CO-19,G5,60,headcount,mean3,level,percentile,subgroup,finance_led,94.7368
CO-19,G5,61,headcount,mean3,level,percentile,sector,equal,100.0
CO-19,G5,61,headcount,mean3,level,percentile,sector,env_led,100.0
CO-19,G5,61,headcount,mean3,level,percentile,sector,social_led,100.0
CO-19,G5,61,headcount,mean3,level,percentile,sector,finance_led,100.0
CO-19,G5,62,headcount,mean3,level,winsor_minmax,subgroup,equal,94.7368
CO-19,G5,62,headcount,mean3,level,winsor_minmax,subgroup,env_led,94.7368
CO-19,G5,62,headcount,mean3,level,winsor_minmax,subgroup,social_led,94.7368
CO-19,G5,62,headcount,mean3,level,winsor_minmax,subgroup,finance_led,89.4737
CO-19,G5,63,headcount,mean3,level,winsor_minmax,sector,equal,100.0
CO-19,G5,63,headcount,mean3,level,winsor_minmax,sector,env_led,100.0
CO-19,G5,63,headcount,mean3,level,winsor_minmax,sector,social_led,100.0
CO-19,G5,63,headcount,mean3,level,winsor_minmax,sector,finance_led,73.6842
CO-19,G5,64,headcount,mean3,level,log_minmax,subgroup,equal,94.7368
CO-19,G5,64,headcount,mean3,level,log_minmax,subgroup,env_led,94.7368
CO-19,G5,64,headcount,mean3,level,log_minmax,subgroup,social_led,94.7368
CO-19,G5,64,headcount,mean3,level,log_minmax,subgroup,finance_led,94.7368
CO-19,G5,65,headcount,mean3,level,log_minmax,sector,equal,100.0
CO-19,G5,65,headcount,mean3,level,log_minmax,sector,env_led,100.0
CO-19,G5,65,headcount,mean3,level,log_minmax,sector,social_led,100.0
CO-19,G5,65,headcount,mean3,level,log_minmax,sector,finance_led,100.0
CO-19,G5,66,headcount,mean3,change,percentile,subgroup,equal,84.2105
CO-19,G5,66,headcount,mean3,change,percentile,subgroup,env_led,84.2105
CO-19,G5,66,headcount,mean3,change,percentile,subgroup,social_led,84.2105
CO-19,G5,66,headcount,mean3,change,percentile,subgroup,finance_led,94.7368
CO-19,G5,67,headcount,mean3,change,percentile,sector,equal,100.0
CO-19,G5,67,headcount,mean3,change,percentile,sector,env_led,100.0
CO-19,G5,67,headcount,mean3,change,percentile,sector,social_led,100.0
CO-19,G5,67,headcount,mean3,change,percentile,sector,finance_led,94.7368
CO-19,G5,68,headcount,mean3,change,winsor_minmax,subgroup,equal,84.2105
CO-19,G5,68,headcount,mean3,change,winsor_minmax,subgroup,env_led,84.2105
CO-19,G5,68,headcount,mean3,change,winsor_minmax,subgroup,social_led,84.2105
CO-19,G5,68,headcount,mean3,change,winsor_minmax,subgroup,finance_led,78.9474
CO-19,G5,69,headcount,mean3,change,winsor_minmax,sector,equal,100.0
CO-19,G5,69,headcount,mean3,change,winsor_minmax,sector,env_led,100.0
CO-19,G5,69,headcount,mean3,change,winsor_minmax,sector,social_led,100.0
CO-19,G5,69,headcount,mean3,change,winsor_minmax,sector,finance_led,89.4737
CO-19,G5,70,headcount,mean3,change,log_minmax,subgroup,equal,84.2105
CO-19,G5,70,headcount,mean3,change,log_minmax,subgroup,env_led,84.2105
CO-19,G5,70,headcount,mean3,change,log_minmax,subgroup,social_led,84.2105
CO-19,G5,70,headcount,mean3,change,log_minmax,subgroup,finance_led,84.2105
CO-19,G5,71,headcount,mean3,change,log_minmax,sector,equal,100.0
CO-19,G5,71,headcount,mean3,change,log_minmax,sector,env_led,100.0
CO-19,G5,71,headcount,mean3,change,log_minmax,sector,social_led,100.0
CO-19,G5,71,headcount,mean3,change,log_minmax,sector,finance_led,100.0
CO-20,G5,0,revenue,latest,level,percentile,subgroup,equal,94.7368
CO-20,G5,0,revenue,latest,level,percentile,subgroup,env_led,89.4737
CO-20,G5,0,revenue,latest,level,percentile,subgroup,social_led,94.7368
CO-20,G5,0,revenue,latest,level,percentile,subgroup,finance_led,94.7368
CO-20,G5,1,revenue,latest,level,percentile,sector,equal,100.0
CO-20,G5,1,revenue,latest,level,percentile,sector,env_led,100.0
CO-20,G5,1,revenue,latest,level,percentile,sector,social_led,100.0
CO-20,G5,1,revenue,latest,level,percentile,sector,finance_led,100.0
CO-20,G5,2,revenue,latest,level,winsor_minmax,subgroup,equal,100.0
CO-20,G5,2,revenue,latest,level,winsor_minmax,subgroup,env_led,100.0
CO-20,G5,2,revenue,latest,level,winsor_minmax,subgroup,social_led,100.0
CO-20,G5,2,revenue,latest,level,winsor_minmax,subgroup,finance_led,94.7368
CO-20,G5,3,revenue,latest,level,winsor_minmax,sector,equal,100.0
CO-20,G5,3,revenue,latest,level,winsor_minmax,sector,env_led,100.0
CO-20,G5,3,revenue,latest,level,winsor_minmax,sector,social_led,100.0
CO-20,G5,3,revenue,latest,level,winsor_minmax,sector,finance_led,100.0
CO-20,G5,4,revenue,latest,level,log_minmax,subgroup,equal,89.4737
CO-20,G5,4,revenue,latest,level,log_minmax,subgroup,env_led,78.9474
CO-20,G5,4,revenue,latest,level,log_minmax,subgroup,social_led,89.4737
CO-20,G5,4,revenue,latest,level,log_minmax,subgroup,finance_led,94.7368
CO-20,G5,5,revenue,latest,level,log_minmax,sector,equal,100.0
CO-20,G5,5,revenue,latest,level,log_minmax,sector,env_led,94.7368
CO-20,G5,5,revenue,latest,level,log_minmax,sector,social_led,100.0
CO-20,G5,5,revenue,latest,level,log_minmax,sector,finance_led,100.0
CO-20,G5,6,revenue,latest,change,percentile,subgroup,equal,89.4737
CO-20,G5,6,revenue,latest,change,percentile,subgroup,env_led,78.9474
CO-20,G5,6,revenue,latest,change,percentile,subgroup,social_led,89.4737
CO-20,G5,6,revenue,latest,change,percentile,subgroup,finance_led,94.7368
CO-20,G5,7,revenue,latest,change,percentile,sector,equal,94.7368
CO-20,G5,7,revenue,latest,change,percentile,sector,env_led,89.4737
CO-20,G5,7,revenue,latest,change,percentile,sector,social_led,94.7368
CO-20,G5,7,revenue,latest,change,percentile,sector,finance_led,100.0
CO-20,G5,8,revenue,latest,change,winsor_minmax,subgroup,equal,94.7368
CO-20,G5,8,revenue,latest,change,winsor_minmax,subgroup,env_led,84.2105
CO-20,G5,8,revenue,latest,change,winsor_minmax,subgroup,social_led,94.7368
CO-20,G5,8,revenue,latest,change,winsor_minmax,subgroup,finance_led,94.7368
CO-20,G5,9,revenue,latest,change,winsor_minmax,sector,equal,100.0
CO-20,G5,9,revenue,latest,change,winsor_minmax,sector,env_led,100.0
CO-20,G5,9,revenue,latest,change,winsor_minmax,sector,social_led,100.0
CO-20,G5,9,revenue,latest,change,winsor_minmax,sector,finance_led,100.0
CO-20,G5,10,revenue,latest,change,log_minmax,subgroup,equal,73.6842
CO-20,G5,10,revenue,latest,change,log_minmax,subgroup,env_led,78.9474
CO-20,G5,10,revenue,latest,change,log_minmax,subgroup,social_led,73.6842
CO-20,G5,10,revenue,latest,change,log_minmax,subgroup,finance_led,68.4211
CO-20,G5,11,revenue,latest,change,log_minmax,sector,equal,89.4737
CO-20,G5,11,revenue,latest,change,log_minmax,sector,env_led,89.4737
CO-20,G5,11,revenue,latest,change,log_minmax,sector,social_led,89.4737
CO-20,G5,11,revenue,latest,change,log_minmax,sector,finance_led,89.4737
CO-20,G5,12,revenue,mean3,level,percentile,subgroup,equal,84.2105
CO-20,G5,12,revenue,mean3,level,percentile,subgroup,env_led,84.2105
CO-20,G5,12,revenue,mean3,level,percentile,subgroup,social_led,84.2105
CO-20,G5,12,revenue,mean3,level,percentile,subgroup,finance_led,89.4737
CO-20,G5,13,revenue,mean3,level,percentile,sector,equal,94.7368
CO-20,G5,13,revenue,mean3,level,percentile,sector,env_led,94.7368
CO-20,G5,13,revenue,mean3,level,percentile,sector,social_led,94.7368
CO-20,G5,13,revenue,mean3,level,percentile,sector,finance_led,100.0
CO-20,G5,14,revenue,mean3,level,winsor_minmax,subgroup,equal,89.4737
CO-20,G5,14,revenue,mean3,level,winsor_minmax,subgroup,env_led,89.4737
CO-20,G5,14,revenue,mean3,level,winsor_minmax,subgroup,social_led,89.4737
CO-20,G5,14,revenue,mean3,level,winsor_minmax,subgroup,finance_led,94.7368
CO-20,G5,15,revenue,mean3,level,winsor_minmax,sector,equal,94.7368
CO-20,G5,15,revenue,mean3,level,winsor_minmax,sector,env_led,94.7368
CO-20,G5,15,revenue,mean3,level,winsor_minmax,sector,social_led,94.7368
CO-20,G5,15,revenue,mean3,level,winsor_minmax,sector,finance_led,89.4737
CO-20,G5,16,revenue,mean3,level,log_minmax,subgroup,equal,78.9474
CO-20,G5,16,revenue,mean3,level,log_minmax,subgroup,env_led,73.6842
CO-20,G5,16,revenue,mean3,level,log_minmax,subgroup,social_led,78.9474
CO-20,G5,16,revenue,mean3,level,log_minmax,subgroup,finance_led,78.9474
CO-20,G5,17,revenue,mean3,level,log_minmax,sector,equal,94.7368
CO-20,G5,17,revenue,mean3,level,log_minmax,sector,env_led,94.7368
CO-20,G5,17,revenue,mean3,level,log_minmax,sector,social_led,94.7368
CO-20,G5,17,revenue,mean3,level,log_minmax,sector,finance_led,94.7368
CO-20,G5,18,revenue,mean3,change,percentile,subgroup,equal,73.6842
CO-20,G5,18,revenue,mean3,change,percentile,subgroup,env_led,73.6842
CO-20,G5,18,revenue,mean3,change,percentile,subgroup,social_led,73.6842
CO-20,G5,18,revenue,mean3,change,percentile,subgroup,finance_led,68.4211
CO-20,G5,19,revenue,mean3,change,percentile,sector,equal,89.4737
CO-20,G5,19,revenue,mean3,change,percentile,sector,env_led,89.4737
CO-20,G5,19,revenue,mean3,change,percentile,sector,social_led,89.4737
CO-20,G5,19,revenue,mean3,change,percentile,sector,finance_led,84.2105
CO-20,G5,20,revenue,mean3,change,winsor_minmax,subgroup,equal,73.6842
CO-20,G5,20,revenue,mean3,change,winsor_minmax,subgroup,env_led,73.6842
CO-20,G5,20,revenue,mean3,change,winsor_minmax,subgroup,social_led,73.6842
CO-20,G5,20,revenue,mean3,change,winsor_minmax,subgroup,finance_led,68.4211
CO-20,G5,21,revenue,mean3,change,winsor_minmax,sector,equal,89.4737
CO-20,G5,21,revenue,mean3,change,winsor_minmax,sector,env_led,89.4737
CO-20,G5,21,revenue,mean3,change,winsor_minmax,sector,social_led,89.4737
CO-20,G5,21,revenue,mean3,change,winsor_minmax,sector,finance_led,84.2105
CO-20,G5,22,revenue,mean3,change,log_minmax,subgroup,equal,73.6842
CO-20,G5,22,revenue,mean3,change,log_minmax,subgroup,env_led,73.6842
CO-20,G5,22,revenue,mean3,change,log_minmax,subgroup,social_led,73.6842
CO-20,G5,22,revenue,mean3,change,log_minmax,subgroup,finance_led,63.1579
CO-20,G5,23,revenue,mean3,change,log_minmax,sector,equal,89.4737
CO-20,G5,23,revenue,mean3,change,log_minmax,sector,env_led,89.4737
CO-20,G5,23,revenue,mean3,change,log_minmax,sector,social_led,89.4737
CO-20,G5,23,revenue,mean3,change,log_minmax,sector,finance_led,89.4737
CO-20,G5,24,volume,latest,level,percentile,subgroup,equal,94.7368
CO-20,G5,24,volume,latest,level,percentile,subgroup,env_led,84.2105
CO-20,G5,24,volume,latest,level,percentile,subgroup,social_led,94.7368
CO-20,G5,24,volume,latest,level,percentile,subgroup,finance_led,94.7368
CO-20,G5,25,volume,latest,level,percentile,sector,equal,100.0
CO-20,G5,25,volume,latest,level,percentile,sector,env_led,100.0
CO-20,G5,25,volume,latest,level,percentile,sector,social_led,100.0
CO-20,G5,25,volume,latest,level,percentile,sector,finance_led,100.0
CO-20,G5,26,volume,latest,level,winsor_minmax,subgroup,equal,100.0
CO-20,G5,26,volume,latest,level,winsor_minmax,subgroup,env_led,100.0
CO-20,G5,26,volume,latest,level,winsor_minmax,subgroup,social_led,100.0
CO-20,G5,26,volume,latest,level,winsor_minmax,subgroup,finance_led,94.7368
CO-20,G5,27,volume,latest,level,winsor_minmax,sector,equal,100.0
CO-20,G5,27,volume,latest,level,winsor_minmax,sector,env_led,100.0
CO-20,G5,27,volume,latest,level,winsor_minmax,sector,social_led,100.0
CO-20,G5,27,volume,latest,level,winsor_minmax,sector,finance_led,100.0
CO-20,G5,28,volume,latest,level,log_minmax,subgroup,equal,94.7368
CO-20,G5,28,volume,latest,level,log_minmax,subgroup,env_led,89.4737
CO-20,G5,28,volume,latest,level,log_minmax,subgroup,social_led,100.0
CO-20,G5,28,volume,latest,level,log_minmax,subgroup,finance_led,94.7368
CO-20,G5,29,volume,latest,level,log_minmax,sector,equal,100.0
CO-20,G5,29,volume,latest,level,log_minmax,sector,env_led,100.0
CO-20,G5,29,volume,latest,level,log_minmax,sector,social_led,100.0
CO-20,G5,29,volume,latest,level,log_minmax,sector,finance_led,100.0
CO-20,G5,30,volume,latest,change,percentile,subgroup,equal,89.4737
CO-20,G5,30,volume,latest,change,percentile,subgroup,env_led,78.9474
CO-20,G5,30,volume,latest,change,percentile,subgroup,social_led,89.4737
CO-20,G5,30,volume,latest,change,percentile,subgroup,finance_led,89.4737
CO-20,G5,31,volume,latest,change,percentile,sector,equal,100.0
CO-20,G5,31,volume,latest,change,percentile,sector,env_led,89.4737
CO-20,G5,31,volume,latest,change,percentile,sector,social_led,94.7368
CO-20,G5,31,volume,latest,change,percentile,sector,finance_led,100.0
CO-20,G5,32,volume,latest,change,winsor_minmax,subgroup,equal,89.4737
CO-20,G5,32,volume,latest,change,winsor_minmax,subgroup,env_led,84.2105
CO-20,G5,32,volume,latest,change,winsor_minmax,subgroup,social_led,94.7368
CO-20,G5,32,volume,latest,change,winsor_minmax,subgroup,finance_led,89.4737
CO-20,G5,33,volume,latest,change,winsor_minmax,sector,equal,100.0
CO-20,G5,33,volume,latest,change,winsor_minmax,sector,env_led,100.0
CO-20,G5,33,volume,latest,change,winsor_minmax,sector,social_led,100.0
CO-20,G5,33,volume,latest,change,winsor_minmax,sector,finance_led,100.0
CO-20,G5,34,volume,latest,change,log_minmax,subgroup,equal,73.6842
CO-20,G5,34,volume,latest,change,log_minmax,subgroup,env_led,78.9474
CO-20,G5,34,volume,latest,change,log_minmax,subgroup,social_led,73.6842
CO-20,G5,34,volume,latest,change,log_minmax,subgroup,finance_led,63.1579
CO-20,G5,35,volume,latest,change,log_minmax,sector,equal,89.4737
CO-20,G5,35,volume,latest,change,log_minmax,sector,env_led,89.4737
CO-20,G5,35,volume,latest,change,log_minmax,sector,social_led,89.4737
CO-20,G5,35,volume,latest,change,log_minmax,sector,finance_led,84.2105
CO-20,G5,36,volume,mean3,level,percentile,subgroup,equal,84.2105
CO-20,G5,36,volume,mean3,level,percentile,subgroup,env_led,78.9474
CO-20,G5,36,volume,mean3,level,percentile,subgroup,social_led,84.2105
CO-20,G5,36,volume,mean3,level,percentile,subgroup,finance_led,84.2105
CO-20,G5,37,volume,mean3,level,percentile,sector,equal,94.7368
CO-20,G5,37,volume,mean3,level,percentile,sector,env_led,94.7368
CO-20,G5,37,volume,mean3,level,percentile,sector,social_led,94.7368
CO-20,G5,37,volume,mean3,level,percentile,sector,finance_led,94.7368
CO-20,G5,38,volume,mean3,level,winsor_minmax,subgroup,equal,89.4737
CO-20,G5,38,volume,mean3,level,winsor_minmax,subgroup,env_led,89.4737
CO-20,G5,38,volume,mean3,level,winsor_minmax,subgroup,social_led,89.4737
CO-20,G5,38,volume,mean3,level,winsor_minmax,subgroup,finance_led,94.7368
CO-20,G5,39,volume,mean3,level,winsor_minmax,sector,equal,94.7368
CO-20,G5,39,volume,mean3,level,winsor_minmax,sector,env_led,94.7368
CO-20,G5,39,volume,mean3,level,winsor_minmax,sector,social_led,94.7368
CO-20,G5,39,volume,mean3,level,winsor_minmax,sector,finance_led,89.4737
CO-20,G5,40,volume,mean3,level,log_minmax,subgroup,equal,78.9474
CO-20,G5,40,volume,mean3,level,log_minmax,subgroup,env_led,78.9474
CO-20,G5,40,volume,mean3,level,log_minmax,subgroup,social_led,84.2105
CO-20,G5,40,volume,mean3,level,log_minmax,subgroup,finance_led,78.9474
CO-20,G5,41,volume,mean3,level,log_minmax,sector,equal,94.7368
CO-20,G5,41,volume,mean3,level,log_minmax,sector,env_led,94.7368
CO-20,G5,41,volume,mean3,level,log_minmax,sector,social_led,94.7368
CO-20,G5,41,volume,mean3,level,log_minmax,sector,finance_led,94.7368
CO-20,G5,42,volume,mean3,change,percentile,subgroup,equal,73.6842
CO-20,G5,42,volume,mean3,change,percentile,subgroup,env_led,73.6842
CO-20,G5,42,volume,mean3,change,percentile,subgroup,social_led,73.6842
CO-20,G5,42,volume,mean3,change,percentile,subgroup,finance_led,73.6842
CO-20,G5,43,volume,mean3,change,percentile,sector,equal,89.4737
CO-20,G5,43,volume,mean3,change,percentile,sector,env_led,89.4737
CO-20,G5,43,volume,mean3,change,percentile,sector,social_led,89.4737
CO-20,G5,43,volume,mean3,change,percentile,sector,finance_led,78.9474
CO-20,G5,44,volume,mean3,change,winsor_minmax,subgroup,equal,73.6842
CO-20,G5,44,volume,mean3,change,winsor_minmax,subgroup,env_led,73.6842
CO-20,G5,44,volume,mean3,change,winsor_minmax,subgroup,social_led,73.6842
CO-20,G5,44,volume,mean3,change,winsor_minmax,subgroup,finance_led,68.4211
CO-20,G5,45,volume,mean3,change,winsor_minmax,sector,equal,89.4737
CO-20,G5,45,volume,mean3,change,winsor_minmax,sector,env_led,89.4737
CO-20,G5,45,volume,mean3,change,winsor_minmax,sector,social_led,89.4737
CO-20,G5,45,volume,mean3,change,winsor_minmax,sector,finance_led,84.2105
CO-20,G5,46,volume,mean3,change,log_minmax,subgroup,equal,73.6842
CO-20,G5,46,volume,mean3,change,log_minmax,subgroup,env_led,73.6842
CO-20,G5,46,volume,mean3,change,log_minmax,subgroup,social_led,73.6842
CO-20,G5,46,volume,mean3,change,log_minmax,subgroup,finance_led,68.4211
CO-20,G5,47,volume,mean3,change,log_minmax,sector,equal,89.4737
CO-20,G5,47,volume,mean3,change,log_minmax,sector,env_led,89.4737
CO-20,G5,47,volume,mean3,change,log_minmax,sector,social_led,89.4737
CO-20,G5,47,volume,mean3,change,log_minmax,sector,finance_led,89.4737
CO-20,G5,48,headcount,latest,level,percentile,subgroup,equal,89.4737
CO-20,G5,48,headcount,latest,level,percentile,subgroup,env_led,78.9474
CO-20,G5,48,headcount,latest,level,percentile,subgroup,social_led,94.7368
CO-20,G5,48,headcount,latest,level,percentile,subgroup,finance_led,94.7368
CO-20,G5,49,headcount,latest,level,percentile,sector,equal,100.0
CO-20,G5,49,headcount,latest,level,percentile,sector,env_led,94.7368
CO-20,G5,49,headcount,latest,level,percentile,sector,social_led,100.0
CO-20,G5,49,headcount,latest,level,percentile,sector,finance_led,100.0
CO-20,G5,50,headcount,latest,level,winsor_minmax,subgroup,equal,100.0
CO-20,G5,50,headcount,latest,level,winsor_minmax,subgroup,env_led,100.0
CO-20,G5,50,headcount,latest,level,winsor_minmax,subgroup,social_led,100.0
CO-20,G5,50,headcount,latest,level,winsor_minmax,subgroup,finance_led,94.7368
CO-20,G5,51,headcount,latest,level,winsor_minmax,sector,equal,100.0
CO-20,G5,51,headcount,latest,level,winsor_minmax,sector,env_led,100.0
CO-20,G5,51,headcount,latest,level,winsor_minmax,sector,social_led,100.0
CO-20,G5,51,headcount,latest,level,winsor_minmax,sector,finance_led,100.0
CO-20,G5,52,headcount,latest,level,log_minmax,subgroup,equal,89.4737
CO-20,G5,52,headcount,latest,level,log_minmax,subgroup,env_led,73.6842
CO-20,G5,52,headcount,latest,level,log_minmax,subgroup,social_led,94.7368
CO-20,G5,52,headcount,latest,level,log_minmax,subgroup,finance_led,94.7368
CO-20,G5,53,headcount,latest,level,log_minmax,sector,equal,100.0
CO-20,G5,53,headcount,latest,level,log_minmax,sector,env_led,89.4737
CO-20,G5,53,headcount,latest,level,log_minmax,sector,social_led,100.0
CO-20,G5,53,headcount,latest,level,log_minmax,sector,finance_led,100.0
CO-20,G5,54,headcount,latest,change,percentile,subgroup,equal,89.4737
CO-20,G5,54,headcount,latest,change,percentile,subgroup,env_led,78.9474
CO-20,G5,54,headcount,latest,change,percentile,subgroup,social_led,89.4737
CO-20,G5,54,headcount,latest,change,percentile,subgroup,finance_led,89.4737
CO-20,G5,55,headcount,latest,change,percentile,sector,equal,100.0
CO-20,G5,55,headcount,latest,change,percentile,sector,env_led,89.4737
CO-20,G5,55,headcount,latest,change,percentile,sector,social_led,94.7368
CO-20,G5,55,headcount,latest,change,percentile,sector,finance_led,100.0
CO-20,G5,56,headcount,latest,change,winsor_minmax,subgroup,equal,89.4737
CO-20,G5,56,headcount,latest,change,winsor_minmax,subgroup,env_led,84.2105
CO-20,G5,56,headcount,latest,change,winsor_minmax,subgroup,social_led,89.4737
CO-20,G5,56,headcount,latest,change,winsor_minmax,subgroup,finance_led,89.4737
CO-20,G5,57,headcount,latest,change,winsor_minmax,sector,equal,100.0
CO-20,G5,57,headcount,latest,change,winsor_minmax,sector,env_led,100.0
CO-20,G5,57,headcount,latest,change,winsor_minmax,sector,social_led,100.0
CO-20,G5,57,headcount,latest,change,winsor_minmax,sector,finance_led,100.0
CO-20,G5,58,headcount,latest,change,log_minmax,subgroup,equal,73.6842
CO-20,G5,58,headcount,latest,change,log_minmax,subgroup,env_led,78.9474
CO-20,G5,58,headcount,latest,change,log_minmax,subgroup,social_led,73.6842
CO-20,G5,58,headcount,latest,change,log_minmax,subgroup,finance_led,68.4211
CO-20,G5,59,headcount,latest,change,log_minmax,sector,equal,89.4737
CO-20,G5,59,headcount,latest,change,log_minmax,sector,env_led,89.4737
CO-20,G5,59,headcount,latest,change,log_minmax,sector,social_led,89.4737
CO-20,G5,59,headcount,latest,change,log_minmax,sector,finance_led,89.4737
CO-20,G5,60,headcount,mean3,level,percentile,subgroup,equal,73.6842
CO-20,G5,60,headcount,mean3,level,percentile,subgroup,env_led,73.6842
CO-20,G5,60,headcount,mean3,level,percentile,subgroup,social_led,78.9474
CO-20,G5,60,headcount,mean3,level,percentile,subgroup,finance_led,73.6842
CO-20,G5,61,headcount,mean3,level,percentile,sector,equal,89.4737
CO-20,G5,61,headcount,mean3,level,percentile,sector,env_led,84.2105
CO-20,G5,61,headcount,mean3,level,percentile,sector,social_led,94.7368
CO-20,G5,61,headcount,mean3,level,percentile,sector,finance_led,89.4737
CO-20,G5,62,headcount,mean3,level,winsor_minmax,subgroup,equal,84.2105
CO-20,G5,62,headcount,mean3,level,winsor_minmax,subgroup,env_led,84.2105
CO-20,G5,62,headcount,mean3,level,winsor_minmax,subgroup,social_led,89.4737
CO-20,G5,62,headcount,mean3,level,winsor_minmax,subgroup,finance_led,84.2105
CO-20,G5,63,headcount,mean3,level,winsor_minmax,sector,equal,89.4737
CO-20,G5,63,headcount,mean3,level,winsor_minmax,sector,env_led,89.4737
CO-20,G5,63,headcount,mean3,level,winsor_minmax,sector,social_led,94.7368
CO-20,G5,63,headcount,mean3,level,winsor_minmax,sector,finance_led,68.4211
CO-20,G5,64,headcount,mean3,level,log_minmax,subgroup,equal,78.9474
CO-20,G5,64,headcount,mean3,level,log_minmax,subgroup,env_led,73.6842
CO-20,G5,64,headcount,mean3,level,log_minmax,subgroup,social_led,78.9474
CO-20,G5,64,headcount,mean3,level,log_minmax,subgroup,finance_led,78.9474
CO-20,G5,65,headcount,mean3,level,log_minmax,sector,equal,94.7368
CO-20,G5,65,headcount,mean3,level,log_minmax,sector,env_led,89.4737
CO-20,G5,65,headcount,mean3,level,log_minmax,sector,social_led,94.7368
CO-20,G5,65,headcount,mean3,level,log_minmax,sector,finance_led,94.7368
CO-20,G5,66,headcount,mean3,change,percentile,subgroup,equal,73.6842
CO-20,G5,66,headcount,mean3,change,percentile,subgroup,env_led,73.6842
CO-20,G5,66,headcount,mean3,change,percentile,subgroup,social_led,73.6842
CO-20,G5,66,headcount,mean3,change,percentile,subgroup,finance_led,73.6842
CO-20,G5,67,headcount,mean3,change,percentile,sector,equal,89.4737
CO-20,G5,67,headcount,mean3,change,percentile,sector,env_led,89.4737
CO-20,G5,67,headcount,mean3,change,percentile,sector,social_led,89.4737
CO-20,G5,67,headcount,mean3,change,percentile,sector,finance_led,84.2105
CO-20,G5,68,headcount,mean3,change,winsor_minmax,subgroup,equal,73.6842
CO-20,G5,68,headcount,mean3,change,winsor_minmax,subgroup,env_led,73.6842
CO-20,G5,68,headcount,mean3,change,winsor_minmax,subgroup,social_led,73.6842
CO-20,G5,68,headcount,mean3,change,winsor_minmax,subgroup,finance_led,68.4211
CO-20,G5,69,headcount,mean3,change,winsor_minmax,sector,equal,89.4737
CO-20,G5,69,headcount,mean3,change,winsor_minmax,sector,env_led,89.4737
CO-20,G5,69,headcount,mean3,change,winsor_minmax,sector,social_led,89.4737
CO-20,G5,69,headcount,mean3,change,winsor_minmax,sector,finance_led,84.2105
CO-20,G5,70,headcount,mean3,change,log_minmax,subgroup,equal,73.6842
CO-20,G5,70,headcount,mean3,change,log_minmax,subgroup,env_led,73.6842
CO-20,G5,70,headcount,mean3,change,log_minmax,subgroup,social_led,73.6842
CO-20,G5,70,headcount,mean3,change,log_minmax,subgroup,finance_led,63.1579
CO-20,G5,71,headcount,mean3,change,log_minmax,sector,equal,89.4737
CO-20,G5,71,headcount,mean3,change,log_minmax,sector,env_led,89.4737
CO-20,G5,71,headcount,mean3,change,log_minmax,sector,social_led,89.4737
CO-20,G5,71,headcount,mean3,change,log_minmax,sector,finance_led,89.4737
